Family,Species,MaxSizeTL,Diet,sst_mean,Position,Kmax,Source
Acanthuridae,Acanthurus_achilles,24,HerDet,27.36731015,Benthopelagic,0.378052332,Predicted
Acanthuridae,Acanthurus_albipectoralis,33,Plktiv,26.39789317,Pelagic,0.368791107,Predicted
Acanthuridae,Acanthurus_auranticavus,60.7,HerDet,26.27121115,Benthopelagic,0.155844968,Original
Acanthuridae,Acanthurus_bahianus,52,HerDet,26.13561459,Benthopelagic,0.282354889,Original
Acanthuridae,Acanthurus_bariene,50,HerDet,28.30945269,Benthopelagic,0.203472687,Predicted
Acanthuridae,Acanthurus_blochii,61.5,HerDet,26.27121115,Benthopelagic,0.082224162,Original
Acanthuridae,Acanthurus_chirurgus,42,HerDet,27.68530251,Benthopelagic,0.249687157,Original
Acanthuridae,Acanthurus_chronixis,28,HerDet,29.446275,Benthopelagic,0.443688731,Predicted
Acanthuridae,Acanthurus_coeruleus,45,HerDet,27.68530251,Benthopelagic,0.134461621,Original
Acanthuridae,Acanthurus_dussumieri,54,HerDet,26.27121115,Benthopelagic,0.168954875,Original
Acanthuridae,Acanthurus_fowleri,45,HerDet,28.83221922,Benthopelagic,0.22365787,Predicted
Acanthuridae,Acanthurus_gahhm,40,HerDet,27.61984,Benthopelagic,0.208559795,Predicted
Acanthuridae,Acanthurus_grammoptilus,35,HerDet,26.96146264,Benthopelagic,0.279705457,Predicted
Acanthuridae,Acanthurus_guttatus,26,HerDet,27.8612147,Benthopelagic,0.899957564,Predicted
Acanthuridae,Acanthurus_japonicus,21,HerDet,27.78240876,Benthopelagic,0.411879887,Predicted
Acanthuridae,Acanthurus_leucocheilus,45,HerDet,28.566277,Benthopelagic,0.214215456,Predicted
Acanthuridae,Acanthurus_leucopareius,25,HerDet,25.72528964,Benthopelagic,0.473567185,Predicted
Acanthuridae,Acanthurus_leucosternon,54,HerDet,28.85118227,Benthopelagic,0.157124394,Original
Acanthuridae,Acanthurus_lineatus,38,HerDet,28.67057638,Benthopelagic,0.237248246,Original
Acanthuridae,Acanthurus_maculiceps,57.9,HerDet,28.40842353,Benthopelagic,0.194386464,Predicted
Acanthuridae,Acanthurus_mata,50,Plktiv,26.27121115,Pelagic,0.226838798,Original
Acanthuridae,Acanthurus_monroviae,45,HerDet,24.69507448,Benthopelagic,0.169844138,Predicted
Acanthuridae,Acanthurus_nigricans,21.3,HerDet,26.27121115,Benthopelagic,0.336656302,Original
Acanthuridae,Acanthurus_nigricauda,40,HerDet,28.85118227,Benthopelagic,0.195243356,Original
Acanthuridae,Acanthurus_nigrofuscus,21,HerDet,29.30946958,Benthopelagic,0.404604221,Original
Acanthuridae,Acanthurus_nigroris,25,HerDet,24.87779592,Benthopelagic,0.313657235,Predicted
Acanthuridae,Acanthurus_nubilus,26,Plktiv,28.06516975,Pelagic,0.77338559,Predicted
Acanthuridae,Acanthurus_olivaceus,35,HerDet,26.55509329,Benthopelagic,0.653611187,Original
Acanthuridae,Acanthurus_polyzona,11,HerDet,26.4359359,Benthopelagic,1.086104878,Predicted
Acanthuridae,Acanthurus_pyroferus,25,HerDet,26.27121115,Benthopelagic,0.246764369,Original
Acanthuridae,Acanthurus_reversus,34,HerDet,27.983075,Benthopelagic,0.411956483,Predicted
Acanthuridae,Acanthurus_sohal,40,HerDet,27.26129304,Benthopelagic,0.273529319,Predicted
Acanthuridae,Acanthurus_tennentii,31,HerDet,27.68948196,Benthopelagic,0.415020865,Predicted
Acanthuridae,Acanthurus_thompsoni,27,Plktiv,27.76519065,Pelagic,0.674331385,Predicted
Acanthuridae,Acanthurus_tractus,52,HerDet,27.68530251,Benthopelagic,0.14971402,Original
Acanthuridae,Acanthurus_triostegus,27,HerDet,25.29930276,Benthopelagic,0.441794488,Original
Acanthuridae,Acanthurus_tristis,25,HerDet,28.70094195,Benthopelagic,0.407204745,Predicted
Acanthuridae,Acanthurus_xanthopterus,70,HerDet,26.27121115,Benthopelagic,0.199403662,Original
Acanthuridae,Ctenochaetus_binotatus,22,HerDet,27.79642906,Benthopelagic,0.404433022,Predicted
Acanthuridae,Ctenochaetus_cyanocheilus,19,HerDet,28.32190383,Benthopelagic,0.485963013,Predicted
Acanthuridae,Ctenochaetus_flavicauda,16,HerDet,27.22274409,Benthopelagic,0.290507656,Predicted
Acanthuridae,Ctenochaetus_hawaiiensis,25,HerDet,27.66954224,Benthopelagic,0.413790554,Predicted
Acanthuridae,Ctenochaetus_marginatus,27,HerDet,27.9289945,Benthopelagic,0.760248159,Predicted
Acanthuridae,Ctenochaetus_striatus,26,HerDet,27.72629095,Benthopelagic,0.461087633,Original
Acanthuridae,Ctenochaetus_strigosus,18.6,HerDet,28.85118227,Benthopelagic,0.516950231,Original
Acanthuridae,Ctenochaetus_tominiensis,16,HerDet,28.56054776,Benthopelagic,0.480039252,Predicted
Acanthuridae,Ctenochaetus_truncatus,16,HerDet,27.57339761,Benthopelagic,0.391187022,Predicted
Acanthuridae,Naso_annulatus,100,Omnivr,26.27121115,Pelagic,0.103226877,Original
Acanthuridae,Naso_brachycentron,105.1,HerMac,26.27121115,Benthopelagic,0.093104941,Original
Acanthuridae,Naso_brevirostris,60,Plktiv,26.27121115,Pelagic,0.101262618,Original
Acanthuridae,Naso_caeruleacauda,40,Plktiv,28.66798596,Pelagic,0.258138164,Predicted
Acanthuridae,Naso_caesius,51.9,Plktiv,27.38217128,Pelagic,0.216872733,Predicted
Acanthuridae,Naso_elegans,45,HerDet,27.68123631,Benthopelagic,0.204126854,Predicted
Acanthuridae,Naso_fageni,80,Plktiv,27.60243915,Pelagic,0.122880926,Predicted
Acanthuridae,Naso_hexacanthus,79.2,Plktiv,26.27121115,Pelagic,0.126966083,Original
Acanthuridae,Naso_lituratus,60,HerMac,29.19970699,Benthopelagic,0.141627861,Original
Acanthuridae,Naso_lopezi,69.1,Plktiv,28.14213723,Pelagic,0.124205852,Predicted
Acanthuridae,Naso_maculatus,60,Plktiv,24.80571533,Pelagic,0.15239929,Predicted
Acanthuridae,Naso_mcdadei,75,Plktiv,28.11870384,Pelagic,0.127454612,Predicted
Acanthuridae,Naso_minor,30,Plktiv,28.4803625,Pelagic,1.103524142,Predicted
Acanthuridae,Naso_reticulatus,49,Plktiv,27.59524737,Pelagic,0.181846129,Predicted
Acanthuridae,Naso_thynnoides,40,Plktiv,28.06487391,Pelagic,0.251351493,Predicted
Acanthuridae,Naso_tonganus,65.7,HerMac,27.91587941,Benthopelagic,0.181386857,Predicted
Acanthuridae,Naso_tuberosus,65.3,HerMac,26.27121115,Benthopelagic,0.233825887,Original
Acanthuridae,Naso_unicornis,73.6,HerMac,29.19970699,Benthopelagic,0.148477237,Original
Acanthuridae,Naso_vlamingii,60,Plktiv,26.27121115,Pelagic,0.141656531,Original
Acanthuridae,Paracanthurus_hepatus,31,Plktiv,27.92821946,Pelagic,0.623978255,Predicted
Acanthuridae,Prionurus_biafraensis,20,HerDet,26.70638095,Benthopelagic,0.445710998,Predicted
Acanthuridae,Prionurus_chrysurus,30,HerDet,28.36188182,Benthopelagic,0.618987008,Predicted
Acanthuridae,Prionurus_laticlavius,60,HerDet,26.30673596,Benthopelagic,0.143526327,Predicted
Acanthuridae,Prionurus_maculatus,45,HerDet,22.32251515,Benthopelagic,0.166260293,Predicted
Acanthuridae,Prionurus_microlepidotus,70,HerDet,23.39826098,Benthopelagic,0.154331968,Predicted
Acanthuridae,Prionurus_punctatus,60,HerDet,26.66510182,Benthopelagic,0.159859998,Predicted
Acanthuridae,Prionurus_scalprum,50,HerDet,22.88652562,Benthopelagic,0.210237699,Predicted
Acanthuridae,Zebrasoma_desjardinii,40,HerDet,27.68970633,Benthopelagic,0.270840095,Predicted
Acanthuridae,Zebrasoma_flavescens,20,HerDet,25.52591038,Benthopelagic,0.182457906,Original
Acanthuridae,Zebrasoma_gemmatum,22,HerDet,26.04082717,Benthopelagic,0.435085609,Predicted
Acanthuridae,Zebrasoma_rostratum,21,HerDet,27.48809562,Benthopelagic,0.401620109,Predicted
Acanthuridae,Zebrasoma_scopas,23.3,HerDet,26.27121115,Benthopelagic,0.167179961,Original
Acanthuridae,Zebrasoma_velifer,47.6,HerDet,26.27121115,Benthopelagic,0.065219016,Original
Acanthuridae,Zebrasoma_xanthurum,36.7,HerDet,27.5214526,Benthopelagic,0.287689266,Predicted
Albulidae,Albula_argentea,70,InvMob,27.16973337,Benthic,0.157785646,Predicted
Albulidae,Albula_esuncula,32,InvMob,24.13539247,Benthic,0.26475526,Predicted
Albulidae,Albula_glossodonta,90,InvMob,28.09847229,Benthic,0.075954867,Predicted
Albulidae,Albula_oligolepis,35.4,InvMob,27.46165065,Benthic,0.255317423,Predicted
Albulidae,Albula_virgata,32.2,InvMob,25.33650526,Benthic,0.302927261,Predicted
Albulidae,Albula_vulpes,104,InvMob,27.45264115,Benthopelagic,0.075425968,Predicted
Antennariidae,Antennarius_biocellatus,14,FisCep,28.74370153,Benthic,0.499951992,Predicted
Antennariidae,Antennarius_commerson,45,FisCep,27.72374697,Benthic,0.195865256,Predicted
Antennariidae,Antennarius_hispidus,20,FisCep,27.86968453,Benthic,0.768245381,Predicted
Antennariidae,Antennarius_indicus,23,FisCep,27.80287787,Benthic,0.477795466,Predicted
Antennariidae,Antennarius_maculatus,15,FisCep,27.96544595,Benthic,0.498312724,Predicted
Antennariidae,Antennarius_multiocellatus,20,FisCep,27.72346133,Benthic,0.637670467,Predicted
Antennariidae,Antennarius_pardalis,10.2,FisCep,27.3197898,Benthic,0.559797031,Predicted
Antennariidae,Antennarius_pauciradiatus,6.3,FisCep,27.05657685,Benthic,1.800658093,Predicted
Antennariidae,Antennarius_pictus,30,FisCep,27.88683964,Benthic,0.655221749,Predicted
Antennariidae,Antennarius_randalli,8,FisCep,27.81406614,Benthic,1.636965993,Predicted
Antennariidae,Antennarius_striatus,25,FisCep,26.6352795,Benthic,0.429962759,Predicted
Antennariidae,Antennatus_analis,7.8,FisCep,28.54310151,Benthic,1.847068507,Predicted
Antennariidae,Antennatus_bermudensis,7.6,FisCep,27.1342,Benthic,1.559471441,Predicted
Antennariidae,Antennatus_coccineus,13,FisCep,27.6216232,Benthic,0.650898054,Predicted
Antennariidae,Antennatus_dorehensis,14,FisCep,28.18780796,Benthic,0.57460381,Predicted
Antennariidae,Antennatus_duescus,3,FisCep,27.70006179,Benthic,8.909321026,Predicted
Antennariidae,Antennatus_linearis,7.5,FisCep,27.1177905,Benthic,1.530463533,Predicted
Antennariidae,Antennatus_nummifer,13,FisCep,27.45963367,Benthic,0.551903365,Predicted
Antennariidae,Antennatus_rosaceus,5.8,FisCep,27.92016655,Benthic,2.60736627,Predicted
Antennariidae,Antennatus_sanguineus,8.2,FisCep,26.70354462,Benthic,1.97691471,Predicted
Antennariidae,Antennatus_strigatus,8,FisCep,27.01687377,Benthic,1.437425481,Predicted
Antennariidae,Antennatus_tuberosus,9,FisCep,27.8181664,Benthic,0.623351783,Predicted
Antennariidae,Echinophryne_crassispina,7,FisCep,15.43633846,Benthic,0.631024279,Predicted
Antennariidae,Echinophryne_reynoldsi,8,FisCep,16.49526667,Benthic,0.580024015,Predicted
Antennariidae,Fowlerichthys_avalonis,33,FisCep,25.25021075,Benthic,0.320404414,Predicted
Antennariidae,Fowlerichthys_ocellatus,38,FisCep,26.9284549,Benthic,0.176964707,Predicted
Antennariidae,Fowlerichthys_radiosus,7.6,FisCep,26.15797353,Benthic,2.723460872,Predicted
Antennariidae,Fowlerichthys_scriptissimus,28,FisCep,26.39524426,Benthic,0.506513521,Predicted
Antennariidae,Fowlerichthys_senegalensis,28.5,FisCep,27.12511034,Benthic,0.619048537,Predicted
Antennariidae,Histiophryne_bougainvilli,9,FisCep,22.05006436,Benthic,0.342091831,Predicted
Antennariidae,Histiophryne_cryptacanthus,9.6,FisCep,25.99042468,Benthic,1.183556117,Predicted
Antennariidae,Histrio_histrio,20,FisCep,26.99882797,Benthic,0.459817233,Predicted
Antennariidae,Lophiocharon_lithinostomus,9.1,FisCep,28.73967064,Benthic,0.539151893,Predicted
Antennariidae,Lophiocharon_trisignatus,14.7,FisCep,28.52189009,Benthic,0.611614121,Predicted
Antennariidae,Rhycherus_filamentosus,23,FisCep,15.81931429,Benthic,0.168503645,Predicted
Antennariidae,Rhycherus_gloveri,16,FisCep,18.00931,Benthic,0.294427219,Predicted
Antennariidae,Tathicarpus_butleri,14,FisCep,27.39958623,Benthic,0.303041648,Predicted
Aplodactylidae,Aplodactylus_arctidens,65,HerMac,16.03864,Benthic,0.128756645,Predicted
Aplodactylidae,Aplodactylus_etheridgii,45,HerMac,19.91536842,Benthic,0.196932311,Predicted
Aplodactylidae,Aplodactylus_westralis,34.7,HerMac,18.34623333,Benthic,0.151084339,Predicted
Apogonidae,Amioides_polyacanthus,22,InvMob,27.57165059,Benthopelagic,0.469649875,Predicted
Apogonidae,Apogon_americanus,10.1,Plktiv,26.95285525,Benthopelagic,0.679046095,Predicted
Apogonidae,Apogon_atradorsatus,8.9,Plktiv,26.28906889,Benthopelagic,0.898844122,Predicted
Apogonidae,Apogon_atricaudus,8,Plktiv,24.8678587,Benthopelagic,1.816748302,Predicted
Apogonidae,Apogon_aurolineatus,6.5,Plktiv,26.77965541,Benthopelagic,2.584952635,Predicted
Apogonidae,Apogon_binotatus,13,Plktiv,27.28933133,Benthopelagic,0.482954875,Predicted
Apogonidae,Apogon_campbelli,3.86,Plktiv,27.18425517,Benthopelagic,6.572134701,Predicted
Apogonidae,Apogon_caudicinctus,6.43,Plktiv,28.00303232,Benthopelagic,2.093633031,Predicted
Apogonidae,Apogon_coccineus,6,InvMob,27.72681207,Benthopelagic,2.721031904,Predicted
Apogonidae,Apogon_crassiceps,5,InvMob,27.66657991,Benthopelagic,2.707199583,Predicted
Apogonidae,Apogon_dammermani,6,Plktiv,28.42398139,Benthopelagic,2.631420054,Predicted
Apogonidae,Apogon_deetsie,5.09,Plktiv,26.76471224,Benthopelagic,2.938768588,Predicted
Apogonidae,Apogon_dhofar,14,Plktiv,27.0517,Benthopelagic,0.343255907,Predicted
Apogonidae,Apogon_dianthus,4.8,Plktiv,28.2414855,Benthopelagic,2.527528917,Predicted
Apogonidae,Apogon_doryssa,8,InvMob,27.87997611,Benthopelagic,1.936559744,Predicted
Apogonidae,Apogon_dovii,7.5,Plktiv,26.09143913,Benthopelagic,3.053386192,Predicted
Apogonidae,Apogon_erythrinus,4.01,InvMob,26.22226259,Benthopelagic,8.107903752,Predicted
Apogonidae,Apogon_erythrosoma,3.76,InvMob,27.56606351,Benthopelagic,7.902531829,Predicted
Apogonidae,Apogon_gouldi,6.55,Plktiv,27.01413571,Benthopelagic,1.951292297,Predicted
Apogonidae,Apogon_guadalupensis,13,Plktiv,24.34595526,Benthopelagic,0.753709543,Predicted
Apogonidae,Apogon_imberbis,18.5,Plktiv,18.47503246,Benthopelagic,0.552264419,Original
Apogonidae,Apogon_indicus,3.79,Plktiv,27.94151106,Benthopelagic,8.579734199,Predicted
Apogonidae,Apogon_lachneri,6.5,Plktiv,27.31502913,Benthopelagic,1.814441764,Predicted
Apogonidae,Apogon_lativittatus,5.84,Plktiv,28.05342857,Benthopelagic,1.982551216,Predicted
Apogonidae,Apogon_leptocaulus,6,Plktiv,27.06220299,Benthopelagic,2.195569098,Predicted
Apogonidae,Apogon_maculatus,11.1,Plktiv,26.79802408,Benthopelagic,0.763363315,Predicted
Apogonidae,Apogon_mosavi,7,Plktiv,27.34278333,Benthopelagic,1.716188797,Predicted
Apogonidae,Apogon_nitidus,8,Plktiv,27.70934289,Benthopelagic,2.139775353,Predicted
Apogonidae,Apogon_pacificus,10,Plktiv,25.92848615,Benthopelagic,1.129987012,Predicted
Apogonidae,Apogon_phenax,7.5,Plktiv,27.38236404,Benthopelagic,1.66992458,Predicted
Apogonidae,Apogon_pillionatus,6.5,Plktiv,27.40645977,Benthopelagic,1.73370556,Predicted
Apogonidae,Apogon_planifrons,10.5,Plktiv,27.27620822,Benthopelagic,0.609742517,Predicted
Apogonidae,Apogon_posterofasciatus,6,Plktiv,28.5137146,Benthopelagic,2.629941882,Predicted
Apogonidae,Apogon_pseudomaculatus,11,Plktiv,26.3870959,Benthopelagic,1.170688395,Predicted
Apogonidae,Apogon_quadrisquamatus,7,Plktiv,27.15338416,Benthopelagic,1.928130738,Predicted
Apogonidae,Apogon_retrosella,10,Plktiv,25.37619841,Benthopelagic,0.791205295,Predicted
Apogonidae,Apogon_robbyi,3.59,Plktiv,27.71512613,Benthopelagic,9.453031149,Predicted
Apogonidae,Apogon_robinsi,10.1,Plktiv,27.3886422,Benthopelagic,0.586574956,Predicted
Apogonidae,Apogon_rubellus,8,Plktiv,27.73075616,Benthopelagic,2.05980287,Predicted
Apogonidae,Apogon_seminigracaudus,5,Plktiv,27.91760965,Benthopelagic,2.936402517,Predicted
Apogonidae,Apogon_semiornatus,7.5,Plktiv,27.48823193,Benthopelagic,2.031612451,Predicted
Apogonidae,Apogon_susanae,3.95,Plktiv,27.52488475,Benthopelagic,6.818377477,Predicted
Apogonidae,Apogon_talboti,14,Plktiv,27.95635888,Benthopelagic,0.440603241,Predicted
Apogonidae,Apogon_townsendi,6.5,Plktiv,27.18660309,Benthopelagic,1.787367699,Predicted
Apogonidae,Apogon_unicolor,14,Plktiv,27.82581193,Benthopelagic,0.597457431,Predicted
Apogonidae,Apogon_unitaeniatus,6,Plktiv,27.64165273,Benthopelagic,2.732874775,Predicted
Apogonidae,Apogonichthyoides_atripes,9,Plktiv,26.09667692,Benthopelagic,0.940019708,Predicted
Apogonidae,Apogonichthyoides_brevicaudatus,19.5,Plktiv,28.05515966,Benthopelagic,0.46453036,Predicted
Apogonidae,Apogonichthyoides_cathetogramma,12,InvMob,26.63971019,Benthopelagic,1.129186372,Predicted
Apogonidae,Apogonichthyoides_chrysurus,4,Plktiv,26.92502845,Benthopelagic,6.79089992,Predicted
Apogonidae,Apogonichthyoides_gardineri,4.4,Plktiv,27.40571765,Benthopelagic,2.307381326,Predicted
Apogonidae,Apogonichthyoides_heptastygma,3.3,Plktiv,28.27466744,Benthopelagic,7.983521603,Predicted
Apogonidae,Apogonichthyoides_melas,10,InvMob,28.51567625,Benthopelagic,0.799598065,Predicted
Apogonidae,Apogonichthyoides_niger,8,Plktiv,27.51175111,Benthopelagic,1.838575624,Predicted
Apogonidae,Apogonichthyoides_nigripinnis,10,InvMob,27.59916926,Benthopelagic,0.76805309,Predicted
Apogonidae,Apogonichthyoides_opercularis,7,Plktiv,27.85927048,Benthopelagic,2.611676413,Predicted
Apogonidae,Apogonichthyoides_pseudotaeniatus,14,Plktiv,27.75642227,Benthopelagic,0.47802342,Predicted
Apogonidae,Apogonichthyoides_regani,4.8,Plktiv,27.67715909,Benthopelagic,2.921347985,Predicted
Apogonidae,Apogonichthyoides_sialis,14,Plktiv,27.20011532,Benthopelagic,0.304190206,Predicted
Apogonidae,Apogonichthyoides_taeniatus,17,InvMob,27.35523836,Benthopelagic,0.420581499,Predicted
Apogonidae,Apogonichthyoides_timorensis,9,Plktiv,27.66249337,Benthopelagic,0.575502539,Predicted
Apogonidae,Apogonichthyoides_umbratilis,4.1,Plktiv,28.04838127,Benthopelagic,3.285397475,Predicted
Apogonidae,Apogonichthyoides_uninotatus,5.5,InvMob,28.8350381,Benthopelagic,2.623270988,Predicted
Apogonidae,Apogonichthys_ocellatus,6,Plktiv,27.90450411,Benthopelagic,2.573659137,Predicted
Apogonidae,Apogonichthys_perdix,6,Plktiv,27.87680626,Benthopelagic,2.971624414,Predicted
Apogonidae,Archamia_bleekeri,10,Plktiv,27.91611542,Benthopelagic,0.864906086,Predicted
Apogonidae,Astrapogon_alutus,6.5,Plktiv,26.93079141,Benthopelagic,2.333322871,Predicted
Apogonidae,Astrapogon_puncticulatus,8,Plktiv,27.31689425,Benthopelagic,1.500086974,Predicted
Apogonidae,Astrapogon_stellatus,8,InvMob,27.22947692,Benthopelagic,1.37730355,Predicted
Apogonidae,Cercamia_cladara,4.5,Plktiv,27.68292255,Benthopelagic,3.295552022,Predicted
Apogonidae,Cercamia_eremia,5,InvMob,27.69333845,Benthic,2.609445158,Predicted
Apogonidae,Cheilodipterus_alleni,10.4,FisCep,28.77557622,Benthopelagic,0.923324318,Predicted
Apogonidae,Cheilodipterus_arabicus,18,FisCep,27.54958401,Benthopelagic,0.510796805,Predicted
Apogonidae,Cheilodipterus_artus,23.8,FisCep,28.06346474,Benthopelagic,0.464398393,Predicted
Apogonidae,Cheilodipterus_intermedius,24.8,FisCep,27.91808008,Benthopelagic,0.580287837,Predicted
Apogonidae,Cheilodipterus_isostigmus,11,InvMob,28.75978216,Benthopelagic,0.636032988,Predicted
Apogonidae,Cheilodipterus_lachneri,12,FisCep,27.62821523,Benthopelagic,0.889866992,Predicted
Apogonidae,Cheilodipterus_macrodon,25,FisCep,27.8479318,Benthopelagic,0.64988762,Predicted
Apogonidae,Cheilodipterus_nigrotaeniatus,10,FisCep,28.64471642,Benthopelagic,0.755612886,Predicted
Apogonidae,Cheilodipterus_novemstriatus,8,FisCep,27.47612577,Benthopelagic,1.740467308,Predicted
Apogonidae,Cheilodipterus_parazonatus,6.1,FisCep,28.1442,Benthopelagic,2.885313497,Predicted
Apogonidae,Cheilodipterus_persicus,15,FisCep,27.58726381,Benthopelagic,0.503392341,Predicted
Apogonidae,Cheilodipterus_pygmaios,10,FisCep,27.75697568,Benthic,0.797411381,Predicted
Apogonidae,Cheilodipterus_quinquelineatus,13,InvMob,27.89259718,Benthopelagic,0.694316681,Predicted
Apogonidae,Cheilodipterus_singapurensis,18,FisCep,28.73553549,Benthopelagic,0.466304044,Predicted
Apogonidae,Cheilodipterus_zonatus,8,FisCep,28.88475973,Benthopelagic,2.214409471,Predicted
Apogonidae,Fibramia_amboinensis,7,InvMob,28.16766146,Benthic,2.107348491,Predicted
Apogonidae,Fibramia_lateralis,11,Plktiv,28.16178956,Benthic,0.697597896,Predicted
Apogonidae,Fibramia_thermalis,8.5,InvMob,27.89784298,Benthic,0.509789586,Predicted
Apogonidae,Foa_albimaculosa,10,InvMob,27.78125045,Benthic,0.791535363,Predicted
Apogonidae,Foa_brachygramma,6.4,InvMob,27.59748611,Benthic,2.020623116,Predicted
Apogonidae,Foa_fo,3.5,InvMob,27.46930725,Benthic,7.250669711,Predicted
Apogonidae,Foa_hyalina,3,InvMob,28.58626864,Benthic,7.022131963,Predicted
Apogonidae,Foa_leisi,3.8,InvMob,26.88213696,Benthic,6.981742419,Predicted
Apogonidae,Foa_nivosa,2.9,InvMob,28.24846341,Benthic,7.14316848,Predicted
Apogonidae,Fowleria_aurita,9,InvMob,27.75179802,Benthic,0.557257454,Predicted
Apogonidae,Fowleria_flammea,3.08,InvMob,28.22706146,Benthic,7.249985804,Predicted
Apogonidae,Fowleria_isostigma,7,InvMob,28.23132233,Benthic,1.750193651,Predicted
Apogonidae,Fowleria_marmorata,7.5,InvMob,28.06677237,Benthic,1.43974733,Predicted
Apogonidae,Fowleria_punctulata,9,InvMob,27.67257905,Benthic,0.570529657,Predicted
Apogonidae,Fowleria_vaiulae,5,InvMob,27.72858899,Benthic,2.59300829,Predicted
Apogonidae,Fowleria_variegata,8,InvMob,27.92952273,Benthic,1.692915281,Predicted
Apogonidae,Gymnapogon_africanus,5,Plktiv,27.22061545,Benthopelagic,2.133062396,Predicted
Apogonidae,Gymnapogon_annona,5,Plktiv,28.00825066,Benthopelagic,2.334444559,Predicted
Apogonidae,Gymnapogon_japonicus,5,Plktiv,24.5899732,Benthopelagic,2.377999718,Predicted
Apogonidae,Gymnapogon_philippinus,5,Plktiv,28.09763384,Benthopelagic,3.146340327,Predicted
Apogonidae,Gymnapogon_urospilotus,2.7,Plktiv,28.47934063,Benthopelagic,8.679152918,Predicted
Apogonidae,Gymnapogon_vanderbilti,1.87,Plktiv,27.84624762,Benthopelagic,12.05514092,Predicted
Apogonidae,Holapogon_maximus,25,InvMob,27.4795575,Benthic,0.357333875,Predicted
Apogonidae,Jaydia_argyrogaster,6,Plktiv,27.79962231,Benthic,2.278198942,Predicted
Apogonidae,Jaydia_carinatus,15,Plktiv,27.35997132,Benthic,0.362704583,Predicted
Apogonidae,Jaydia_ellioti,16,Plktiv,28.0370749,Benthic,0.362712009,Predicted
Apogonidae,Jaydia_erythrophthalma,5.05,Plktiv,28.71283509,Benthic,2.602770312,Predicted
Apogonidae,Jaydia_lineata,9,Plktiv,27.10254561,Benthic,0.41948997,Predicted
Apogonidae,Jaydia_melanopus,11,Plktiv,27.89237443,Benthic,0.635210951,Predicted
Apogonidae,Jaydia_novaeguineae,8.9,Plktiv,28.15663586,Benthic,0.569794364,Predicted
Apogonidae,Jaydia_photogaster,6,Plktiv,29.00209655,Benthic,2.961903282,Predicted
Apogonidae,Jaydia_queketti,12.3,Plktiv,27.33535879,Benthic,0.622398887,Predicted
Apogonidae,Jaydia_smithi,10,Plktiv,27.90391631,Benthic,0.75275419,Predicted
Apogonidae,Jaydia_striata,5.5,Plktiv,28.28760481,Benthic,2.333239607,Predicted
Apogonidae,Jaydia_truncata,15,Plktiv,27.63305176,Benthic,0.487149933,Predicted
Apogonidae,Lachneratus_phasmaticus,7.36,Plktiv,27.03277064,Benthopelagic,1.776460587,Predicted
Apogonidae,Lepidamia_kalosoma,14,Plktiv,28.93877025,Benthic,0.640674575,Predicted
Apogonidae,Lepidamia_multitaeniata,18,Plktiv,27.56268091,Benthic,0.513586578,Predicted
Apogonidae,Lepidamia_natalensis,19,Plktiv,26.93898113,Benthic,0.438839239,Predicted
Apogonidae,Lepidamia_omanensis,15.5,Plktiv,26.52834,Benthic,0.540712071,Predicted
Apogonidae,Neamia_articycla,3.55,InvMob,28.25982324,Benthic,6.967651189,Predicted
Apogonidae,Neamia_notula,4.5,InvMob,27.69819559,Benthic,2.973510913,Predicted
Apogonidae,Neamia_octospina,7,InvMob,27.87564091,Benthic,2.147300079,Predicted
Apogonidae,Nectamia_annularis,7,Plktiv,28.34565238,Benthopelagic,1.839731612,Predicted
Apogonidae,Nectamia_bandanensis,10,Plktiv,28.24634638,Benthopelagic,0.740736513,Predicted
Apogonidae,Nectamia_fusca,11.2,Plktiv,28.24756256,Benthopelagic,0.606202701,Predicted
Apogonidae,Nectamia_ignitops,7.9,Plktiv,28.76702444,Benthopelagic,2.008474125,Predicted
Apogonidae,Nectamia_luxuria,7.7,Plktiv,28.34899959,Benthopelagic,1.646402183,Predicted
Apogonidae,Nectamia_savayensis,10,Plktiv,27.61768042,Benthic,0.742432064,Predicted
Apogonidae,Nectamia_similis,6.3,Plktiv,28.72751856,Benthic,2.202755922,Predicted
Apogonidae,Nectamia_viria,7.2,Plktiv,28.3960217,Benthic,2.328365861,Predicted
Apogonidae,Nectamia_zebrinus,7.4,Plktiv,28.12663778,Benthic,2.078127731,Predicted
Apogonidae,Ostorhinchus_angustatus,11,InvMob,27.96703955,Benthopelagic,0.607019111,Predicted
Apogonidae,Ostorhinchus_apogonoides,10,Plktiv,27.69560334,Benthopelagic,0.90983265,Predicted
Apogonidae,Ostorhinchus_atrogaster,5.9,Plktiv,27.16931869,Benthic,1.963497839,Predicted
Apogonidae,Ostorhinchus_aureus,14.5,InvMob,27.74995697,Benthopelagic,0.539845615,Predicted
Apogonidae,Ostorhinchus_bryx,6.3,InvMob,28.21370104,Benthopelagic,2.192077431,Predicted
Apogonidae,Ostorhinchus_capricornis,5.76,Plktiv,26.47540492,Benthic,2.712515455,Predicted
Apogonidae,Ostorhinchus_cavitensis,7.5,Plktiv,27.76978345,Benthic,1.917936486,Predicted
Apogonidae,Ostorhinchus_cheni,13,Plktiv,23.5292,Benthic,0.505165067,Predicted
Apogonidae,Ostorhinchus_chrysopomus,10,Plktiv,28.28429977,Benthic,0.734448543,Predicted
Apogonidae,Ostorhinchus_chrysotaenia,12,Plktiv,27.65946971,Benthic,0.88197704,Predicted
Apogonidae,Ostorhinchus_cladophilos,6,Plktiv,27.84555133,Benthic,2.87167629,Predicted
Apogonidae,Ostorhinchus_compressus,12,InvMob,28.40393616,Benthopelagic,0.979680046,Predicted
Apogonidae,Ostorhinchus_cookii,10,InvMob,27.48107131,Benthopelagic,0.720456851,Predicted
Apogonidae,Ostorhinchus_cyanosoma,8,Plktiv,24.33595976,Benthopelagic,4.07003351,Original
Apogonidae,Ostorhinchus_dispar,5,Plktiv,28.78234453,Benthopelagic,2.853939633,Predicted
Apogonidae,Ostorhinchus_doederleini,12,InvMob,24.87100319,Benthopelagic,1.572176134,Original
Apogonidae,Ostorhinchus_endekataenia,14,InvMob,27.22877667,Benthopelagic,0.336056687,Predicted
Apogonidae,Ostorhinchus_fasciatus,12.6,InvMob,27.79072777,Benthopelagic,0.787441942,Predicted
Apogonidae,Ostorhinchus_flagelliferus,13,Plktiv,26.36807308,Benthopelagic,1.023328101,Predicted
Apogonidae,Ostorhinchus_flavus,9.59,Plktiv,24.46689074,Benthic,0.759511684,Predicted
Apogonidae,Ostorhinchus_fleurieu,12.5,Plktiv,27.75614784,Benthic,0.768143279,Predicted
Apogonidae,Ostorhinchus_franssedai,7.5,Plktiv,28.53889706,Benthic,1.862329879,Predicted
Apogonidae,Ostorhinchus_griffini,13.5,Plktiv,28.79244752,Benthic,0.730838833,Predicted
Apogonidae,Ostorhinchus_gularis,6.6,Plktiv,28.08923642,Benthic,2.435944769,Predicted
Apogonidae,Ostorhinchus_hartzfeldii,12,Plktiv,28.63919364,Benthic,0.776958948,Predicted
Apogonidae,Ostorhinchus_hoevenii,6,Plktiv,28.06375269,Benthic,2.132030561,Predicted
Apogonidae,Ostorhinchus_holotaenia,8,Plktiv,27.92797958,Benthopelagic,1.958757426,Predicted
Apogonidae,Ostorhinchus_jenkinsi,8.7,Plktiv,28.04470787,Benthic,0.354973375,Predicted
Apogonidae,Ostorhinchus_kiensis,8,Plktiv,23.2281625,Benthic,0.864889013,Predicted
Apogonidae,Ostorhinchus_komodoensis,10,Plktiv,28.73181284,Benthic,0.847318113,Predicted
Apogonidae,Ostorhinchus_leptofasciatus,5,Plktiv,28.61243239,Benthic,2.380088436,Predicted
Apogonidae,Ostorhinchus_limenus,14,Plktiv,25.56076283,Benthic,0.504915649,Predicted
Apogonidae,Ostorhinchus_luteus,5.609056046,Plktiv,28.87535057,Benthopelagic,3.112030584,Predicted
Apogonidae,Ostorhinchus_maculiferus,14,InvMob,24.96004375,Benthic,0.375323693,Predicted
Apogonidae,Ostorhinchus_margaritophorus,6.5,Plktiv,28.40668043,Benthic,2.449273399,Predicted
Apogonidae,Ostorhinchus_melanoproctus,4,Plktiv,28.76859283,Benthic,6.826702621,Predicted
Apogonidae,Ostorhinchus_moluccensis,9,Plktiv,28.16047516,Benthic,0.568667265,Predicted
Apogonidae,Ostorhinchus_monospilus,7.8,Plktiv,28.07597059,Benthic,1.529829191,Predicted
Apogonidae,Ostorhinchus_multilineatus,10,Plktiv,28.63917927,Benthic,0.766493119,Predicted
Apogonidae,Ostorhinchus_nanus,6,Plktiv,28.74027011,Benthic,2.436733102,Predicted
Apogonidae,Ostorhinchus_neotes,4,Plktiv,28.34772629,Benthopelagic,5.859384068,Predicted
Apogonidae,Ostorhinchus_nigrocincta,9.1,Plktiv,28.60311479,Benthic,0.506238135,Predicted
Apogonidae,Ostorhinchus_nigrofasciatus,10,InvMob,27.97089355,Benthopelagic,0.703219242,Predicted
Apogonidae,Ostorhinchus_norfolcensis,15,Plktiv,25.02744688,Benthopelagic,0.444804864,Predicted
Apogonidae,Ostorhinchus_notatus,10,Plktiv,27.47292121,Benthopelagic,0.733728879,Predicted
Apogonidae,Ostorhinchus_novemfasciatus,10,FisCep,27.97523568,Benthopelagic,0.685978847,Predicted
Apogonidae,Ostorhinchus_ocellicaudus,5,Plktiv,28.37184127,Benthopelagic,2.906199559,Predicted
Apogonidae,Ostorhinchus_oxina,7.1,Plktiv,28.6532542,Benthopelagic,2.181070772,Predicted
Apogonidae,Ostorhinchus_pallidofasciatus,7,Plktiv,24.97314783,Benthopelagic,1.743177396,Predicted
Apogonidae,Ostorhinchus_parvulus,4,InvMob,27.9812217,Benthopelagic,6.159332742,Predicted
Apogonidae,Ostorhinchus_pleuron,10.4,Plktiv,28.31589498,Benthic,0.747714523,Predicted
Apogonidae,Ostorhinchus_properuptus,6,Plktiv,27.59585716,Benthic,2.334969471,Predicted
Apogonidae,Ostorhinchus_pselion,4,Plktiv,26.66030455,Benthic,7.13937395,Predicted
Apogonidae,Ostorhinchus_relativus,7.38,Plktiv,28.0147,Benthic,1.638761077,Predicted
Apogonidae,Ostorhinchus_rubrimacula,4.47,Plktiv,27.63660625,Benthic,2.918227784,Predicted
Apogonidae,Ostorhinchus_rueppellii,12,InvMob,26.43210992,Benthic,1.364379339,Predicted
Apogonidae,Ostorhinchus_sealei,10,Plktiv,28.60584424,Benthopelagic,0.772597767,Predicted
Apogonidae,Ostorhinchus_selas,4,Plktiv,27.95484034,Benthic,6.513805251,Predicted
Apogonidae,Ostorhinchus_semilineatus,12,Plktiv,27.62617893,Benthic,0.829609293,Predicted
Apogonidae,Ostorhinchus_septemstriatus,5.3,Plktiv,27.92953299,Benthic,2.535738247,Predicted
Apogonidae,Ostorhinchus_spilurus,7.35,Plktiv,27.37566329,Benthic,1.604212144,Predicted
Apogonidae,Ostorhinchus_taeniophorus,11.5,Plktiv,27.86953831,Benthopelagic,1.041954191,Predicted
Apogonidae,Ostorhinchus_urostigmus,15,Plktiv,28.96679302,Benthic,0.675980262,Predicted
Apogonidae,Ostorhinchus_wassinki,7,Plktiv,28.613985,Benthic,1.93601859,Predicted
Apogonidae,Paroncheilus_affinis,11,Plktiv,27.32603522,Benthic,0.471867086,Predicted
Apogonidae,Paxton_concilians,7.55,InvMob,22.92481622,Benthopelagic,1.041451799,Predicted
Apogonidae,Phaeoptyx_conklini,9,Plktiv,27.14798227,Benthopelagic,0.463551556,Predicted
Apogonidae,Phaeoptyx_pigmentaria,8,Plktiv,27.17339673,Benthopelagic,1.568784878,Predicted
Apogonidae,Phaeoptyx_xenus,7.5,Plktiv,26.90401731,Benthopelagic,2.054780788,Predicted
Apogonidae,Pristiapogon_abrogramma,9.5,Plktiv,27.91055515,Benthic,0.79966722,Predicted
Apogonidae,Pristiapogon_exostigma,12,InvMob,27.93779572,Benthic,0.882574108,Predicted
Apogonidae,Pristiapogon_fraenatus,11,InvMob,27.87149463,Benthic,0.754398393,Predicted
Apogonidae,Pristiapogon_kallopterus,15.5,InvMob,27.82246448,Benthic,0.730004263,Predicted
Apogonidae,Pristiapogon_taeniopterus,19.6,InvMob,27.71054763,Benthopelagic,0.649745429,Predicted
Apogonidae,Pristicon_rhodopterus,15,InvMob,28.4826779,Benthic,0.619440443,Predicted
Apogonidae,Pristicon_rufus,8,Plktiv,28.0082642,Benthic,1.457283237,Predicted
Apogonidae,Pristicon_trimaculatus,14.16,InvMob,28.28963345,Benthopelagic,0.499657501,Predicted
Apogonidae,Pseudamia_amblyuroptera,8.5,InvMob,28.82960041,Benthic,0.685996134,Predicted
Apogonidae,Pseudamia_gelatinosa,11,InvMob,27.82336864,Benthic,0.813519507,Predicted
Apogonidae,Pseudamia_hayashii,10,InvMob,28.18818886,Benthic,0.814416216,Predicted
Apogonidae,Pseudamia_nigra,6,InvMob,27.85153713,Benthic,2.692691284,Predicted
Apogonidae,Pseudamia_tarri,3.7,InvMob,26.64165385,Benthopelagic,8.322674818,Predicted
Apogonidae,Pseudamia_zonata,21,InvMob,28.2809041,Benthic,0.555531195,Predicted
Apogonidae,Pseudamiops_diaphanes,3.28,Plktiv,25.3725,Benthic,5.352129125,Predicted
Apogonidae,Pseudamiops_gracilicauda,5,Plktiv,27.74578051,Benthic,2.705210178,Predicted
Apogonidae,Pseudamiops_pellucidus,4,Plktiv,27.09012031,Benthic,5.541899802,Predicted
Apogonidae,Pseudamiops_phasma,3.4,Plktiv,28.004675,Benthic,7.126943188,Predicted
Apogonidae,Pseudamiops_springeri,2.685,Plktiv,26.93946364,Benthic,7.244542144,Predicted
Apogonidae,Pterapogon_kauderni,8,Plktiv,28.87614603,Benthopelagic,1.329815262,Original
Apogonidae,Rhabdamia_gracilis,6,Plktiv,28.06096907,Benthopelagic,3.199620189,Original
Apogonidae,Rhabdamia_nigrimentum,5.5,Plktiv,29.052225,Benthopelagic,2.942845337,Predicted
Apogonidae,Siphamia_arabica,3.39,Plktiv,27.92963784,Benthopelagic,9.010688076,Predicted
Apogonidae,Siphamia_argentea,5,Plktiv,28.63209242,Benthic,2.351558031,Predicted
Apogonidae,Siphamia_cephalotes,5,Plktiv,18.24935125,Benthopelagic,1.042967112,Predicted
Apogonidae,Siphamia_corallicola,3.05,Plktiv,28.86332642,Benthopelagic,10.05015528,Predicted
Apogonidae,Siphamia_cuneiceps,4,Plktiv,26.13602706,Benthic,8.270094072,Predicted
Apogonidae,Siphamia_elongata,4.5,Plktiv,28.85127111,Benthopelagic,3.844524964,Predicted
Apogonidae,Siphamia_fistulosa,4,Plktiv,28.84478839,Benthopelagic,8.275237938,Predicted
Apogonidae,Siphamia_fuscolineata,4,Plktiv,28.80457254,Benthopelagic,8.327042544,Predicted
Apogonidae,Siphamia_goreni,1.64,Plktiv,29.11234167,Benthopelagic,11.19219617,Predicted
Apogonidae,Siphamia_jebbi,3.068443941,InvMob,27.81858122,Benthic,9.544815279,Predicted
Apogonidae,Siphamia_majimai,3.5,Plktiv,27.91469256,Benthopelagic,9.355720807,Predicted
Apogonidae,Siphamia_mossambica,4,Plktiv,27.20186124,Benthopelagic,5.600962403,Predicted
Apogonidae,Siphamia_randalli,2.87,Plktiv,27.70373333,Benthopelagic,9.449668257,Predicted
Apogonidae,Siphamia_roseigaster,6.4,Plktiv,27.39872997,Benthopelagic,1.804830681,Predicted
Apogonidae,Siphamia_spinicola,4,Plktiv,27.98498495,Benthopelagic,6.421338448,Predicted
Apogonidae,Siphamia_tubifer,7,InvMob,27.73349059,Benthopelagic,2.213569957,Predicted
Apogonidae,Sphaeramia_nematoptera,8.5,InvMob,28.26670842,Benthopelagic,0.487839635,Predicted
Apogonidae,Sphaeramia_orbicularis,10,InvMob,28.20451788,Benthopelagic,0.815152164,Predicted
Apogonidae,Taeniamia_ataenia,4.83,Plktiv,28.82033636,Benthopelagic,3.481983431,Predicted
Apogonidae,Taeniamia_biguttata,11,Plktiv,28.47436964,Benthopelagic,0.677740264,Predicted
Apogonidae,Taeniamia_bilineata,3.75,Plktiv,28.724404,Benthopelagic,7.634218585,Predicted
Apogonidae,Taeniamia_buruensis,7.5,Plktiv,28.33188702,Benthopelagic,1.66856847,Predicted
Apogonidae,Taeniamia_flavofasciata,7.85,Plktiv,26.64324474,Benthopelagic,2.342679254,Predicted
Apogonidae,Taeniamia_fucata,10,Plktiv,28.00504073,Benthopelagic,0.653888547,Predicted
Apogonidae,Taeniamia_leai,9,Plktiv,25.98548475,Benthopelagic,0.903052716,Predicted
Apogonidae,Taeniamia_lineolata,10.3,Plktiv,27.16209762,Benthopelagic,0.738321994,Predicted
Apogonidae,Taeniamia_macroptera,9.5,Plktiv,27.94872759,Benthopelagic,0.735972893,Predicted
Apogonidae,Taeniamia_melasma,8.6,Plktiv,28.25817723,Benthopelagic,0.493242551,Predicted
Apogonidae,Taeniamia_mozambiquensis,8.9,Plktiv,26.8409122,Benthopelagic,0.580990452,Predicted
Apogonidae,Taeniamia_pallida,4,Plktiv,27.23642292,Benthopelagic,5.697515673,Predicted
Apogonidae,Taeniamia_zosterophora,8,Plktiv,28.27051121,Benthopelagic,1.75731601,Predicted
Apogonidae,Verulux_cypselurus,6,Plktiv,28.39925647,Benthopelagic,2.932799488,Predicted
Apogonidae,Vincentia_badia,10,Plktiv,18.90813654,Benthopelagic,0.51286323,Predicted
Apogonidae,Vincentia_conspersa,14,Plktiv,16.902102,Benthopelagic,0.464269038,Predicted
Apogonidae,Vincentia_macrocauda,10,Plktiv,17.4583125,Benthopelagic,0.727729189,Predicted
Apogonidae,Vincentia_punctata,15,Plktiv,17.82034528,Benthopelagic,0.462121563,Predicted
Apogonidae,Yarica_hyalosoma,17,FisCep,28.21677229,Benthopelagic,0.594329912,Predicted
Apogonidae,Zapogon_evermanni,15,InvMob,28.04341845,Benthopelagic,0.403405364,Predicted
Apogonidae,Zapogon_isus,5.6,Plktiv,26.56015385,Benthic,2.854271356,Predicted
Apogonidae,Zoramia_flebila,4.36,Plktiv,28.06120179,Benthopelagic,3.477906667,Predicted
Apogonidae,Zoramia_fragilis,5.5,Plktiv,28.05209327,Benthopelagic,1.985654109,Predicted
Apogonidae,Zoramia_gilberti,5.5,Plktiv,28.86017263,Benthopelagic,3.403981802,Predicted
Apogonidae,Zoramia_leptacantha,6,Plktiv,28.29408495,Benthopelagic,2.476114812,Predicted
Apogonidae,Zoramia_perlita,5,Plktiv,28.83245541,Benthopelagic,3.429786447,Predicted
Apogonidae,Zoramia_viridiventer,5.5,Plktiv,27.83376605,Benthopelagic,3.194455045,Predicted
Aulostomidae,Aulostomus_chinensis,80,FisCep,27.67149457,Benthopelagic,0.164764441,Predicted
Aulostomidae,Aulostomus_maculatus,100,FisCep,27.19769253,Benthopelagic,0.13414027,Predicted
Aulostomidae,Aulostomus_strigosus,75,FisCep,21.46617143,Benthopelagic,0.086595771,Predicted
Balistidae,Abalistes_filamentosus,32.5,InvMob,27.76306453,Benthic,0.36197156,Predicted
Balistidae,Abalistes_stellaris,60,InvMob,27.94836142,Benthic,0.135313147,Predicted
Balistidae,Abalistes_stellatus,60,InvMob,27.88906434,Benthic,0.154631998,Predicted
Balistidae,Balistapus_undulatus,30,InvMob,27.97241215,Benthopelagic,0.441135701,Predicted
Balistidae,Balistes_capriscus,60,InvMob,24.41924572,Pelagic,0.207389466,Original
Balistidae,Balistes_polylepis,76,InvMob,26.46963476,Benthopelagic,0.086168697,Original
Balistidae,Balistes_punctatus,60,InvMob,26.79648451,Benthopelagic,0.107918147,Predicted
Balistidae,Balistes_vetula,60,InvMob,28.18415041,Benthopelagic,0.3038308,Original
Balistidae,Balistoides_conspicillum,50,InvMob,27.46947209,Benthopelagic,0.129501999,Predicted
Balistidae,Balistoides_viridescens,75,InvMob,27.94191457,Benthopelagic,0.128840127,Predicted
Balistidae,Canthidermis_macrolepis,60,Plktiv,27.49174,Pelagic,0.122308161,Predicted
Balistidae,Canthidermis_maculata,50,Plktiv,27.62365137,Pelagic,0.196089217,Predicted
Balistidae,Canthidermis_sufflamen,65,Plktiv,27.00604386,Pelagic,0.126520935,Predicted
Balistidae,Melichthys_indicus,25,Omnivr,27.82603356,Pelagic,0.765053456,Predicted
Balistidae,Melichthys_niger,30,Omnivr,28.03253226,Pelagic,0.170662591,Original
Balistidae,Melichthys_vidua,40,Omnivr,27.85445079,Pelagic,0.325727642,Predicted
Balistidae,Odonus_niger,50,Plktiv,27.95387055,Pelagic,0.252287546,Predicted
Balistidae,Pseudobalistes_flavimarginatus,60,InvMob,29.7887879,Benthic,0.419691469,Original
Balistidae,Pseudobalistes_fuscus,55,InvMob,27.96666602,Benthic,0.162920578,Predicted
Balistidae,Pseudobalistes_naufragium,100,InvMob,23.82316667,Benthic,0.124476277,Predicted
Balistidae,Rhinecanthus_aculeatus,30,InvMob,28.85118227,Benthic,0.349656982,Original
Balistidae,Rhinecanthus_assasi,30,InvMob,27.46017238,Benthic,0.356642615,Predicted
Balistidae,Rhinecanthus_lunula,28,Omnivr,27.11935677,Benthic,0.471497063,Predicted
Balistidae,Rhinecanthus_rectangulus,30,InvMob,27.76136968,Benthic,0.44757522,Predicted
Balistidae,Rhinecanthus_verrucosus,23,InvMob,28.16231713,Benthic,0.662520875,Predicted
Balistidae,Sufflamen_albicaudatum,22,InvMob,27.62595577,Benthic,0.502466697,Predicted
Balistidae,Sufflamen_bursa,25,InvMob,27.75422695,Benthic,0.430394464,Predicted
Balistidae,Sufflamen_chrysopterum,30,InvMob,27.84296459,Benthic,0.628181828,Predicted
Balistidae,Sufflamen_fraenatum,38,Omnivr,27.71819126,Benthic,0.224371337,Predicted
Balistidae,Sufflamen_verres,40,InvMob,26.12560328,Benthic,0.176953719,Predicted
Balistidae,Xanthichthys_auromarginatus,30,Plktiv,27.85446391,Benthopelagic,0.647184495,Predicted
Balistidae,Xanthichthys_caeruleolineatus,35,Plktiv,27.85346073,Benthopelagic,0.391084805,Predicted
Balistidae,Xanthichthys_lineopunctatus,30,Plktiv,27.22964029,Benthopelagic,0.440296293,Predicted
Balistidae,Xanthichthys_mento,30,Plktiv,27.02209185,Benthopelagic,0.427636308,Predicted
Balistidae,Xanthichthys_ringens,25,InvMob,27.00838557,Benthopelagic,0.3777023,Predicted
Belonidae,Ablennes_hians,140,FisCep,28.54736017,Pelagic,0.481253637,Original
Belonidae,Belone_belone,70,FisCep,20.11427629,Pelagic,0.216189648,Original
Belonidae,Strongylura_incisa,100,FisCep,28.13764523,Pelagic,0.166604678,Predicted
Belonidae,Strongylura_leiura,100,FisCep,27.88239274,Pelagic,0.205536749,Predicted
Belonidae,Strongylura_marina,111,FisCep,26.47196731,Pelagic,0.130897095,Predicted
Belonidae,Strongylura_notata,61,FisCep,27.05127901,Pelagic,0.188135187,Predicted
Belonidae,Strongylura_senegalensis,150,FisCep,27.09671754,Pelagic,0.136369839,Predicted
Belonidae,Strongylura_strongylura,40,FisCep,27.96885404,Pelagic,0.30752861,Predicted
Belonidae,Strongylura_timucu,61,FisCep,26.91976862,Pelagic,0.178485882,Predicted
Belonidae,Tylosurus_crocodilus,150,FisCep,28.28833608,Pelagic,0.132862359,Predicted
Belonidae,Tylosurus_pacificus,82.5,FisCep,26.24406314,Pelagic,0.177203717,Predicted
Belonidae,Tylosurus_punctulatus,58.3,FisCep,28.59874918,Pelagic,0.179758367,Predicted
Blenniidae,Aidablennius_sphynx,8,Omnivr,18.66462553,Benthic,0.530031899,Predicted
Blenniidae,Alloblennius_anuchalis,2.39,HerDet,25.87936364,Benthopelagic,10.30198329,Predicted
Blenniidae,Alloblennius_frondiculus,2.38,HerDet,28.68989524,Benthic,8.614746337,Predicted
Blenniidae,Alloblennius_jugularis,5,HerDet,27.5772359,Benthic,2.349938107,Predicted
Blenniidae,Alloblennius_parvus,2.6,HerDet,26.92408741,Benthopelagic,8.181050204,Predicted
Blenniidae,Alloblennius_pictus,2.6,HerDet,27.5772359,Benthopelagic,8.286452481,Predicted
Blenniidae,Alticus_anjouanae,7.62,HerDet,26.40994079,Benthic,2.54265862,Predicted
Blenniidae,Alticus_arnoldorum,8,HerDet,27.46121538,Benthic,1.497448259,Predicted
Blenniidae,Alticus_kirkii,11,HerDet,26.91327158,Benthic,0.670118952,Predicted
Blenniidae,Alticus_monochrus,10,HerDet,26.73973148,Benthic,0.913517078,Predicted
Blenniidae,Alticus_montanoi,10,HerDet,26.98192551,Benthic,0.63574987,Predicted
Blenniidae,Alticus_orientalis,8.75,HerDet,21.9702875,Benthic,0.388697401,Predicted
Blenniidae,Alticus_saliens,10,HerDet,28.22071278,Benthic,0.758028219,Predicted
Blenniidae,Alticus_sertatus,8,HerDet,26.83437477,Benthic,1.696125324,Predicted
Blenniidae,Alticus_simplicirrus,12,HerDet,27.983075,Benthic,0.687029431,Predicted
Blenniidae,Andamia_heteroptera,6.4,HerDet,28.70342788,Benthic,2.20667443,Predicted
Blenniidae,Andamia_reyi,10,HerDet,28.59332115,Benthic,0.763356528,Predicted
Blenniidae,Andamia_tetradactylus,10.5,HerDet,28.45208571,Benthic,0.804443347,Predicted
Blenniidae,Antennablennius_adenensis,5,HerDet,27.21990769,Benthic,1.847292022,Predicted
Blenniidae,Antennablennius_australis,7,HerDet,26.87423643,Benthic,1.92267183,Predicted
Blenniidae,Antennablennius_bifilum,7.5,HerDet,26.74954478,Benthic,1.999616411,Predicted
Blenniidae,Antennablennius_hypenetes,6.5,HerDet,27.43603973,Benthic,1.495303211,Predicted
Blenniidae,Antennablennius_simonyi,5.5,HerDet,27.47238636,Benthic,2.138926866,Predicted
Blenniidae,Antennablennius_variopunctatus,7.5,HerDet,27.08636667,Benthic,1.449484614,Predicted
Blenniidae,Aspidontus_dussumieri,12,HerDet,27.74079135,Benthopelagic,0.915806719,Predicted
Blenniidae,Aspidontus_taeniatus,11.5,FisCep,27.89045284,Benthopelagic,1.00991782,Predicted
Blenniidae,Aspidontus_tractus,10,FisCep,27.62735581,Benthopelagic,0.791199923,Predicted
Blenniidae,Atrosalarias_fuscus,14.5,HerDet,28.02208295,Benthic,0.398610522,Predicted
Blenniidae,Atrosalarias_holomelas,14.5,HerDet,27.6384342,Benthic,0.452098313,Predicted
Blenniidae,Atrosalarias_hosokawai,7.38,HerDet,28.44864472,Benthic,1.915092968,Predicted
Blenniidae,Bathyblennius_antholops,5.36,Omnivr,27.914475,Benthic,2.161136891,Predicted
Blenniidae,Blenniella_bilitonensis,16,HerDet,28.40825349,Benthic,0.586492559,Predicted
Blenniidae,Blenniella_caudolineata,8.2,HerDet,28.01910092,Benthic,1.434017143,Predicted
Blenniidae,Blenniella_chrysospilos,15.73,HerDet,27.99837418,Benthic,0.398565475,Predicted
Blenniidae,Blenniella_cyanostigma,8.1,HerDet,27.90879469,Benthic,1.854494355,Predicted
Blenniidae,Blenniella_gibbifrons,12,HerDet,27.53099816,Benthic,0.813020331,Predicted
Blenniidae,Blenniella_interrupta,6,HerDet,28.46146597,Benthic,2.360348599,Predicted
Blenniidae,Blenniella_leopardus,6,HerDet,28.9927641,Benthic,2.692202985,Predicted
Blenniidae,Blenniella_paula,12.5,HerDet,27.73641874,Benthic,0.755044143,Predicted
Blenniidae,Blenniella_periophthalmus,15,HerDet,28.0084471,Benthic,0.416222309,Predicted
Blenniidae,Blennius_normani,11,InvMob,26.17363516,Benthic,1.140203515,Predicted
Blenniidae,Blennius_ocellaris,20,InvMob,17.7881708,Benthic,0.234828207,Predicted
Blenniidae,Chalaroderma_capito,20,HerDet,19.61620625,Benthic,0.1846014,Predicted
Blenniidae,Chalaroderma_ocellata,7,HerDet,18.65001,Benthic,0.661017491,Predicted
Blenniidae,Chasmodes_bosquianus,15,InvMob,20.25027083,Benthic,0.461368879,Predicted
Blenniidae,Chasmodes_longimaxilla,8,Omnivr,24.47632174,Benthic,1.254847133,Predicted
Blenniidae,Chasmodes_saburrae,10,Omnivr,24.99314091,Benthic,0.533728601,Predicted
Blenniidae,Cirripectes_alboapicalis,15.5,HerDet,23.89070854,Benthic,0.463214942,Predicted
Blenniidae,Cirripectes_alleni,6.5,HerDet,28.36371176,Benthic,2.183005518,Predicted
Blenniidae,Cirripectes_auritus,8.4,HerDet,28.64789233,Benthic,1.616198724,Predicted
Blenniidae,Cirripectes_castaneus,9.2,HerDet,27.60674517,Benthic,0.503506388,Predicted
Blenniidae,Cirripectes_chelomatus,11.7,HerDet,26.4319927,Benthic,1.296770744,Predicted
Blenniidae,Cirripectes_filamentosus,9,HerDet,28.05318046,Benthic,0.372325913,Predicted
Blenniidae,Cirripectes_fuscoguttatus,13.3,HerDet,28.27172899,Benthic,0.601289566,Predicted
Blenniidae,Cirripectes_gilberti,10.2,HerDet,27.98754804,Benthic,0.660258392,Predicted
Blenniidae,Cirripectes_heemstraorum,4.85,HerDet,24.36705,Benthic,2.008514548,Predicted
Blenniidae,Cirripectes_hutchinsi,10.6,HerDet,22.9311,Benthic,0.580464601,Predicted
Blenniidae,Cirripectes_imitator,9.3,HerDet,24.27271029,Benthic,0.643691333,Predicted
Blenniidae,Cirripectes_jenningsi,7.6,HerDet,28.41976959,Benthic,1.826816972,Predicted
Blenniidae,Cirripectes_kuwamurai,5.59,HerDet,23.12656111,Benthic,1.065162451,Predicted
Blenniidae,Cirripectes_obscurus,13.4,HerDet,24.73338837,Benthic,0.558399801,Predicted
Blenniidae,Cirripectes_perustus,8.2,HerDet,28.38339644,Benthic,1.83538186,Predicted
Blenniidae,Cirripectes_polyzona,13,HerDet,28.08811197,Benthic,0.751898787,Predicted
Blenniidae,Cirripectes_quagga,10,HerDet,27.79502907,Benthic,0.736323089,Predicted
Blenniidae,Cirripectes_randalli,10.7,HerDet,25.70667647,Benthic,1.49947175,Predicted
Blenniidae,Cirripectes_springeri,10,HerDet,28.80610035,Benthic,1.184624797,Predicted
Blenniidae,Cirripectes_stigmaticus,13,HerDet,28.13642588,Benthic,0.709859608,Predicted
Blenniidae,Cirripectes_vanderbilti,10,HerDet,24.8945766,Benthic,0.81290035,Predicted
Blenniidae,Cirripectes_variolosus,8.9,HerDet,27.90522603,Benthic,0.546354507,Predicted
Blenniidae,Cirripectes_viriosus,11.5,HerDet,27.366475,Benthic,0.654101012,Predicted
Blenniidae,Cirrisalarias_bunares,3.5,HerDet,27.65312759,Benthic,7.691125576,Predicted
Blenniidae,Coryphoblennius_galerita,7.6,Omnivr,17.40228042,Benthic,0.668759309,Predicted
Blenniidae,Crossosalarias_macrospilus,10,HerDet,28.02004458,Benthic,0.633197911,Predicted
Blenniidae,Dodekablennos_fraseri,5,HerDet,25.54366154,Benthic,1.672537519,Predicted
Blenniidae,Ecsenius_aequalis,4.3,HerDet,27.3873037,Benthic,2.621689844,Predicted
Blenniidae,Ecsenius_alleni,3.4,HerDet,28.2646,Benthic,6.931854484,Predicted
Blenniidae,Ecsenius_aroni,5.5,HerDet,26.34959048,Benthic,3.219554643,Predicted
Blenniidae,Ecsenius_australianus,6,HerDet,27.0520125,Benthic,1.894529189,Predicted
Blenniidae,Ecsenius_axelrodi,5.8,HerDet,29.15338283,Benthic,2.673457618,Predicted
Blenniidae,Ecsenius_bandanus,4.25,HerDet,28.79329535,Benthic,3.981287405,Predicted
Blenniidae,Ecsenius_bathi,4.4,HerDet,28.69554206,Benthic,2.513959042,Predicted
Blenniidae,Ecsenius_bicolor,11,HerDet,28.27404485,Benthic,0.605888412,Predicted
Blenniidae,Ecsenius_bimaculatus,4.5,HerDet,28.76934533,Benthic,2.754891533,Predicted
Blenniidae,Ecsenius_caeruliventris,2.43,HerDet,28.95323684,Benthic,9.665640921,Predicted
Blenniidae,Ecsenius_collettei,5,HerDet,29.021325,Benthic,2.612755021,Predicted
Blenniidae,Ecsenius_dentex,4.8,HerDet,24.6916,Benthic,1.978533701,Predicted
Blenniidae,Ecsenius_dilemma,3.1,HerDet,28.71874,Benthic,7.001716642,Predicted
Blenniidae,Ecsenius_fijiensis,3.9,HerDet,27.03973043,Benthic,5.288984356,Predicted
Blenniidae,Ecsenius_fourmanoiri,4.9,HerDet,25.29101311,Benthic,2.145849845,Predicted
Blenniidae,Ecsenius_frontalis,8,HerDet,27.66219535,Benthic,1.747853251,Predicted
Blenniidae,Ecsenius_gravieri,8,HerDet,27.66219535,Benthic,1.747853251,Predicted
Blenniidae,Ecsenius_isos,3.2,HerDet,26.38591538,Benthic,9.264317556,Predicted
Blenniidae,Ecsenius_kurti,4.375,HerDet,28.63445,Benthic,3.221470824,Predicted
Blenniidae,Ecsenius_lineatus,9,HerDet,27.86172111,Benthic,0.657949716,Predicted
Blenniidae,Ecsenius_lividanalis,5,HerDet,28.79775819,Benthic,2.796128022,Predicted
Blenniidae,Ecsenius_lubbocki,4,HerDet,28.87980588,Benthic,7.201476204,Predicted
Blenniidae,Ecsenius_mandibularis,7.5,HerDet,26.12019355,Benthic,2.656702394,Predicted
Blenniidae,Ecsenius_melarchus,6.2,HerDet,28.89524419,Benthic,2.571828867,Predicted
Blenniidae,Ecsenius_midas,13,Plktiv,28.16790195,Benthopelagic,0.802758901,Predicted
Blenniidae,Ecsenius_minutus,4,HerDet,28.89898,Benthic,7.030895792,Predicted
Blenniidae,Ecsenius_monoculus,5,HerDet,28.61792198,Benthic,2.255147276,Predicted
Blenniidae,Ecsenius_nalolo,6.5,HerDet,27.04637569,Benthic,1.674109689,Predicted
Blenniidae,Ecsenius_namiyei,11,HerDet,28.18083601,Benthic,0.692501771,Predicted
Blenniidae,Ecsenius_niue,3.09,HerDet,26.58783333,Benthic,8.222779205,Predicted
Blenniidae,Ecsenius_oculatus,4.7,HerDet,25.595855,Benthic,2.518021702,Predicted
Blenniidae,Ecsenius_oculus,7,HerDet,26.02736364,Benthic,2.575777623,Predicted
Blenniidae,Ecsenius_ops,5.5,HerDet,28.7948717,Benthic,2.715027471,Predicted
Blenniidae,Ecsenius_opsifrontalis,5,HerDet,28.82585906,Benthic,3.109402507,Predicted
Blenniidae,Ecsenius_pardus,4.8,HerDet,27.03973043,Benthic,1.979407651,Predicted
Blenniidae,Ecsenius_paroculus,4,HerDet,29.03509028,Benthic,6.558471852,Predicted
Blenniidae,Ecsenius_pictus,5,HerDet,28.86987243,Benthic,2.992439325,Predicted
Blenniidae,Ecsenius_polystictus,4.2,HerDet,29.231652,Benthic,4.366737452,Predicted
Blenniidae,Ecsenius_portenoyi,4.5,HerDet,28.626055,Benthic,2.52270257,Predicted
Blenniidae,Ecsenius_prooculis,3.95,HerDet,29.22185968,Benthic,7.9330638,Predicted
Blenniidae,Ecsenius_pulcher,11,HerDet,26.75396949,Benthic,0.763754307,Predicted
Blenniidae,Ecsenius_randalli,5,HerDet,28.8938375,Benthic,2.848371474,Predicted
Blenniidae,Ecsenius_schroederi,7,HerDet,28.75206852,Benthic,1.992659762,Predicted
Blenniidae,Ecsenius_sellifer,4.1,HerDet,28.99092642,Benthic,4.278573711,Predicted
Blenniidae,Ecsenius_shirleyae,2.84,HerDet,28.63205652,Benthic,7.164386868,Predicted
Blenniidae,Ecsenius_stictus,5.8,HerDet,26.00548,Benthic,2.927052086,Predicted
Blenniidae,Ecsenius_stigmatura,6,HerDet,28.73536393,Benthic,2.183467493,Predicted
Blenniidae,Ecsenius_taeniatus,3.2,HerDet,28.03246,Benthic,6.100209537,Predicted
Blenniidae,Ecsenius_tessera,4.5,HerDet,26.87,Benthic,2.587327127,Predicted
Blenniidae,Ecsenius_tigris,5,HerDet,26.8202,Benthic,2.269129738,Predicted
Blenniidae,Ecsenius_tricolor,6,HerDet,28.78825333,Benthic,2.479710978,Predicted
Blenniidae,Ecsenius_trilineatus,3,HerDet,28.88849158,Benthic,8.71345026,Predicted
Blenniidae,Ecsenius_yaeyamaensis,6,HerDet,28.44352921,Benthic,2.348200967,Predicted
Blenniidae,Enchelyurus_ater,5.5,HerDet,26.71403603,Benthic,2.519934064,Predicted
Blenniidae,Enchelyurus_brunneolus,2.9,HerDet,25.03699167,Benthic,5.081306935,Predicted
Blenniidae,Enchelyurus_flavipes,7.6,HerDet,28.81809068,Benthic,2.44038936,Predicted
Blenniidae,Enchelyurus_kraussii,4.5,HerDet,28.06230776,Benthic,2.398035261,Predicted
Blenniidae,Enchelyurus_petersi,5.4,HerDet,24.654275,Benthic,1.814137964,Predicted
Blenniidae,Entomacrodus_cadenati,6.88,HerDet,26.70385488,Benthic,2.191667515,Predicted
Blenniidae,Entomacrodus_caudofasciatus,6.2,HerDet,27.81556482,Benthic,2.034224631,Predicted
Blenniidae,Entomacrodus_chapmani,3.9,HerDet,22.61315,Benthic,2.897032992,Predicted
Blenniidae,Entomacrodus_chiostictus,7.5,HerDet,26.84271939,Benthic,1.765201416,Predicted
Blenniidae,Entomacrodus_corneliae,5,HerDet,27.983075,Benthic,2.168246859,Predicted
Blenniidae,Entomacrodus_cymatobiotus,2.7,HerDet,28.23062809,Benthic,7.374567199,Predicted
Blenniidae,Entomacrodus_decussatus,19,HerDet,28.15488024,Benthic,0.672039622,Predicted
Blenniidae,Entomacrodus_epalzeocheilos,11,HerDet,27.55929969,Benthic,0.654840497,Predicted
Blenniidae,Entomacrodus_lemuria,6.79,HerDet,26.34839016,Benthic,2.834763779,Predicted
Blenniidae,Entomacrodus_lighti,11.8,HerDet,26.04445238,Benthic,1.353013411,Predicted
Blenniidae,Entomacrodus_macrospilus,4.2,HerDet,27.983075,Benthic,3.196122054,Predicted
Blenniidae,Entomacrodus_marmoratus,15.2,HerDet,24.73338837,Benthic,0.497630711,Predicted
Blenniidae,Entomacrodus_nigricans,10,HerDet,27.35765052,Benthic,0.616983355,Predicted
Blenniidae,Entomacrodus_niuafoouensis,12,HerDet,25.9919128,Benthic,1.324093134,Predicted
Blenniidae,Entomacrodus_randalli,8.75,HerDet,27.983075,Benthic,0.462691513,Predicted
Blenniidae,Entomacrodus_rofeni,8,HerDet,26.6341141,Benthic,2.015989098,Predicted
Blenniidae,Entomacrodus_sealei,8,HerDet,28.01485312,Benthic,1.437841046,Predicted
Blenniidae,Entomacrodus_solus,4.25,HerDet,24.6029,Benthic,2.669518138,Predicted
Blenniidae,Entomacrodus_stellifer,11,HerDet,25.4640966,Benthic,0.617263014,Predicted
Blenniidae,Entomacrodus_strasburgi,4,HerDet,25.33650526,Benthic,5.155246683,Predicted
Blenniidae,Entomacrodus_striatus,11,HerDet,27.87110344,Benthic,0.782589723,Predicted
Blenniidae,Entomacrodus_textilis,6,HerDet,25.90723333,Benthic,2.804961575,Predicted
Blenniidae,Entomacrodus_thalassinus,4,HerDet,27.9961147,Benthic,5.657687486,Predicted
Blenniidae,Entomacrodus_vermiculatus,18,HerDet,27.65378571,Benthic,0.472490144,Predicted
Blenniidae,Entomacrodus_vomerinus,7.9,HerDet,26.09577313,Benthic,2.582236462,Predicted
Blenniidae,Entomacrodus_williamsi,5.28,HerDet,28.996575,Benthic,2.721612675,Predicted
Blenniidae,Exallias_brevis,14.5,InvSes,27.75852025,Benthic,0.544038574,Predicted
Blenniidae,Glyptoparus_delicatulus,5,HerDet,27.79145573,Benthic,2.357884305,Predicted
Blenniidae,Haptogenys_bipunctata,7.7,HerDet,28.92363889,Benthic,2.283574202,Predicted
Blenniidae,Hirculops_cornifer,6,HerDet,26.92872136,Benthic,2.250471006,Predicted
Blenniidae,Hypleurochilus_aequipinnis,7.5,Omnivr,26.15339,Benthic,2.245694935,Predicted
Blenniidae,Hypleurochilus_bananensis,12,Omnivr,20.75123478,Benthic,0.669651971,Predicted
Blenniidae,Hypleurochilus_bermudensis,10,Omnivr,26.02540492,Benthic,1.003528368,Predicted
Blenniidae,Hypleurochilus_brasil,3.085,Omnivr,26.65110588,Benthic,8.02059523,Predicted
Blenniidae,Hypleurochilus_caudovittatus,5.9,Omnivr,24.54847143,Benthic,1.594204205,Predicted
Blenniidae,Hypleurochilus_fissicornis,8.9,Omnivr,23.72035156,Benthic,0.318522189,Predicted
Blenniidae,Hypleurochilus_geminatus,10,Omnivr,24.3546283,Benthic,0.689588923,Predicted
Blenniidae,Hypleurochilus_langi,8.3,Omnivr,27.02840563,Benthic,1.165310691,Predicted
Blenniidae,Hypleurochilus_multifilis,10.2,Omnivr,24.09758421,Benthic,0.511227128,Predicted
Blenniidae,Hypleurochilus_pseudoaequipinnis,6.8,Omnivr,27.0995332,Benthic,1.39270092,Predicted
Blenniidae,Hypleurochilus_springeri,5,Omnivr,27.20508608,Benthic,1.5839939,Predicted
Blenniidae,Hypsoblennius_brevipinnis,12,InvMob,26.24105044,Benthic,1.4669507,Predicted
Blenniidae,Hypsoblennius_caulopus,9,Omnivr,26.49720476,Benthic,0.529923218,Predicted
Blenniidae,Hypsoblennius_exstochilus,5,Omnivr,27.38686883,Benthic,1.614745483,Predicted
Blenniidae,Hypsoblennius_gentilis,15,InvMob,20.46121,Benthic,0.39516442,Predicted
Blenniidae,Hypsoblennius_gilberti,17,Omnivr,18.8902,Benthic,0.297723267,Predicted
Blenniidae,Hypsoblennius_hentz,10,Omnivr,20.16746522,Benthic,0.423963583,Predicted
Blenniidae,Hypsoblennius_invemar,5.8,Omnivr,26.69141646,Benthic,2.160319102,Predicted
Blenniidae,Hypsoblennius_ionthas,10,Omnivr,24.54569524,Benthic,0.615341596,Predicted
Blenniidae,Hypsoblennius_jenkinsi,13,Omnivr,18.89124884,Benthic,0.400275807,Predicted
Blenniidae,Hypsoblennius_paytensis,4,Omnivr,25.49798696,Benthic,3.92864085,Predicted
Blenniidae,Hypsoblennius_proteus,2.64,Omnivr,26.47145,Benthic,8.511747738,Predicted
Blenniidae,Hypsoblennius_robustus,3.9,Omnivr,20.81728,Benthic,2.422991571,Predicted
Blenniidae,Hypsoblennius_sordidus,19,Omnivr,18.34894,Benthic,0.265456978,Predicted
Blenniidae,Hypsoblennius_striatus,8,Omnivr,28.13049375,Benthic,1.476117474,Predicted
Blenniidae,Istiblennius_bellus,16,HerDet,26.82398357,Benthic,0.345968955,Predicted
Blenniidae,Istiblennius_colei,11.8,HerDet,28.62715,Benthic,0.739282706,Predicted
Blenniidae,Istiblennius_dussumieri,12,HerDet,27.74463344,Benthic,0.88668535,Predicted
Blenniidae,Istiblennius_edentulus,16,HerDet,27.67098568,Benthic,0.421570732,Predicted
Blenniidae,Istiblennius_flaviumbrinus,9,HerDet,27.5772359,Benthic,0.528067204,Predicted
Blenniidae,Istiblennius_lineatus,15,HerDet,28.06017243,Benthic,0.3536108,Predicted
Blenniidae,Istiblennius_meleagris,15,HerDet,26.52720139,Benthic,0.474375301,Predicted
Blenniidae,Istiblennius_muelleri,7,HerDet,28.48932279,Benthic,2.003089907,Predicted
Blenniidae,Istiblennius_pox,13,HerDet,27.40219535,Benthic,0.406326709,Predicted
Blenniidae,Istiblennius_rivulatus,8.6,HerDet,25.86163529,Benthic,1.009227177,Predicted
Blenniidae,Istiblennius_spilotus,14,HerDet,26.86252222,Benthic,0.381709798,Predicted
Blenniidae,Istiblennius_steindachneri,11,HerDet,26.90301197,Benthic,0.673595838,Predicted
Blenniidae,Istiblennius_unicolor,10.2,HerDet,27.443096,Benthic,0.617693935,Predicted
Blenniidae,Istiblennius_zebra,19.3,HerDet,24.73338837,Benthic,0.372621925,Predicted
Blenniidae,Laiphognathus_longispinis,5.12,HerDet,23.01687857,Benthic,1.078120534,Predicted
Blenniidae,Laiphognathus_multimaculatus,4,HerDet,28.30458185,Benthic,6.02287702,Predicted
Blenniidae,Lipophrys_pholis,30,InvMob,12.71529937,Benthic,0.08202917,Original
Blenniidae,Lipophrys_trigloides,13,InvMob,18.61079433,Benthic,0.478383276,Predicted
Blenniidae,Litobranchus_fowleri,3.5,HerDet,28.71918407,Benthic,6.977004164,Predicted
Blenniidae,Lupinoblennius_nicholsi,6,HerDet,26.44712927,Benthic,2.642629323,Predicted
Blenniidae,Lupinoblennius_paivai,5.07,HerDet,23.10614706,Benthic,1.081185813,Predicted
Blenniidae,Lupinoblennius_vinctus,5,HerDet,27.62184,Benthic,2.240625544,Predicted
Blenniidae,Medusablennius_chani,1.54,HerDet,28.123375,Benthic,9.702227008,Predicted
Blenniidae,Meiacanthus_abditus,11,Plktiv,28.87602969,Benthopelagic,0.900990794,Predicted
Blenniidae,Meiacanthus_abruptus,3.66,Plktiv,28.36266,Benthopelagic,8.792626641,Predicted
Blenniidae,Meiacanthus_anema,7.2,InvMob,28.53501199,Benthopelagic,1.750483929,Predicted
Blenniidae,Meiacanthus_atrodorsalis,11,Plktiv,28.20028074,Benthopelagic,0.725648417,Predicted
Blenniidae,Meiacanthus_bundoon,13.2,Plktiv,26.56922632,Benthopelagic,0.795829488,Predicted
Blenniidae,Meiacanthus_crinitus,10,Plktiv,28.97757273,Benthopelagic,1.088282637,Predicted
Blenniidae,Meiacanthus_cyanopterus,4.53,Plktiv,28.57008333,Benthopelagic,2.953713587,Predicted
Blenniidae,Meiacanthus_ditrema,6.5,Plktiv,28.0920583,Benthopelagic,2.678687733,Predicted
Blenniidae,Meiacanthus_erdmanni,3.58,Plktiv,29.12643333,Benthopelagic,9.496300719,Predicted
Blenniidae,Meiacanthus_fraseri,5.43,Plktiv,26.27242308,Benthopelagic,3.606839613,Predicted
Blenniidae,Meiacanthus_geminatus,4.71,InvMob,28.85620385,Benthopelagic,2.909811153,Predicted
Blenniidae,Meiacanthus_grammistes,11,Plktiv,28.15133046,Benthopelagic,0.748193326,Predicted
Blenniidae,Meiacanthus_kamoharai,6,InvMob,23.00603333,Benthopelagic,1.209798449,Predicted
Blenniidae,Meiacanthus_limbatus,3.7,Plktiv,29.16755,Benthopelagic,9.499950681,Predicted
Blenniidae,Meiacanthus_lineatus,9.5,Plktiv,25.14958261,Benthopelagic,0.983644055,Predicted
Blenniidae,Meiacanthus_luteus,10.3,Plktiv,27.59005619,Benthopelagic,0.848144176,Predicted
Blenniidae,Meiacanthus_mossambicus,10,InvMob,26.92520375,Benthopelagic,0.845105667,Predicted
Blenniidae,Meiacanthus_naevius,3.58,Plktiv,27.41033333,Benthopelagic,6.612002811,Predicted
Blenniidae,Meiacanthus_nigrolineatus,9.5,InvMob,27.62079512,Benthopelagic,0.745583911,Predicted
Blenniidae,Meiacanthus_oualanensis,10,InvMob,27.03973043,Benthopelagic,0.665801203,Predicted
Blenniidae,Meiacanthus_procne,10,Plktiv,26.06028462,Benthopelagic,1.405615049,Predicted
Blenniidae,Meiacanthus_reticulatus,6.28,Plktiv,27.740475,Benthopelagic,2.598897616,Predicted
Blenniidae,Meiacanthus_smithi,8.5,InvMob,28.86147239,Benthopelagic,0.694784413,Predicted
Blenniidae,Meiacanthus_tongaensis,12.91408369,Plktiv,26.06028462,Benthopelagic,1.052216435,Predicted
Blenniidae,Meiacanthus_urostigma,8,Plktiv,28.91094706,Benthopelagic,2.382459897,Predicted
Blenniidae,Meiacanthus_vicinus,4.13,Plktiv,28.94969259,Benthopelagic,4.738622191,Predicted
Blenniidae,Meiacanthus_vittatus,8.5,InvMob,28.50098974,Benthic,0.548488178,Predicted
Blenniidae,Microlipophrys_adriaticus,5,Omnivr,15.80471053,Benthic,0.633178263,Predicted
Blenniidae,Microlipophrys_bauchotae,4.35,Omnivr,25.10966,Benthic,2.591504386,Predicted
Blenniidae,Microlipophrys_caboverdensis,4,InvMob,24.38993077,Benthic,5.012241951,Predicted
Blenniidae,Microlipophrys_canevae,7.5,Omnivr,19.15329298,Benthic,0.640084606,Predicted
Blenniidae,Microlipophrys_dalmatinus,5.8,Omnivr,18.40423077,Benthic,0.676197209,Predicted
Blenniidae,Microlipophrys_nigriceps,4.3,Omnivr,18.552635,Benthic,1.087503989,Predicted
Blenniidae,Microlipophrys_velifer,5.78,InvMob,25.99472718,Benthic,2.769626621,Predicted
Blenniidae,Mimoblennius_atrocinctus,5,Omnivr,25.80817368,Benthic,2.788835217,Predicted
Blenniidae,Mimoblennius_cas,3.24,HerDet,26.56912105,Benthic,8.303463561,Predicted
Blenniidae,Mimoblennius_cirrosus,5.4,HerDet,27.24554082,Benthic,1.792250381,Predicted
Blenniidae,Mimoblennius_lineathorax,2.61,HerDet,25.60148333,Benthic,7.313526056,Predicted
Blenniidae,Mimoblennius_rusi,4.02,HerDet,25.1167875,Benthic,5.003063134,Predicted
Blenniidae,Nannosalarias_nativitatis,5,HerDet,27.97087912,Benthic,2.213395982,Predicted
Blenniidae,Oman_ypsilon,4,HerDet,26.35589167,Benthic,7.727938467,Predicted
Blenniidae,Omobranchus_anolius,7.5,Omnivr,22.22405667,Benthic,0.661648584,Predicted
Blenniidae,Omobranchus_banditus,6,Omnivr,24.86851905,Benthic,1.580213696,Predicted
Blenniidae,Omobranchus_elegans,6,HerDet,17.38071875,Benthic,0.904776461,Predicted
Blenniidae,Omobranchus_elongatus,5,HerDet,28.04338592,Benthic,1.798373762,Predicted
Blenniidae,Omobranchus_fasciolatoceps,6.5,Omnivr,20.9075175,Benthic,0.75141513,Predicted
Blenniidae,Omobranchus_fasciolatus,6.8,HerDet,27.09416439,Benthic,1.605951253,Predicted
Blenniidae,Omobranchus_ferox,6,HerDet,28.2933414,Benthic,2.195583434,Predicted
Blenniidae,Omobranchus_germaini,8,HerDet,27.87164168,Benthic,2.014644275,Predicted
Blenniidae,Omobranchus_loxozonus,8,HerDet,23.56187333,Benthic,0.890579353,Predicted
Blenniidae,Omobranchus_mekranensis,6,HerDet,26.6695,Benthic,2.535441385,Predicted
Blenniidae,Omobranchus_obliquus,5.6,HerDet,28.31662779,Benthic,2.09788116,Predicted
Blenniidae,Omobranchus_punctatus,9.5,HerDet,27.62306815,Benthic,0.742871508,Predicted
Blenniidae,Omobranchus_steinitzi,3.2,HerDet,29.05985333,Benthic,8.01655774,Predicted
Blenniidae,Omobranchus_verticalis,4.8,HerDet,27.34601402,Benthic,1.974963178,Predicted
Blenniidae,Omobranchus_woodi,8,HerDet,21.35755,Benthic,0.753324166,Predicted
Blenniidae,Omobranchus_zebra,6,HerDet,28.67930455,Benthic,2.366821291,Predicted
Blenniidae,Omox_biporos,4.6,Omnivr,28.19219814,Benthic,2.335930972,Predicted
Blenniidae,Omox_lupus,3.5,Omnivr,28.92927708,Benthic,8.303995074,Predicted
Blenniidae,Ophioblennius_atlanticus,19,HerDet,26.40241596,Benthic,0.485925217,Predicted
Blenniidae,Ophioblennius_macclurei,12.2,HerDet,27.18148286,Benthic,0.632088267,Predicted
Blenniidae,Ophioblennius_steindachneri,18,HerDet,26.1508322,Benthic,0.525510651,Predicted
Blenniidae,Ophioblennius_trinitatis,5.63,HerDet,26.51999492,Benthic,2.681072699,Predicted
Blenniidae,Parablennius_cornutus,15,HerDet,19.16664231,Benthic,0.436488343,Predicted
Blenniidae,Parablennius_gattorugine,30,Omnivr,17.78153182,Benthic,0.222247555,Predicted
Blenniidae,Parablennius_goreensis,7,Omnivr,24.33357619,Benthic,1.57837657,Predicted
Blenniidae,Parablennius_incognitus,8,InvMob,18.64331509,Benthic,0.5982123,Predicted
Blenniidae,Parablennius_intermedius,12,HerDet,26.34856768,Benthic,1.318227615,Predicted
Blenniidae,Parablennius_laticlavius,8,Omnivr,17.74395,Benthic,0.53005237,Predicted
Blenniidae,Parablennius_lodosus,4,HerDet,24.9761,Benthic,4.199046813,Predicted
Blenniidae,Parablennius_marmoreus,8.5,HerDet,26.7601951,Benthic,0.631069598,Predicted
Blenniidae,Parablennius_opercularis,6,HerDet,26.76984565,Benthic,2.501453595,Predicted
Blenniidae,Parablennius_parvicornis,12,HerDet,24.40576204,Benthic,0.95635794,Predicted
Blenniidae,Parablennius_pilicornis,12.7,InvMob,21.66015634,Benthic,0.42421116,Predicted
Blenniidae,Parablennius_rouxi,8,Omnivr,18.48754048,Benthic,0.554872844,Predicted
Blenniidae,Parablennius_ruber,14,Omnivr,19.08426744,Benthic,0.542065377,Original
Blenniidae,Parablennius_salensis,6,Omnivr,24.38993077,Benthic,1.657596609,Predicted
Blenniidae,Parablennius_sanguinolentus,20,HerDet,17.98774268,Benthic,0.210191142,Predicted
Blenniidae,Parablennius_tasmanianus,13,Omnivr,15.69535778,Benthic,0.374971534,Predicted
Blenniidae,Parablennius_tentacularis,15,Omnivr,17.68624422,Benthic,0.466070015,Predicted
Blenniidae,Parablennius_thysanius,6.2,HerDet,28.05450786,Benthic,1.59622783,Predicted
Blenniidae,Parablennius_verryckeni,4.9,Omnivr,25.56177143,Benthic,1.940466895,Predicted
Blenniidae,Parablennius_yatabei,9,Omnivr,21.63372211,Benthic,0.26199677,Predicted
Blenniidae,Parablennius_zvonimiri,7,HerDet,18.19265902,Benthic,0.658265548,Predicted
Blenniidae,Paralticus_amboinensis,16,HerDet,28.81240089,Benthic,0.55086486,Predicted
Blenniidae,Parenchelyurus_hepburni,4.5,HerDet,28.3188793,Benthic,2.295665196,Predicted
Blenniidae,Parenchelyurus_hyena,3.8,HerDet,27.44563077,Benthic,6.099870138,Predicted
Blenniidae,Pereulixia_kosiensis,20,HerDet,26.84370103,Benthic,0.421115233,Predicted
Blenniidae,Petroscirtes_ancylodon,11.5,Omnivr,27.24040309,Benthic,0.536894741,Predicted
Blenniidae,Petroscirtes_breviceps,11,HerDet,27.63482465,Benthic,0.632409462,Predicted
Blenniidae,Petroscirtes_fallax,9.5,Omnivr,24.832525,Benthic,0.677707876,Predicted
Blenniidae,Petroscirtes_lupus,13,InvMob,24.60149048,Benthic,0.625559055,Predicted
Blenniidae,Petroscirtes_marginatus,4.91,HerDet,28.17200714,Benthic,2.746973912,Predicted
Blenniidae,Petroscirtes_mitratus,8.5,HerDet,27.89980884,Benthic,0.546623774,Predicted
Blenniidae,Petroscirtes_pylei,4.09,HerDet,26.906325,Benthic,5.88447707,Predicted
Blenniidae,Petroscirtes_springeri,7.65,HerDet,23.89,Benthic,1.040120934,Predicted
Blenniidae,Petroscirtes_thepassii,5.9,Omnivr,29.07217152,Benthic,2.090865748,Predicted
Blenniidae,Petroscirtes_variabilis,15,Omnivr,28.27380156,Benthic,0.53645895,Predicted
Blenniidae,Petroscirtes_xestus,7.5,Omnivr,28.4741071,Benthic,1.522388966,Predicted
Blenniidae,Phenablennius_heyligeri,5.3,InvMob,28.93396667,Benthic,2.366984337,Predicted
Blenniidae,Plagiotremus_azaleus,10,FisCep,24.78160959,Benthic,0.817419714,Predicted
Blenniidae,Plagiotremus_ewaensis,10.2,FisCep,24.73338837,Benthopelagic,0.96568326,Predicted
Blenniidae,Plagiotremus_flavus,10.5,FisCep,26.509265,Benthopelagic,1.033063587,Predicted
Blenniidae,Plagiotremus_goslinei,6.35,FisCep,25.314285,Benthopelagic,2.208848183,Predicted
Blenniidae,Plagiotremus_iosodon,4.5,FisCep,28.9707,Benthopelagic,3.20654526,Predicted
Blenniidae,Plagiotremus_laudandus,8,FisCep,28.13993945,Benthopelagic,2.089829807,Predicted
Blenniidae,Plagiotremus_phenax,8,FisCep,28.83757222,Benthopelagic,2.36015463,Predicted
Blenniidae,Plagiotremus_rhinorhynchos,14,FisCep,27.757739,Benthopelagic,0.503906286,Predicted
Blenniidae,Plagiotremus_spilistius,17.4,FisCep,27.98228588,Benthopelagic,0.528889992,Predicted
Blenniidae,Plagiotremus_tapeinosoma,14,FisCep,27.65431687,Benthopelagic,0.512275138,Predicted
Blenniidae,Plagiotremus_townsendi,6,FisCep,27.45029054,Benthopelagic,2.247260676,Predicted
Blenniidae,Praealticus_bilineatus,9,HerDet,28.07107774,Benthic,0.434913208,Predicted
Blenniidae,Praealticus_caesius,7.9,HerDet,26.59781753,Benthic,2.09737922,Predicted
Blenniidae,Praealticus_labrovittatus,4.2,HerDet,28.57287727,Benthic,3.282278909,Predicted
Blenniidae,Praealticus_margaritatus,7.3,HerDet,28.60837273,Benthic,1.790604448,Predicted
Blenniidae,Praealticus_multistriatus,9,HerDet,26.06028462,Benthic,0.890031722,Predicted
Blenniidae,Praealticus_natalis,8,HerDet,27.873825,Benthic,2.014577058,Predicted
Blenniidae,Praealticus_oortii,6,HerDet,28.85027143,Benthic,3.050474921,Predicted
Blenniidae,Praealticus_poptae,4.7,HerDet,28.31753,Benthic,2.279897878,Predicted
Blenniidae,Praealticus_semicrenatus,6,HerDet,28.92819286,Benthic,2.863859453,Predicted
Blenniidae,Praealticus_striatus,9,HerDet,28.42328375,Benthic,0.571533521,Predicted
Blenniidae,Praealticus_tanegasimae,5.9,HerDet,24.13563418,Benthic,1.486464272,Predicted
Blenniidae,Praealticus_triangulus,7,HerDet,28.84582909,Benthic,2.611844747,Predicted
Blenniidae,Rhabdoblennius_nigropunctatus,6.1,HerDet,26.509265,Benthic,2.672298999,Predicted
Blenniidae,Rhabdoblennius_nitidus,8.3,HerDet,27.22279571,Benthic,1.314216057,Predicted
Blenniidae,Rhabdoblennius_papuensis,3.88,HerDet,29.2659375,Benthic,7.681103325,Predicted
Blenniidae,Rhabdoblennius_rhabdotrachelus,4.1,HerDet,27.62767525,Benthic,3.650954157,Predicted
Blenniidae,Rhabdoblennius_snowi,7,HerDet,28.37105077,Benthic,2.142022311,Predicted
Blenniidae,Salaria_basilisca,18,InvMob,18.620845,Benthic,0.295571815,Predicted
Blenniidae,Salaria_fluviatilis,15.4,InvMob,18.94358349,Benthic,0.429459327,Predicted
Blenniidae,Salaria_pavo,13,InvMob,18.22744096,Benthic,0.463801956,Predicted
Blenniidae,Salarias_alboguttatus,9,HerDet,27.82375041,Benthic,0.653414493,Predicted
Blenniidae,Salarias_ceramensis,15,HerDet,28.76052648,Benthic,0.507169129,Predicted
Blenniidae,Salarias_fasciatus,14,HerDet,28.08116396,Benthic,0.377907966,Predicted
Blenniidae,Salarias_guttatus,10,HerDet,28.36045896,Benthic,0.785588734,Predicted
Blenniidae,Salarias_luctuosus,5,HerDet,23.21725122,Benthic,1.096265317,Predicted
Blenniidae,Salarias_nigrocinctus,6.455654074,HerDet,26.06028462,Benthic,2.655795792,Predicted
Blenniidae,Salarias_obscurus,13,HerDet,28.84264571,Benthic,0.832281732,Predicted
Blenniidae,Salarias_patzneri,7,HerDet,26.40852255,Benthic,2.707102063,Original
Blenniidae,Salarias_ramosus,14,HerDet,28.6218917,Benthic,0.473370719,Predicted
Blenniidae,Salarias_segmentatus,11,HerDet,28.75691922,Benthic,0.693238402,Predicted
Blenniidae,Salarias_sibogai,5,HerDet,28.71785,Benthic,2.428279246,Predicted
Blenniidae,Salarias_sinuosus,6,HerDet,28.05466572,Benthic,1.732619274,Predicted
Blenniidae,Scartella_caboverdiana,6,HerDet,24.38993077,Benthic,1.951802545,Predicted
Blenniidae,Scartella_cristata,12,HerDet,23.05566966,Benthic,0.715479971,Predicted
Blenniidae,Scartella_emarginata,10,HerDet,25.50993671,Benthic,0.658181797,Predicted
Blenniidae,Scartella_itajobi,4.7,HerDet,27.53367143,Benthic,2.50397386,Predicted
Blenniidae,Scartella_nuchifilis,6.74,HerDet,25.90723333,Benthic,2.505170369,Predicted
Blenniidae,Scartella_poiti,8.54,HerDet,25.492,Benthic,0.461850653,Predicted
Blenniidae,Scartella_springeri,8.17,HerDet,22.5662,Benthic,0.891512264,Predicted
Blenniidae,Scartichthys_crapulatus,11.6,HerDet,16.60423077,Benthic,0.545429424,Predicted
Blenniidae,Scartichthys_gigas,22.2,HerDet,20.77115479,Benthic,0.240337402,Predicted
Blenniidae,Scartichthys_variolatus,16.3,HerDet,18.215325,Benthic,0.28523717,Predicted
Blenniidae,Scartichthys_viridis,19.7,HerDet,18.51423137,Benthic,0.231365599,Predicted
Blenniidae,Spaniblennius_riodourensis,5.1,InvMob,20.68771875,Benthic,0.651908239,Predicted
Blenniidae,Stanulus_seychellensis,4,HerDet,28.05607065,Benthic,4.875758471,Predicted
Blenniidae,Stanulus_talboti,4.8,HerDet,24.58595543,Benthic,1.916291027,Predicted
Blenniidae,Xiphasia_matsubarai,30,InvMob,27.6899354,Benthic,0.473772248,Predicted
Blenniidae,Xiphasia_setifer,53,InvMob,27.71142712,Benthic,0.169650474,Predicted
Bothidae,Bothus_podas,45,InvMob,19.59315014,Benthic,0.093676509,Original
Bythitidae,Alionematichthys_crassiceps,6.3,InvMob,27.79104933,Benthic,2.114704603,Predicted
Bythitidae,Alionematichthys_minyomma,7.79,InvMob,27.72465161,Benthic,1.949398017,Predicted
Bythitidae,Alionematichthys_piger,8.4,InvMob,27.71479813,Benthic,1.845731697,Predicted
Bythitidae,Alionematichthys_plicatosurculus,7.9,InvMob,28.82983548,Benthic,1.97602574,Predicted
Bythitidae,Alionematichthys_riukiuensis,7.87,InvMob,28.04485327,Benthic,1.198884196,Predicted
Bythitidae,Alionematichthys_suluensis,4.9,InvMob,28.81270108,Benthic,2.693266284,Predicted
Bythitidae,Alionematichthys_winterbottomi,8,InvMob,27.00257358,Benthic,1.373949523,Predicted
Bythitidae,Beaglichthys_bleekeri,7.2,InvMob,27.78610833,Benthic,1.943422977,Predicted
Bythitidae,Bidenichthys_beeblebroxi,8.2,InvMob,17.5047375,Benthic,0.670472677,Predicted
Bythitidae,Brosmophyciops_pautzkei,7.5,InvMob,27.9642728,Benthic,1.534937398,Predicted
Bythitidae,Calamopteryx_goslinei,6.35,InvMob,27.48918382,Benthic,2.104950237,Predicted
Bythitidae,Dermatopsis_hoesei,4,InvMob,21.65125,Benthic,2.033735467,Predicted
Bythitidae,Dermatopsis_macrodon,10,InvMob,22.36572976,Benthic,0.498853504,Predicted
Bythitidae,Dermatopsis_multiradiatus,11.5,InvMob,17.07261111,Benthic,0.70476917,Predicted
Bythitidae,Diancistrus_alatus,3.2,InvMob,25.91230769,Benthic,7.85745556,Predicted
Bythitidae,Diancistrus_alleni,7,InvMob,27.83018278,Benthic,2.330053129,Predicted
Bythitidae,Diancistrus_altidorsalis,10.2,InvMob,28.72057546,Benthic,0.716431993,Predicted
Bythitidae,Diancistrus_atollorum,5.8,InvMob,28.83653049,Benthic,2.571267426,Predicted
Bythitidae,Diancistrus_beateae,14.9,InvMob,28.31478756,Benthic,0.540375697,Predicted
Bythitidae,Diancistrus_brevirostris,5.9,InvMob,26.32779024,Benthic,3.011704896,Predicted
Bythitidae,Diancistrus_eremitus,8.3,InvMob,28.40792825,Benthic,1.794132555,Predicted
Bythitidae,Diancistrus_erythraeus,7,InvMob,27.93546022,Benthic,1.934715063,Predicted
Bythitidae,Diancistrus_fijiensis,4.9,InvMob,26.54043281,Benthic,2.702109487,Predicted
Bythitidae,Diancistrus_fuscus,7,InvMob,28.06577864,Benthic,1.611944068,Predicted
Bythitidae,Diancistrus_jeffjohnsoni,6,InvMob,27.75730962,Benthic,2.366211788,Predicted
Bythitidae,Diancistrus_karinae,7.5,InvMob,28.84466404,Benthic,2.077309849,Predicted
Bythitidae,Diancistrus_leisi,3.3,InvMob,27.17005098,Benthic,6.599998893,Predicted
Bythitidae,Diancistrus_longifilis,7.6,InvMob,25.88928712,Benthic,2.153500018,Predicted
Bythitidae,Diancistrus_machidai,6,InvMob,28.81246059,Benthic,2.606822168,Predicted
Bythitidae,Diancistrus_mcgroutheri,4.7,InvMob,27.8119101,Benthic,2.342997695,Predicted
Bythitidae,Diancistrus_novaeguineae,10.3,InvMob,28.25832644,Benthic,0.71763981,Predicted
Bythitidae,Diancistrus_pohnpeiensis,8.2,InvMob,29.00750385,Benthic,1.591989339,Predicted
Bythitidae,Diancistrus_tongaensis,4.5,InvMob,27.48152216,Benthic,2.495764731,Predicted
Bythitidae,Didymothallus_criniceps,5.4,InvMob,26.09751951,Benthic,3.102179128,Predicted
Bythitidae,Dinematichthys_iluocoeteoides,12,InvMob,27.97996155,Benthic,0.737612588,Predicted
Bythitidae,Dinematichthys_trilobatus,4.6,InvMob,28.3478425,Benthic,2.025963055,Predicted
Bythitidae,Dipulus_caecus,19.7,InvMob,21.59250833,Benthic,0.230250967,Predicted
Bythitidae,Dipulus_hutchinsi,10.2,InvMob,18.73123333,Benthic,0.445067498,Predicted
Bythitidae,Ematops_randalli,4.2,InvMob,28.6712399,Benthic,3.322123361,Predicted
Bythitidae,Eusurculus_andamanensis,4.4,InvMob,28.78755,Benthic,2.514013294,Predicted
Bythitidae,Eusurculus_pistillum,4.87,InvMob,27.17185022,Benthic,1.9183372,Predicted
Bythitidae,Grammonus_ater,12,InvMob,18.50108667,Benthic,0.659040892,Predicted
Bythitidae,Grammonus_claudei,10,InvMob,27.13308452,Benthic,0.649781573,Predicted
Bythitidae,Grammonus_diagrammus,20.3,InvMob,25.97903788,Benthic,0.582142902,Predicted
Bythitidae,Grammonus_longhursti,10.6,InvMob,27.45493659,Benthic,0.663326024,Predicted
Bythitidae,Grammonus_robustus,21,InvMob,26.71114609,Benthic,0.462115815,Predicted
Bythitidae,Mascarenichthys_heemstrai,4.4,InvMob,27.25352736,Benthic,2.095226871,Predicted
Bythitidae,Microbrotula_bentleyi,4,InvMob,27.43726935,Benthic,4.920449929,Predicted
Bythitidae,Microbrotula_queenslandica,3.12,InvMob,25.87998358,Benthic,8.39161722,Predicted
Bythitidae,Ogilbia_boehlkei,7,InvMob,27.40110686,Benthic,1.394191921,Predicted
Bythitidae,Ogilbia_cayorum,6,InvMob,27.09171105,Benthic,1.847782242,Predicted
Bythitidae,Ogilbia_deroyi,7,InvMob,23.743775,Benthic,0.972624305,Predicted
Bythitidae,Ogilbia_jeffwilliamsi,5.6,InvMob,27.56461222,Benthic,2.290995141,Predicted
Bythitidae,Ogilbia_jewettae,6.8,InvMob,28.59447368,Benthic,1.7201465,Predicted
Bythitidae,Ogilbia_mccoskeri,6.5,InvMob,28.12338,Benthic,2.072872878,Predicted
Bythitidae,Ogilbia_nigromarginata,7.7,InvMob,23.93735,Benthic,1.097874712,Predicted
Bythitidae,Ogilbia_nudiceps,5.3,InvMob,24.50402222,Benthic,1.830347101,Predicted
Bythitidae,Ogilbia_robertsoni,7.1,InvMob,28.16226857,Benthic,2.052069733,Predicted
Bythitidae,Ogilbia_sabaji,5,InvMob,27.26681961,Benthic,1.827027839,Predicted
Bythitidae,Ogilbia_sedorae,5.9,InvMob,28.20284839,Benthic,2.311729059,Predicted
Bythitidae,Ogilbia_suarezae,7.5,InvMob,27.37839191,Benthic,1.423336613,Predicted
Bythitidae,Ogilbia_tyleri,5,InvMob,27.7264375,Benthic,2.658583645,Predicted
Bythitidae,Ogilbia_ventralis,7.8,InvMob,24.9485125,Benthic,1.341804412,Predicted
Bythitidae,Ogilbichthys_kakuki,6.7,InvMob,27.59604434,Benthic,1.891547131,Predicted
Bythitidae,Paradiancistrus_acutirostris,3.6,InvMob,27.77443333,Benthic,8.086438678,Predicted
Bythitidae,Paradiancistrus_cuyoensis,3.6,InvMob,28.82001066,Benthic,8.242304353,Predicted
Bythitidae,Stygnobrotula_latebricola,7.5,InvMob,27.19513819,Benthic,1.328673284,Predicted
Bythitidae,Ungusurculus_philippinensis,4.8,InvMob,28.73453554,Benthic,1.992031908,Predicted
Bythitidae,Ungusurculus_riauensis,4.7,InvMob,28.98631134,Benthic,2.291419223,Predicted
Bythitidae,Ungusurculus_sundaensis,5.4,InvMob,28.96003297,Benthic,2.105688348,Predicted
Bythitidae,Ungusurculus_williamsi,4.5,InvMob,28.81337857,Benthic,3.035345601,Predicted
Bythitidae,Zephyrichthys_barryi,5.9,InvMob,19.758472,Benthic,0.692853227,Predicted
Caesionidae,Caesio_cuning,35,Plktiv,26.19916964,Pelagic,0.17118074,Original
Caesionidae,Pterocaesio_pisang,21,Plktiv,28.43213011,Pelagic,0.686509739,Original
Carangidae,Alectis_alexandrina,100,FisCep,23.45615926,Pelagic,0.20584429,Predicted
Carangidae,Alectis_ciliaris,150,FisCep,26.85073187,Pelagic,0.118082751,Predicted
Carangidae,Alectis_indica,125,FisCep,28.51112509,Pelagic,0.159439082,Original
Carangidae,Alepes_djedaba,40,Plktiv,28.42685562,Pelagic,0.31134042,Original
Carangidae,Alepes_kleinii,18.1,Plktiv,28.43776274,Pelagic,0.729947334,Original
Carangidae,Alepes_melanoptera,25,FisCep,28.27629036,Pelagic,0.707713957,Predicted
Carangidae,Alepes_vari,56,InvMob,27.60252532,Pelagic,0.117272317,Predicted
Carangidae,Atropus_atropos,26.5,FisCep,27.57533099,Pelagic,0.637597523,Predicted
Carangidae,Atule_mate,30,InvMob,28.42685562,Pelagic,0.954780171,Original
Carangidae,Carangoides_armatus,57,FisCep,28.42685562,Pelagic,0.113149681,Original
Carangidae,Carangoides_bajad,55,FisCep,28.10476513,Pelagic,0.352258194,Original
Carangidae,Carangoides_bartholomaei,100,FisCep,26.04453987,Pelagic,0.163248794,Predicted
Carangidae,Carangoides_chrysophrys,80.5,FisCep,25.9083333,Pelagic,0.359338223,Original
Carangidae,Carangoides_coeruleopinnatus,41,FisCep,27.74567901,Pelagic,0.226834141,Predicted
Carangidae,Carangoides_dinema,85,FisCep,27.91342781,Pelagic,0.21643583,Predicted
Carangidae,Carangoides_equula,55.1,FisCep,28.73174953,Pelagic,0.09766918,Original
Carangidae,Carangoides_ferdau,70,FisCep,28.51112509,Pelagic,0.36791447,Original
Carangidae,Carangoides_fulvoguttatus,120,FisCep,27.60713456,Pelagic,0.111770866,Predicted
Carangidae,Carangoides_gymnostethus,90,FisCep,27.94642972,Pelagic,0.145099331,Predicted
Carangidae,Carangoides_hedlandensis,32,FisCep,27.62004081,Pelagic,0.399537976,Predicted
Carangidae,Carangoides_humerosus,25,FisCep,28.10687204,Pelagic,0.894471088,Predicted
Carangidae,Carangoides_malabaricus,60,FisCep,28.29970455,Pelagic,0.188346631,Original
Carangidae,Carangoides_oblongus,46,FisCep,27.77846485,Pelagic,0.215646344,Predicted
Carangidae,Carangoides_orthogrammus,75,FisCep,27.77555252,Pelagic,0.169628161,Predicted
Carangidae,Carangoides_otrynter,60,FisCep,27.9284875,Pelagic,0.224381097,Predicted
Carangidae,Carangoides_plagiotaenia,50,InvMob,27.96479619,Pelagic,0.200319373,Predicted
Carangidae,Carangoides_praeustus,25,FisCep,27.99609024,Pelagic,0.6437713,Predicted
Carangidae,Carangoides_talamparoides,51,FisCep,27.91635195,Pelagic,0.303669326,Predicted
Carangidae,Caranx_bucculentus,66,FisCep,27.46232557,Pelagic,0.349963751,Original
Carangidae,Caranx_caballus,62.4,FisCep,27.89794041,Pelagic,0.364621858,Original
Carangidae,Caranx_caninus,101,FisCep,25.69588881,Pelagic,0.211065848,Predicted
Carangidae,Caranx_crysos,70,FisCep,24.1355257,Pelagic,0.106482614,Original
Carangidae,Caranx_fischeri,53,FisCep,26.85376575,Pelagic,0.199265595,Predicted
Carangidae,Caranx_heberi,88,FisCep,27.75223329,Pelagic,0.126787702,Predicted
Carangidae,Caranx_hippos,124,FisCep,28.57594061,Pelagic,0.064800558,Original
Carangidae,Caranx_ignobilis,170,FisCep,28.51112509,Pelagic,0.087092408,Original
Carangidae,Caranx_latus,101,FisCep,26.40199799,Pelagic,0.169219301,Predicted
Carangidae,Caranx_lugubris,100,FisCep,27.79726839,Pelagic,0.116520133,Original
Carangidae,Caranx_melampygus,126.9,FisCep,24.02032408,Pelagic,0.152318941,Original
Carangidae,Caranx_papuensis,88,FisCep,27.6699829,Pelagic,0.136521066,Predicted
Carangidae,Caranx_rhonchus,60,FisCep,20.14840021,Pelagic,0.130967034,Original
Carangidae,Caranx_ruber,67,FisCep,27.57739876,Pelagic,0.169795346,Original
Carangidae,Caranx_senegallus,100,FisCep,27.04855645,Pelagic,0.181438426,Predicted
Carangidae,Caranx_sexfasciatus,120,FisCep,29.7887879,Pelagic,0.113833047,Original
Carangidae,Caranx_tille,80,FisCep,29.68755903,Pelagic,0.225226742,Original
Carangidae,Caranx_vinctus,37,FisCep,25.5458476,Pelagic,0.226759289,Predicted
Carangidae,Chloroscombrus_chrysurus,65,Plktiv,27.88317509,Pelagic,0.12858941,Original
Carangidae,Chloroscombrus_orqueta,30,Omnivr,25.05794318,Pelagic,0.36899218,Predicted
Carangidae,Decapterus_kurroides,45,Plktiv,28.88401468,Pelagic,0.299958312,Original
Carangidae,Decapterus_macarellus,40.5,Plktiv,28.66386009,Pelagic,0.400349714,Original
Carangidae,Decapterus_macrosoma,35,Plktiv,28.90059895,Pelagic,0.515873815,Original
Carangidae,Decapterus_maruadsi,25,Plktiv,29.10200239,Pelagic,1.105395289,Original
Carangidae,Decapterus_muroadsi,50,Plktiv,24.32097889,Pelagic,0.212306077,Predicted
Carangidae,Decapterus_punctatus,33.6,Plktiv,25.41074239,Pelagic,0.290780132,Original
Carangidae,Decapterus_russelli,45,Plktiv,28.49177584,Pelagic,0.2550717,Original
Carangidae,Decapterus_tabl,50,Plktiv,25.74196557,Pelagic,0.248122632,Predicted
Carangidae,Elagatis_bipinnulata,125,FisCep,29.22740126,Pelagic,0.509587073,Original
Carangidae,Gnathanodon_speciosus,120,FisCep,28.02013748,Pelagic,0.231487622,Original
Carangidae,Hemicaranx_leucurus,49.5,FisCep,28.07911944,Pelagic,0.211140189,Predicted
Carangidae,Hemicaranx_zelotes,35,FisCep,25.79304167,Pelagic,0.323132542,Predicted
Carangidae,Lichia_amia,200,FisCep,23.95187892,Pelagic,0.129517891,Predicted
Carangidae,Megalaspis_cordyla,80,FisCep,28.42685562,Pelagic,0.123680207,Original
Carangidae,Naucrates_ductor,70,FisCep,20.72188626,Pelagic,0.763771997,Original
Carangidae,Oligoplites_altus,56,FisCep,25.30294684,Pelagic,0.170097003,Predicted
Carangidae,Oligoplites_saliens,50,Plktiv,26.82336262,Pelagic,0.20332915,Predicted
Carangidae,Oligoplites_saurus,35,FisCep,26.1753179,Pelagic,0.256678201,Predicted
Carangidae,Pantolabus_radiatus,40,FisCep,27.85767436,Pelagic,0.373096957,Predicted
Carangidae,Parastromateus_niger,75,Plktiv,29.09364128,Pelagic,0.140857663,Original
Carangidae,Parona_signata,60,Plktiv,20.47026667,Pelagic,0.126810154,Predicted
Carangidae,Pseudocaranx_dentex,122,FisCep,17.67171955,Benthopelagic,0.022911322,Original
Carangidae,Pseudocaranx_dinjerra,23,FisCep,23.97033333,Pelagic,0.388821089,Predicted
Carangidae,Pseudocaranx_wrighti,70,FisCep,18.46653556,Pelagic,0.157883192,Predicted
Carangidae,Scomberoides_commersonnianus,120,FisCep,27.69496009,Pelagic,0.138666301,Predicted
Carangidae,Scomberoides_lysan,110,FisCep,29.7887879,Pelagic,0.148476858,Original
Carangidae,Scomberoides_tala,70,FisCep,28.19956494,Pelagic,0.224169009,Predicted
Carangidae,Scomberoides_tol,60,FisCep,27.73553527,Pelagic,0.195705533,Predicted
Carangidae,Selar_boops,28.2,Plktiv,28.88401468,Pelagic,2.023146121,Original
Carangidae,Selar_crumenophthalmus,30,Plktiv,28.53360271,Pelagic,0.944956598,Original
Carangidae,Selaroides_leptolepis,22,FisCep,29.20775042,Pelagic,1.113647798,Original
Carangidae,Selene_brevoortii,38,FisCep,25.57465068,Pelagic,0.236339152,Predicted
Carangidae,Selene_brownii,29,FisCep,27.42614709,Pelagic,0.503223718,Predicted
Carangidae,Selene_dorsalis,40,FisCep,26.77090952,Pelagic,0.230989479,Predicted
Carangidae,Selene_orstedii,33,FisCep,28.13543913,Pelagic,0.56314781,Predicted
Carangidae,Selene_peruviana,40,FisCep,25.34011299,Pelagic,0.204452995,Predicted
Carangidae,Selene_setapinnis,60,FisCep,24.07753602,Pelagic,0.170841107,Predicted
Carangidae,Selene_vomer,48.3,FisCep,24.08922204,Pelagic,0.221151998,Predicted
Carangidae,Seriola_carpenteri,72.5,FisCep,23.95756316,Pelagic,0.194433982,Predicted
Carangidae,Seriola_dumerili,190,FisCep,24.02032408,Pelagic,0.161626221,Original
Carangidae,Seriola_fasciata,67.5,FisCep,26.19567189,Pelagic,0.148975596,Predicted
Carangidae,Seriola_hippos,150,FisCep,19.57168545,Pelagic,0.151541896,Predicted
Carangidae,Seriola_lalandi,200,FisCep,17.5394206,Pelagic,0.069337121,Original
Carangidae,Seriola_peruana,57,FisCep,26.81021667,Pelagic,0.148975948,Predicted
Carangidae,Seriola_quinqueradiata,150,FisCep,18.62682371,Pelagic,0.184346842,Original
Carangidae,Seriola_rivoliana,163.2,FisCep,26.80792875,Pelagic,0.098412076,Predicted
Carangidae,Seriola_zonata,75,FisCep,26.03696312,Pelagic,0.163843178,Predicted
Carangidae,Seriolina_nigrofasciata,70,FisCep,27.55773602,Pelagic,0.181154096,Predicted
Carangidae,Trachinotus_africanus,92,FisCep,26.00203719,Pelagic,0.123497474,Predicted
Carangidae,Trachinotus_anak,100,FisCep,27.67546259,Pelagic,0.178970969,Predicted
Carangidae,Trachinotus_baillonii,60,FisCep,27.83370072,Pelagic,0.244753574,Predicted
Carangidae,Trachinotus_blochii,110,FisCep,27.80462951,Pelagic,0.106476145,Predicted
Carangidae,Trachinotus_botla,75,FisCep,27.1997788,Pelagic,0.209904954,Predicted
Carangidae,Trachinotus_carolinus,64,FisCep,26.76626502,Pelagic,0.194707156,Predicted
Carangidae,Trachinotus_coppingeri,34.5,FisCep,25.53063542,Pelagic,0.218618203,Predicted
Carangidae,Trachinotus_falcatus,147.5,InvMob,26.66445568,Pelagic,0.117818335,Original
Carangidae,Trachinotus_goodei,50,FisCep,26.70328577,Benthopelagic,0.203033465,Predicted
Carangidae,Trachinotus_goreensis,60,FisCep,27.06546379,Benthopelagic,0.145732644,Predicted
Carangidae,Trachinotus_marginatus,45,InvMob,15.46528316,Pelagic,0.300831305,Original
Carangidae,Trachinotus_maxillosus,80,FisCep,27.21422885,Benthopelagic,0.182258458,Predicted
Carangidae,Trachinotus_mookalee,90,FisCep,27.95703617,Pelagic,0.134547759,Predicted
Carangidae,Trachinotus_ovatus,70,FisCep,20.49027609,Benthopelagic,0.116281676,Predicted
Carangidae,Trachinotus_paitensis,51,FisCep,24.34672674,Pelagic,0.231687604,Predicted
Carangidae,Trachinotus_rhodopus,61,FisCep,25.21667436,Benthic,0.152670057,Predicted
Carangidae,Trachinotus_stilbe,34,FisCep,25.58204219,Benthic,0.317772745,Predicted
Carangidae,Trachinotus_teraia,68,FisCep,27.1107375,Benthopelagic,0.15672591,Predicted
Carangidae,Trachurus_capensis,65.9,Plktiv,17.07014608,Pelagic,0.089758552,Original
Carangidae,Trachurus_declivis,73,Plktiv,17.99296522,Pelagic,0.072565956,Original
Carangidae,Trachurus_delagoa,35,Plktiv,26.00004057,Pelagic,0.246695922,Predicted
Carangidae,Trachurus_indicus,35,Plktiv,22.91441746,Pelagic,0.276952845,Original
Carangidae,Trachurus_japonicus,50,Plktiv,21.28205091,Pelagic,0.276889506,Original
Carangidae,Trachurus_lathami,40,Plktiv,23.66367525,Pelagic,0.081624698,Original
Carangidae,Trachurus_longimanus,22,Plktiv,16.84856667,Pelagic,0.34401658,Predicted
Carangidae,Trachurus_mediterraneus,68.6,Plktiv,19.60939537,Pelagic,0.070639841,Original
Carangidae,Trachurus_murphyi,70,Plktiv,13.02727556,Pelagic,0.126537191,Original
Carangidae,Trachurus_novaezelandiae,58.3,Plktiv,15.57887101,Pelagic,0.130144039,Original
Carangidae,Trachurus_picturatus,60,Plktiv,19.08426744,Pelagic,0.104044734,Original
Carangidae,Trachurus_symmetricus,81,Plktiv,17.54605822,Pelagic,0.15620249,Original
Carangidae,Trachurus_trachurus,70,Plktiv,19.60939537,Pelagic,0.064699819,Original
Carangidae,Trachurus_trecae,39.4,Plktiv,24.31946861,Pelagic,0.316962973,Original
Carangidae,Ulua_mentalis,100,FisCep,27.85211389,Benthopelagic,0.125650332,Predicted
Carangidae,Uraspis_helvola,58,InvMob,28.42685562,Benthopelagic,0.154901908,Original
Carangidae,Uraspis_secunda,50,FisCep,25.53705203,Benthopelagic,0.168970398,Predicted
Carangidae,Uraspis_uraspis,28,FisCep,27.73109631,Benthic,0.562928222,Predicted
Centriscidae,Aeoliscus_punctulatus,15,Plktiv,27.11880838,Benthopelagic,0.378809775,Predicted
Centriscidae,Aeoliscus_strigatus,15,Plktiv,28.02989866,Benthopelagic,0.386283905,Predicted
Centriscidae,Centriscus_cristatus,30,Plktiv,27.55723079,Benthopelagic,0.429428588,Predicted
Centriscidae,Centriscus_scutatus,15,Plktiv,27.80394437,Benthopelagic,0.474262967,Predicted
Centropomidae,Centropomus_undecimalis,140,FisCep,27.41446514,Benthopelagic,0.161626,Original
Chaenopsidae,Acanthemblemaria_aspera,4,Plktiv,27.44081927,Benthic,5.554984644,Predicted
Chaenopsidae,Acanthemblemaria_atrata,3.2,Plktiv,28.129375,Benthic,8.625819194,Predicted
Chaenopsidae,Acanthemblemaria_balanorum,5.19,Plktiv,27.225425,Benthic,1.905002821,Predicted
Chaenopsidae,Acanthemblemaria_betinensis,4.3,Plktiv,27.89120556,Benthic,3.722844516,Predicted
Chaenopsidae,Acanthemblemaria_castroi,6,Plktiv,24.64045385,Benthic,1.877916718,Predicted
Chaenopsidae,Acanthemblemaria_chaplini,4.5,Plktiv,27.0188875,Benthic,2.350037405,Predicted
Chaenopsidae,Acanthemblemaria_crockeri,6,Plktiv,23.55519375,Benthic,1.136680844,Predicted
Chaenopsidae,Acanthemblemaria_exilispinus,5.5,Plktiv,27.584265,Benthic,2.424306087,Predicted
Chaenopsidae,Acanthemblemaria_greenfieldi,3.6,Plktiv,27.94563889,Benthic,7.946798984,Predicted
Chaenopsidae,Acanthemblemaria_hancocki,4.5,Plktiv,27.50808947,Benthic,2.791027079,Predicted
Chaenopsidae,Acanthemblemaria_johnsoni,2,Plktiv,27.1565625,Benthic,8.539489502,Predicted
Chaenopsidae,Acanthemblemaria_macrospilus,6,Plktiv,26.59858108,Benthic,2.831378191,Predicted
Chaenopsidae,Acanthemblemaria_mangognatha,3.09,Plktiv,25.81442308,Benthic,9.283095351,Predicted
Chaenopsidae,Acanthemblemaria_maria,5.1,Plktiv,27.45247629,Benthic,2.165234511,Predicted
Chaenopsidae,Acanthemblemaria_medusa,4,Plktiv,27.4255975,Benthic,5.091817466,Predicted
Chaenopsidae,Acanthemblemaria_paula,1.8,Plktiv,28.0417,Benthic,7.457551846,Predicted
Chaenopsidae,Acanthemblemaria_rivasi,3,Plktiv,27.67964138,Benthic,8.546810771,Predicted
Chaenopsidae,Acanthemblemaria_spinosa,3.1,Plktiv,27.46903846,Benthic,7.670480342,Predicted
Chaenopsidae,Acanthemblemaria_stephensi,5,Plktiv,27.28788333,Benthic,1.953060276,Predicted
Chaenopsidae,Chaenopsis_alepidota,15,InvMob,20.16196774,Benthic,0.489843648,Predicted
Chaenopsidae,Chaenopsis_deltarrhis,7.5,Plktiv,27.79702,Benthic,1.774161888,Predicted
Chaenopsidae,Chaenopsis_limbaughi,8.5,InvMob,27.52816728,Benthic,0.532800557,Predicted
Chaenopsidae,Chaenopsis_megalops,10.2,InvMob,27.14476667,Benthic,0.656520462,Predicted
Chaenopsidae,Chaenopsis_ocellata,12.5,InvMob,27.08937564,Benthic,0.613185144,Predicted
Chaenopsidae,Chaenopsis_resh,13,InvMob,27.33069667,Benthic,0.499407396,Predicted
Chaenopsidae,Chaenopsis_roseola,4.3,InvMob,24.87822105,Benthic,2.792035513,Predicted
Chaenopsidae,Chaenopsis_schmitti,8,Plktiv,23.743775,Benthic,0.939596884,Predicted
Chaenopsidae,Chaenopsis_stephensi,4.6,InvMob,27.1042,Benthic,2.093870065,Predicted
Chaenopsidae,Cirriemblemaria_lucasana,4,Plktiv,26.28764324,Benthic,8.077439355,Predicted
Chaenopsidae,Coralliozetus_angelicus,3.5,Plktiv,26.79351429,Benthic,7.888468583,Predicted
Chaenopsidae,Coralliozetus_cardonae,8.5,Plktiv,27.53172047,Benthic,0.523447185,Predicted
Chaenopsidae,Coralliozetus_micropes,4,Plktiv,23.546565,Benthic,3.011164663,Predicted
Chaenopsidae,Coralliozetus_rosenblatti,3.5,Plktiv,23.55856111,Benthic,3.63307075,Predicted
Chaenopsidae,Coralliozetus_springeri,2.5,Plktiv,27.30935789,Benthic,7.121537014,Predicted
Chaenopsidae,Ekemblemaria_myersi,7,InvMob,27.18645875,Benthic,1.455701605,Predicted
Chaenopsidae,Ekemblemaria_nigra,6.2,InvMob,27.92461429,Pelagic,2.422305391,Predicted
Chaenopsidae,Emblemaria_atlantica,7.5,InvMob,24.70554894,Benthic,1.54820553,Predicted
Chaenopsidae,Emblemaria_biocellata,3.75,InvMob,27.40113922,Benthic,5.850546486,Predicted
Chaenopsidae,Emblemaria_caldwelli,2.6,InvMob,27.46437778,Benthic,7.716390877,Predicted
Chaenopsidae,Emblemaria_culmenis,5.1,InvMob,27.37755,Benthic,1.877693706,Predicted
Chaenopsidae,Emblemaria_diphyodontis,7,InvMob,27.21692,Benthic,1.47529828,Predicted
Chaenopsidae,Emblemaria_hyltoni,2.3,InvMob,28.062875,Benthic,8.054679904,Predicted
Chaenopsidae,Emblemaria_hypacanthus,5,Plktiv,23.57185,Benthic,1.163433375,Predicted
Chaenopsidae,Emblemaria_nivipes,4.2,Plktiv,27.73271364,Benthic,3.979191849,Predicted
Chaenopsidae,Emblemaria_pandionis,6,Plktiv,27.26501942,Benthic,1.884790087,Predicted
Chaenopsidae,Emblemaria_piratica,4,Plktiv,28.17267727,Benthic,7.480313853,Predicted
Chaenopsidae,Emblemaria_piratula,5,InvMob,24.88391429,Benthic,1.913278196,Predicted
Chaenopsidae,Emblemaria_walkeri,6.5,Plktiv,23.43178462,Benthic,0.988212931,Predicted
Chaenopsidae,Emblemariopsis_arawak,2,InvMob,27.43512222,Benthic,7.053881904,Predicted
Chaenopsidae,Emblemariopsis_bahamensis,2.5,InvMob,27.39334217,Benthic,6.422409841,Predicted
Chaenopsidae,Emblemariopsis_bottomei,2.96,InvMob,27.453445,Benthic,6.978850784,Predicted
Chaenopsidae,Emblemariopsis_carib,1.48,InvMob,27.43512222,Benthic,7.053881904,Predicted
Chaenopsidae,Emblemariopsis_dianae,2.11,InvMob,28.13035,Benthic,9.637206221,Predicted
Chaenopsidae,Emblemariopsis_diaphana,4,InvMob,27.33616129,Benthic,5.156088148,Predicted
Chaenopsidae,Emblemariopsis_leptocirris,2.2,InvMob,27.39183857,Benthic,7.024946288,Predicted
Chaenopsidae,Emblemariopsis_occidentalis,1.92,InvMob,27.38451216,Benthic,7.644577309,Predicted
Chaenopsidae,Emblemariopsis_pricei,2.86,InvMob,28.09765,Benthic,8.938286993,Predicted
Chaenopsidae,Emblemariopsis_ramirezi,3.1,InvMob,27.2650375,Benthic,6.318923522,Predicted
Chaenopsidae,Emblemariopsis_randalli,3.8,InvMob,27.0497,Benthic,6.381827452,Predicted
Chaenopsidae,Emblemariopsis_ruetzleri,2,InvMob,27.83765556,Benthic,11.05603494,Predicted
Chaenopsidae,Emblemariopsis_signifer,3.3,InvMob,27.05426628,Benthic,6.628627189,Predicted
Chaenopsidae,Emblemariopsis_tayrona,3,InvMob,27.33025,Benthic,6.261887975,Predicted
Chaenopsidae,Hemiemblemaria_simulus,10,InvMob,27.38184651,Benthic,0.608472297,Predicted
Chaenopsidae,Lucayablennius_zingaro,5,InvMob,27.62276481,Benthic,2.320305889,Predicted
Chaenopsidae,Mccoskerichthys_sandae,8,Plktiv,28.203575,Benthic,1.815585295,Predicted
Chaenopsidae,Neoclinus_lacunicola,6,InvMob,18.45053953,Benthic,0.74859227,Predicted
Chaenopsidae,Neoclinus_nudus,5.19,InvMob,24.93399459,Benthic,1.864037103,Predicted
Chaenopsidae,Neoclinus_okazakii,6.19,InvMob,18.45053953,Benthic,0.748291763,Predicted
Chaenopsidae,Neoclinus_toshimaensis,7,InvMob,18.45053953,Benthic,0.644877036,Predicted
Chaenopsidae,Protemblemaria_bicirrus,4.5,InvMob,25.13202632,Benthic,2.273390514,Predicted
Chaenopsidae,Protemblemaria_perla,4.08,InvMob,27.834225,Benthic,7.98437016,Predicted
Chaenopsidae,Protemblemaria_punctata,6,InvMob,27.08763333,Benthic,1.847782242,Predicted
Chaenopsidae,Stathmonotus_culebrai,5,InvMob,27.30642955,Benthic,1.824037764,Predicted
Chaenopsidae,Stathmonotus_gymnodermis,4,InvMob,27.43092913,Benthic,4.919237406,Predicted
Chaenopsidae,Stathmonotus_hemphillii,5,InvMob,27.42097216,Benthic,1.733677218,Predicted
Chaenopsidae,Stathmonotus_sinuscalifornici,6.5,InvMob,23.55856111,Benthic,0.949476189,Predicted
Chaenopsidae,Stathmonotus_stahli,4,InvMob,27.3548186,Benthic,5.470753691,Predicted
Chaenopsidae,Stathmonotus_tekla,2.5,InvMob,27.59475439,Benthic,8.187666338,Predicted
Chaenopsidae,Tanyemblemaria_alleni,5.4,InvMob,27.72486,Benthic,2.578594707,Predicted
Chaetodontidae,Amphichaetodon_howensis,18,InvMob,19.86542439,Benthic,0.248813579,Predicted
Chaetodontidae,Amphichaetodon_melbae,14.5,InvMob,20.81585833,Benthic,0.456925439,Predicted
Chaetodontidae,Chaetodon_adiergastos,20,InvMob,28.40018613,Benthic,0.845300149,Predicted
Chaetodontidae,Chaetodon_andamanensis,15,InvSes,28.56493279,Benthic,0.617970338,Predicted
Chaetodontidae,Chaetodon_argentatus,20,InvMob,25.18963431,Benthic,0.54171206,Predicted
Chaetodontidae,Chaetodon_assarius,13,Omnivr,21.61245641,Benthopelagic,0.463076392,Predicted
Chaetodontidae,Chaetodon_aureofasciatus,12.5,InvSes,27.44245766,Benthic,0.595847822,Predicted
Chaetodontidae,Chaetodon_auriga,23,InvMob,28.85118227,Benthic,0.248072103,Original
Chaetodontidae,Chaetodon_auripes,20,InvMob,24.52095736,Benthic,0.41971119,Predicted
Chaetodontidae,Chaetodon_austriacus,13,InvSes,27.5204,Benthic,0.703194191,Predicted
Chaetodontidae,Chaetodon_baronessa,16,InvSes,26.40852255,Benthic,0.414701614,Original
Chaetodontidae,Chaetodon_bennetti,20,InvSes,27.78446999,Benthic,0.543897992,Predicted
Chaetodontidae,Chaetodon_blackburnii,13,InvMob,26.23481783,Benthic,1.050720808,Predicted
Chaetodontidae,Chaetodon_burgessi,14,InvMob,28.7583839,Benthic,0.475694235,Predicted
Chaetodontidae,Chaetodon_capistratus,15,InvSes,26.0771026,Benthopelagic,0.804968179,Predicted
Chaetodontidae,Chaetodon_citrinellus,13,InvSes,26.40852255,Benthic,0.958234516,Original
Chaetodontidae,Chaetodon_collare,18,InvSes,28.39514715,Benthic,0.747031657,Predicted
Chaetodontidae,Chaetodon_daedalma,15,Omnivr,23.51091833,Benthic,0.463367355,Predicted
Chaetodontidae,Chaetodon_declivis,12,InvMob,28.14989375,Benthopelagic,0.990123403,Predicted
Chaetodontidae,Chaetodon_decussatus,20,Omnivr,28.42931622,Benthic,0.720947154,Predicted
Chaetodontidae,Chaetodon_dialeucos,18,Omnivr,27.11324074,Benthic,0.410942448,Predicted
Chaetodontidae,Chaetodon_dolosus,15,Omnivr,26.42712533,Benthic,0.682269015,Predicted
Chaetodontidae,Chaetodon_ephippium,30,InvSes,27.71778751,Benthic,0.523258212,Predicted
Chaetodontidae,Chaetodon_falcula,20,InvMob,27.78291645,Benthic,0.597327044,Predicted
Chaetodontidae,Chaetodon_fasciatus,22,InvSes,27.73791017,Benthic,0.534002653,Predicted
Chaetodontidae,Chaetodon_flavirostris,20,InvMob,26.0105392,Benthic,0.600549821,Predicted
Chaetodontidae,Chaetodon_flavocoronatus,12,InvMob,28.45955455,Benthic,0.875552501,Predicted
Chaetodontidae,Chaetodon_fremblii,13,InvMob,24.73338837,Benthic,0.648639652,Predicted
Chaetodontidae,Chaetodon_gardineri,17,Omnivr,27.61426729,Benthic,0.523099163,Predicted
Chaetodontidae,Chaetodon_guentheri,18,Plktiv,26.809525,Benthic,0.440291641,Predicted
Chaetodontidae,Chaetodon_guttatissimus,12,InvSes,27.6113443,Benthic,0.862971169,Predicted
Chaetodontidae,Chaetodon_hoefleri,27,InvMob,24.64036744,Benthopelagic,0.367881971,Predicted
Chaetodontidae,Chaetodon_humeralis,25.4,Omnivr,24.74082288,Benthic,0.322601451,Predicted
Chaetodontidae,Chaetodon_interruptus,20,Omnivr,27.25060671,Benthic,0.433167028,Predicted
Chaetodontidae,Chaetodon_kleinii,15,InvSes,27.65161763,Benthic,0.553691209,Predicted
Chaetodontidae,Chaetodon_larvatus,12,InvSes,29.97210235,Benthic,0.538724662,Original
Chaetodontidae,Chaetodon_leucopleura,18,InvMob,27.58743333,Benthic,0.549929284,Predicted
Chaetodontidae,Chaetodon_lineolatus,30,InvMob,27.65604204,Benthic,0.446930536,Predicted
Chaetodontidae,Chaetodon_litus,15.5,InvMob,22.61315,Benthic,0.475311116,Predicted
Chaetodontidae,Chaetodon_lunula,20,InvMob,27.55746208,Benthic,0.576502724,Predicted
Chaetodontidae,Chaetodon_lunulatus,14,InvSes,26.40852255,Benthic,1.048600283,Original
Chaetodontidae,Chaetodon_madagaskariensis,13,InvMob,27.46602637,Benthic,0.611515252,Predicted
Chaetodontidae,Chaetodon_marleyi,20,InvMob,21.05714615,Benthic,0.290255408,Predicted
Chaetodontidae,Chaetodon_melannotus,18,InvSes,27.70843681,Benthic,0.583467142,Predicted
Chaetodontidae,Chaetodon_melapterus,13,InvSes,27.38744444,Benthic,0.475710543,Predicted
Chaetodontidae,Chaetodon_mertensii,12.5,Omnivr,27.37329318,Benthic,0.548382505,Predicted
Chaetodontidae,Chaetodon_mesoleucos,13,Omnivr,28.05144333,Benthic,0.449464962,Predicted
Chaetodontidae,Chaetodon_meyeri,20,InvSes,27.9855763,Benthic,0.558677822,Predicted
Chaetodontidae,Chaetodon_miliaris,15.4,Plktiv,25.29930276,Benthopelagic,1.073290088,Original
Chaetodontidae,Chaetodon_mitratus,14,Omnivr,27.67682632,Benthic,0.551122612,Predicted
Chaetodontidae,Chaetodon_multicinctus,12,InvSes,24.8945766,Benthic,0.951298663,Predicted
Chaetodontidae,Chaetodon_nigropunctatus,14,InvSes,26.78116389,Benthic,0.474397736,Predicted
Chaetodontidae,Chaetodon_nippon,15,InvMob,24.52459479,Benthopelagic,0.592212546,Predicted
Chaetodontidae,Chaetodon_ocellatus,20,InvSes,25.74511114,Benthopelagic,0.643113831,Predicted
Chaetodontidae,Chaetodon_ocellicaudus,15,InvSes,28.68682819,Benthic,0.583640527,Predicted
Chaetodontidae,Chaetodon_octofasciatus,12,InvSes,28.34761916,Benthic,0.736306731,Predicted
Chaetodontidae,Chaetodon_ornatissimus,20,InvSes,27.79607366,Benthic,0.512079135,Predicted
Chaetodontidae,Chaetodon_oxycephalus,25,InvSes,28.69290937,Benthic,0.471532295,Predicted
Chaetodontidae,Chaetodon_paucifasciatus,14,Omnivr,27.77143636,Benthic,0.531976237,Predicted
Chaetodontidae,Chaetodon_pelewensis,12.5,InvSes,27.20128987,Benthic,0.545434567,Predicted
Chaetodontidae,Chaetodon_plebeius,15,InvSes,26.64680063,Benthic,0.537498227,Predicted
Chaetodontidae,Chaetodon_punctatofasciatus,12,InvSes,28.23869069,Benthic,0.799410702,Predicted
Chaetodontidae,Chaetodon_quadrimaculatus,16,InvSes,27.12860293,Benthic,0.356765326,Predicted
Chaetodontidae,Chaetodon_rafflesii,18,InvSes,28.23292232,Benthic,0.56098207,Predicted
Chaetodontidae,Chaetodon_rainfordi,15,InvSes,25.89477255,Benthic,0.741307422,Predicted
Chaetodontidae,Chaetodon_reticulatus,18,InvSes,27.74156726,Benthic,0.56210517,Predicted
Chaetodontidae,Chaetodon_robustus,14.5,InvSes,26.64374889,Benthopelagic,0.528847237,Predicted
Chaetodontidae,Chaetodon_sanctaehelenae,18,InvMob,25.60437368,Benthopelagic,0.662449696,Predicted
Chaetodontidae,Chaetodon_sedentarius,15,InvMob,26.83414832,Benthopelagic,0.48422323,Predicted
Chaetodontidae,Chaetodon_selene,16,InvMob,28.22367618,Benthic,0.513922573,Predicted
Chaetodontidae,Chaetodon_semeion,26,InvSes,28.26675385,Benthic,0.565364272,Predicted
Chaetodontidae,Chaetodon_semilarvatus,23,InvSes,27.59726618,Benthic,0.459549826,Predicted
Chaetodontidae,Chaetodon_smithi,19,Plktiv,23.46355714,Benthopelagic,0.338742804,Predicted
Chaetodontidae,Chaetodon_speculum,18,InvSes,27.56038305,Benthic,0.508235871,Predicted
Chaetodontidae,Chaetodon_striatus,16,InvMob,26.53775457,Benthopelagic,0.490342186,Predicted
Chaetodontidae,Chaetodon_tinkeri,15,InvMob,26.27376053,Benthopelagic,0.740688075,Predicted
Chaetodontidae,Chaetodon_triangulum,16,InvSes,28.67730479,Benthic,0.53622359,Predicted
Chaetodontidae,Chaetodon_trichrous,12,Plktiv,27.01175109,Benthopelagic,0.725444353,Predicted
Chaetodontidae,Chaetodon_tricinctus,15,InvSes,21.95385217,Benthic,0.424104493,Predicted
Chaetodontidae,Chaetodon_trifascialis,18,InvSes,28.85118227,Benthic,0.658487988,Original
Chaetodontidae,Chaetodon_trifasciatus,15,InvSes,28.85118227,Benthic,1.851366798,Original
Chaetodontidae,Chaetodon_ulietensis,15,InvSes,27.76590994,Benthic,0.558895433,Predicted
Chaetodontidae,Chaetodon_unimaculatus,20,InvSes,27.59872312,Benthic,0.503524282,Predicted
Chaetodontidae,Chaetodon_vagabundus,23,InvMob,27.70162532,Benthic,0.551919534,Predicted
Chaetodontidae,Chaetodon_wiebeli,19,Omnivr,26.52729384,Benthic,0.501009955,Predicted
Chaetodontidae,Chaetodon_xanthocephalus,20,Omnivr,27.29169412,Benthic,0.434069019,Predicted
Chaetodontidae,Chaetodon_xanthurus,14,Omnivr,27.73538653,Benthic,0.572057059,Predicted
Chaetodontidae,Chaetodon_zanzibarensis,12,InvSes,26.80622057,Benthic,0.887103006,Predicted
Chaetodontidae,Chelmon_marginalis,18,InvMob,27.28799434,Benthic,0.419701233,Predicted
Chaetodontidae,Chelmon_muelleri,20.5,InvMob,27.44934615,Benthic,0.396731244,Predicted
Chaetodontidae,Chelmon_rostratus,20,InvMob,28.27941408,Benthic,0.665234976,Predicted
Chaetodontidae,Chelmonops_curiosus,26,InvMob,18.68092241,Benthic,0.188860341,Predicted
Chaetodontidae,Chelmonops_truncatus,22,InvMob,20.81982353,Benthic,0.272533809,Predicted
Chaetodontidae,Coradion_altivelis,18,InvMob,27.90768017,Benthic,0.605492361,Predicted
Chaetodontidae,Coradion_chrysozonus,15,InvSes,28.37944848,Benthic,0.690922845,Predicted
Chaetodontidae,Coradion_melanopus,15,InvMob,28.70260105,Benthic,0.537742081,Predicted
Chaetodontidae,Forcipiger_flavissimus,22,InvMob,27.55733024,Benthic,0.514890887,Predicted
Chaetodontidae,Forcipiger_longirostris,22,InvMob,27.85069474,Benthic,0.732653822,Predicted
Chaetodontidae,Hemitaurichthys_multispinosus,20.8,Plktiv,23.75775333,Benthopelagic,0.302545604,Predicted
Chaetodontidae,Hemitaurichthys_polylepis,18,Plktiv,27.89989403,Benthic,0.573540026,Predicted
Chaetodontidae,Hemitaurichthys_thompsoni,18,Plktiv,27.42792151,Pelagic,0.396892658,Predicted
Chaetodontidae,Hemitaurichthys_zoster,18,Plktiv,27.65708713,Pelagic,0.597739961,Predicted
Chaetodontidae,Heniochus_acuminatus,25,Plktiv,27.5876435,Benthopelagic,0.408999917,Predicted
Chaetodontidae,Heniochus_chrysostomus,18,InvSes,27.82786914,Benthopelagic,0.71386611,Predicted
Chaetodontidae,Heniochus_diphreutes,21,Plktiv,26.97113459,Benthopelagic,0.413572354,Predicted
Chaetodontidae,Heniochus_intermedius,18,Plktiv,27.77742857,Benthopelagic,0.509272308,Predicted
Chaetodontidae,Heniochus_monoceros,24,InvMob,27.75335885,Benthopelagic,0.442515553,Predicted
Chaetodontidae,Heniochus_pleurotaenia,17,InvMob,28.70420129,Benthic,0.528098829,Predicted
Chaetodontidae,Heniochus_singularius,30,InvSes,28.12382004,Benthopelagic,0.59374224,Predicted
Chaetodontidae,Heniochus_varius,19,InvSes,28.14101063,Benthopelagic,0.71278934,Predicted
Chaetodontidae,Johnrandallia_nigrirostris,20,Omnivr,25.70459375,Benthic,0.64124167,Predicted
Chaetodontidae,Parachaetodon_ocellatus,18,InvMob,28.05659515,Benthic,0.453546538,Predicted
Chaetodontidae,Prognathodes_aculeatus,10,InvMob,27.25698578,Benthopelagic,0.605147883,Predicted
Chaetodontidae,Prognathodes_aya,15,InvMob,25.30299294,Benthopelagic,0.63967713,Predicted
Chaetodontidae,Prognathodes_carlhubbsi,12.1,InvMob,26.51570714,Benthic,1.1126275,Predicted
Chaetodontidae,Prognathodes_dichrous,16,InvMob,24.23671667,Benthopelagic,0.571203813,Predicted
Chaetodontidae,Prognathodes_falcifer,15,InvMob,21.39270278,Benthic,0.453090617,Predicted
Chaetodontidae,Prognathodes_guezei,11,InvMob,26.87755957,Benthopelagic,0.740202614,Predicted
Chaetodontidae,Prognathodes_guyanensis,13.6,InvMob,27.20879067,Benthopelagic,0.419668018,Predicted
Chaetodontidae,Prognathodes_guyotensis,15,InvMob,27.23510909,Benthic,0.369845914,Predicted
Chaetodontidae,Prognathodes_marcellae,11.6,InvMob,26.6698931,Benthopelagic,1.109073076,Predicted
Chaetodontidae,Prognathodes_obliquus,15,InvMob,27.434025,Benthopelagic,0.336550615,Predicted
Chaetodontidae,Roa_australis,11.9,InvMob,27.492725,Benthopelagic,0.845487268,Predicted
Chaetodontidae,Roa_excelsa,15,InvMob,26.46187576,Benthopelagic,0.528958105,Predicted
Chaetodontidae,Roa_jayakari,16,InvMob,27.41990923,Benthopelagic,0.305631888,Predicted
Cheilodactylidae,Chirodactylus_brachydactylus,40,InvMob,20.21863077,Benthic,0.181877724,Predicted
Cheilodactylidae,Chirodactylus_grandis,180,InvMob,20.13623077,Benthic,0.051024448,Predicted
Cheilodactylidae,Chirodactylus_jessicalenorum,50,InvMob,22.2129,Benthic,0.143483181,Predicted
Cheilodactylidae,Dactylophora_nigricans,120,Omnivr,17.60671702,Benthic,0.04695134,Predicted
Cheilodactylidae,Goniistius_gibbosus,30,InvMob,18.21597547,Benthic,0.180529039,Predicted
Cheilodactylidae,Goniistius_plessisi,43,InvMob,26.054156,Benthic,0.133547505,Predicted
Cheilodactylidae,Goniistius_vestitus,35,InvMob,24.27941053,Benthic,0.216258428,Predicted
Cheilodactylidae,Goniistius_vittatus,41,InvMob,24.76702049,Benthic,0.156362843,Predicted
Cheilodactylidae,Goniistius_zonatus,45,InvMob,23.3788,Benthic,0.120524965,Predicted
Cheilodactylidae,Nemadactylus_douglasii,81,Omnivr,17.85946867,Benthic,0.061014332,Predicted
Cheilodactylidae,Nemadactylus_macropterus,70,InvMob,16.55729909,Benthic,0.118221552,Predicted
Cheilodactylidae,Nemadactylus_valenciennesi,90,InvMob,17.28655849,Benthic,0.071891968,Predicted
Cirrhitidae,Amblycirrhitus_bimacula,8.5,FisCep,27.88188629,Benthic,0.588345935,Predicted
Cirrhitidae,Amblycirrhitus_pinos,9.5,FisCep,27.61687469,Benthic,0.715495164,Predicted
Cirrhitidae,Amblycirrhitus_unimacula,8.5,FisCep,28.41127701,Benthic,0.620983129,Predicted
Cirrhitidae,Cirrhitichthys_aprinus,12.5,FisCep,27.48750461,Benthic,0.777283294,Predicted
Cirrhitidae,Cirrhitichthys_aureus,14,FisCep,27.7053998,Benthic,0.559022011,Predicted
Cirrhitidae,Cirrhitichthys_calliurus,12,FisCep,28.06427589,Benthic,0.655253144,Predicted
Cirrhitidae,Cirrhitichthys_falco,7,InvMob,28.1305626,Benthic,1.984455644,Predicted
Cirrhitidae,Cirrhitichthys_guichenoti,12,FisCep,26.45736815,Benthic,1.064190718,Predicted
Cirrhitidae,Cirrhitichthys_oxycephalus,10,FisCep,27.78483944,Benthic,0.770289531,Predicted
Cirrhitidae,Cirrhitops_fasciatus,12.7,FisCep,25.329425,Benthic,0.653409841,Predicted
Cirrhitidae,Cirrhitops_hubbardi,25,FisCep,27.452236,Benthic,0.354507232,Predicted
Cirrhitidae,Cirrhitus_pinnulatus,30,FisCep,27.71898368,Benthic,0.541203211,Predicted
Cirrhitidae,Cirrhitus_rivulatus,60,FisCep,26.13621277,Benthic,0.127828007,Predicted
Cirrhitidae,Cyprinocirrhites_polyactis,15,Plktiv,27.2020015,Benthopelagic,0.333621652,Predicted
Cirrhitidae,Itycirrhitus_wilhelmi,12,FisCep,20.0057381,Benthic,0.652894817,Predicted
Cirrhitidae,Neocirrhites_armatus,9,InvMob,27.72162599,Benthic,0.607492052,Predicted
Cirrhitidae,Oxycirrhites_typus,13,FisCep,27.89659577,Benthic,0.680804831,Predicted
Cirrhitidae,Paracirrhites_arcatus,14,FisCep,27.20100927,Benthic,0.194243114,Original
Cirrhitidae,Paracirrhites_forsteri,22,FisCep,27.58286394,Benthic,0.497926875,Predicted
Cirrhitidae,Paracirrhites_hemistictus,29,FisCep,27.9518112,Benthic,0.700225902,Predicted
Cirrhitidae,Paracirrhites_nisus,8.1,FisCep,28.10801739,Benthic,1.934320896,Predicted
Creediidae,Chalixodytes_tauensis,4.6,InvMob,28.0995321,Benthic,2.829044565,Predicted
Creediidae,Limnichthys_fasciatus,5,Plktiv,26.80668913,Benthic,2.395791378,Predicted
Creediidae,Limnichthys_nitidus,3.5,InvMob,27.55731604,Benthic,7.833326254,Predicted
Dactylopteridae,Dactyloptena_orientalis,40,InvMob,29.20857792,Benthic,0.429437268,Original
Dactylopteridae,Dactylopterus_volitans,50,FisCep,23.09820985,Benthic,0.170521912,Predicted
Diodontidae,Allomycterus_pilatus,50,InvMob,17.79360291,Benthic,0.113817543,Predicted
Diodontidae,Chilomycterus_antennatus,38,InvMob,26.82496857,Benthopelagic,0.13094958,Predicted
Diodontidae,Chilomycterus_antillarum,30,InvMob,27.06588193,Benthopelagic,0.397478709,Predicted
Diodontidae,Chilomycterus_reticulatus,69.7,InvMob,26.99179588,Benthic,0.13496413,Predicted
Diodontidae,Chilomycterus_schoepfii,27.9,InvMob,25.92773901,Benthopelagic,0.365400051,Predicted
Diodontidae,Cyclichthys_hardenbergi,25,InvMob,28.46709569,Benthic,0.499608355,Predicted
Diodontidae,Cyclichthys_orbicularis,30,InvMob,27.66898584,Benthic,0.459526766,Predicted
Diodontidae,Cyclichthys_spilostylus,34,InvMob,27.28794069,Benthic,0.334080669,Predicted
Diodontidae,Diodon_eydouxii,27,InvMob,27.59192243,Benthic,0.492325688,Predicted
Diodontidae,Diodon_holocanthus,50,InvMob,26.80736126,Benthic,0.151871123,Predicted
Diodontidae,Diodon_hystrix,91,InvMob,27.35872911,Benthic,0.077840679,Predicted
Diodontidae,Diodon_liturosus,65,InvMob,27.89913603,Benthic,0.106385024,Predicted
Diodontidae,Diodon_nicthemerus,40,InvMob,18.23243789,Benthic,0.15107274,Predicted
Diodontidae,Tragulichthys_jaculiferus,30,InvMob,27.67538455,Benthic,0.460862407,Predicted
Echeneidae,Echeneis_naucrates,110,Plktiv,26.62143258,Pelagic,0.107595866,Predicted
Echeneidae,Echeneis_neucratoides,75,Omnivr,26.724692,Pelagic,0.109847446,Predicted
Echeneidae,Remora_remora,86.4,InvMob,25.3009199,Pelagic,0.118367291,Predicted
Ephippidae,Chaetodipterus_faber,91,InvMob,22.73994808,Pelagic,0.151216034,Original
Ephippidae,Chaetodipterus_lippei,31,Omnivr,27.15392545,Pelagic,0.416335159,Predicted
Ephippidae,Chaetodipterus_zonatus,65,Omnivr,25.63767808,Pelagic,0.119072765,Predicted
Ephippidae,Ephippus_orbis,25,InvMob,27.82986501,Benthopelagic,0.581832199,Predicted
Ephippidae,Parapsettus_panamensis,30,InvMob,26.49868727,Benthopelagic,0.424867211,Predicted
Ephippidae,Platax_batavianus,65,Omnivr,27.9527048,Benthopelagic,0.082091276,Predicted
Ephippidae,Platax_boersii,40,Omnivr,27.81735363,Benthopelagic,0.298973334,Predicted
Ephippidae,Platax_orbicularis,50,Omnivr,27.88133918,Benthopelagic,0.185388476,Predicted
Ephippidae,Platax_pinnatus,45,Omnivr,28.11252857,Benthopelagic,0.15728055,Predicted
Ephippidae,Platax_teira,70,Omnivr,27.58498787,Benthopelagic,0.082481592,Predicted
Ephippidae,Proteracanthus_sarissophorus,32.5,Omnivr,28.70651875,Benthopelagic,0.373510245,Predicted
Ephippidae,Tripterodon_orbis,75,Omnivr,26.6027789,Benthopelagic,0.081684816,Predicted
Ephippidae,Zabidius_novemaculeatus,45,InvMob,27.90255082,Benthopelagic,0.15798644,Predicted
Epinephelidae,Cephalopholis_boenak,30,FisCep,24.62081173,Benthic,0.146339963,Original
Epinephelidae,Cephalopholis_cruentata,42.6,FisCep,28.31257259,Benthic,0.150087893,Original
Epinephelidae,Cephalopholis_fulva,45,FisCep,27.68530251,Benthic,0.062128779,Original
Epinephelidae,Cephalopholis_hemistiktos,35,FisCep,24.8418421,Benthic,0.103566476,Original
Epinephelidae,Cephalopholis_panamensis,31,FisCep,27.08820374,Benthic,0.182801929,Original
Epinephelidae,Cephalopholis_sexmaculata,50,FisCep,29.68755903,Benthic,0.15497211,Original
Epinephelidae,Cephalopholis_taeniops,70,FisCep,24.37003646,Benthic,0.074153091,Original
Epinephelidae,Cephalopholis_urodeta,28,FisCep,29.68755903,Benthic,0.480309818,Original
Epinephelidae,Cromileptes_altivelis,70,FisCep,27.35726643,Benthic,0.218890414,Original
Epinephelidae,Epinephelides_armatus,56,InvMob,21.47711706,Benthic,0.154687385,Original
Epinephelidae,Epinephelus_adscensionis,61,InvMob,27.68530251,Benthic,0.117851538,Original
Epinephelidae,Epinephelus_aeneus,144,InvMob,19.60259581,Benthic,0.131420582,Original
Epinephelidae,Epinephelus_areolatus,47,FisCep,24.53452852,Benthic,0.188411764,Original
Epinephelidae,Epinephelus_caninus,164,InvMob,21.69787121,Benthic,0.043554768,Original
Epinephelidae,Epinephelus_chlorostigma,75,FisCep,28.06675973,Benthic,0.093777274,Original
Epinephelidae,Epinephelus_coioides,120,FisCep,24.8418421,Benthic,0.090012495,Original
Epinephelidae,Epinephelus_costae,171.2,InvMob,22.37428644,Benthic,0.023218686,Original
Epinephelidae,Epinephelus_cyanopodus,122,FisCep,24.53452852,Benthopelagic,0.079089788,Original
Epinephelidae,Epinephelus_diacanthus,55,FisCep,28.51112509,Benthic,0.494864838,Original
Epinephelidae,Epinephelus_drummondhayi,110,InvMob,24.69118309,Benthic,0.085669075,Original
Epinephelidae,Epinephelus_fuscoguttatus,120,FisCep,29.7887879,Benthic,0.10291721,Original
Epinephelidae,Epinephelus_guttatus,76,InvMob,28.23061714,Benthic,0.070506008,Original
Epinephelidae,Epinephelus_hexagonatus,29.5,FisCep,28.85118227,Benthic,0.91,Original
Epinephelidae,Epinephelus_itajara,250,InvMob,25.0961628,Benthic,0.076191601,Original
Epinephelidae,Epinephelus_labriformis,60,FisCep,27.89794041,Benthic,0.075578354,Original
Epinephelidae,Epinephelus_latifasciatus,168.6,FisCep,24.8418421,Benthic,0.062071251,Original
Epinephelidae,Epinephelus_maculatus,60.5,FisCep,24.53452852,Benthic,0.172966175,Original
Epinephelidae,Epinephelus_malabaricus,215,InvMob,28.86658897,Benthic,0.227204373,Original
Epinephelidae,Epinephelus_marginatus,150,InvMob,21.40501595,Benthic,0.049586592,Original
Epinephelidae,Epinephelus_merra,31,InvMob,29.7887879,Benthic,0.534414295,Original
Epinephelidae,Epinephelus_morio,125,InvMob,26.51268244,Benthic,0.057018585,Original
Epinephelidae,Epinephelus_morrhua,90,InvMob,29.68755903,Benthic,0.121767071,Original
Epinephelidae,Epinephelus_multinotatus,100,FisCep,24.8418421,Benthic,0.102804046,Original
Epinephelidae,Epinephelus_ongus,40,FisCep,29.7887879,Benthic,0.615341787,Original
Epinephelidae,Epinephelus_polylepis,61,FisCep,24.8418421,Benthic,0.224053529,Original
Epinephelidae,Epinephelus_polyphekadion,113.7,FisCep,29.19171986,Benthic,0.033108897,Original
Epinephelidae,Epinephelus_rivulatus,39,FisCep,24.53452852,Benthic,0.323987962,Original
Epinephelidae,Epinephelus_sexfasciatus,40,FisCep,28.54375935,Benthic,0.487189677,Original
Epinephelidae,Epinephelus_striatus,122,InvMob,28.31257259,Benthic,0.042336074,Original
Epinephelidae,Epinephelus_tauvina,75,FisCep,24.8418421,Benthic,0.271092703,Original
Epinephelidae,Epinephelus_tukula,200,FisCep,27.1123554,Benthic,0.035984909,Original
Epinephelidae,Hyporthodus_nigritus,230,FisCep,22.44345558,Benthic,0.061607022,Original
Epinephelidae,Hyporthodus_niveatus,122,FisCep,26.66445568,Benthic,0.097638617,Original
Epinephelidae,Hyporthodus_quernus,122,FisCep,25.13619757,Benthopelagic,0.081286618,Original
Epinephelidae,Mycteroperca_bonaci,150,FisCep,26.85710911,Benthic,0.109367069,Original
Epinephelidae,Mycteroperca_interstitialis,84,FisCep,27.85469151,Benthic,0.05925167,Original
Epinephelidae,Mycteroperca_microlepis,145,FisCep,24.58071899,Benthic,0.105091178,Original
Epinephelidae,Mycteroperca_olfax,120,InvMob,23.54472628,Benthic,0.099976949,Original
Epinephelidae,Mycteroperca_phenax,107,FisCep,24.46590681,Benthic,0.075218214,Original
Epinephelidae,Mycteroperca_rosacea,86,InvMob,25.12324242,Benthic,0.15704907,Original
Epinephelidae,Mycteroperca_rubra,144,FisCep,22.55747623,Benthic,0.063391302,Original
Epinephelidae,Mycteroperca_tigris,101,FisCep,27.96348171,Benthic,0.053310752,Original
Epinephelidae,Mycteroperca_venenosa,100,FisCep,28.31257259,Benthic,0.108988092,Original
Epinephelidae,Paranthias_furcifer,40.9,Plktiv,24.1355257,Pelagic,0.19686046,Original
Epinephelidae,Plectropomus_areolatus,80,FisCep,29.19089909,Benthic,0.171932264,Original
Epinephelidae,Plectropomus_laevis,125,FisCep,27.1123554,Benthic,0.127768563,Original
Epinephelidae,Plectropomus_leopardus,149.4,FisCep,26.27121115,Benthic,0.032592229,Original
Epinephelidae,Plectropomus_maculatus,119.9,FisCep,25.8062973,Benthic,0.059179412,Original
Epinephelidae,Triso_dermopterus,68,FisCep,24.37873316,Benthic,0.183795493,Original
Epinephelidae,Variola_louti,83,FisCep,29.7887879,Benthic,0.17752667,Original
Fistulariidae,Fistularia_commersonii,160,FisCep,27.25670468,Pelagic,0.118233031,Predicted
Fistulariidae,Fistularia_corneta,106,FisCep,25.86749855,Benthopelagic,0.12111086,Predicted
Fistulariidae,Fistularia_petimba,200,FisCep,26.98770554,Benthopelagic,0.055927579,Predicted
Fistulariidae,Fistularia_tabacaria,200,FisCep,25.3878075,Benthopelagic,0.054381172,Predicted
Gobiidae,Acentrogobius_janthinopterus,12.5,InvMob,28.12022241,Benthic,0.847932507,Predicted
Gobiidae,Acentrogobius_nebulosus,18,InvMob,27.91593688,Benthic,0.681248161,Predicted
Gobiidae,Amblyeleotris_arcupinna,11,InvMob,28.79546225,Benthic,0.746261998,Predicted
Gobiidae,Amblyeleotris_aurora,11,InvMob,27.76468142,Benthic,0.713529254,Predicted
Gobiidae,Amblyeleotris_biguttata,10.4,InvMob,28.12661104,Benthic,0.841047848,Predicted
Gobiidae,Amblyeleotris_diagonalis,11,InvMob,27.99241035,Benthic,0.534509158,Predicted
Gobiidae,Amblyeleotris_downingi,14,InvMob,28.01032653,Benthic,0.437788256,Predicted
Gobiidae,Amblyeleotris_fasciata,8,InvMob,28.21643125,Benthic,1.553733052,Predicted
Gobiidae,Amblyeleotris_fontanesii,25,InvMob,28.82397712,Benthic,0.445873279,Predicted
Gobiidae,Amblyeleotris_guttata,16,InvMob,28.19794406,Benthic,0.598864779,Predicted
Gobiidae,Amblyeleotris_gymnocephala,14,InvMob,28.15492297,Benthic,0.596658656,Predicted
Gobiidae,Amblyeleotris_latifasciata,13,InvMob,28.79043308,Benthic,0.724208613,Predicted
Gobiidae,Amblyeleotris_masuii,11,InvMob,27.81885571,Benthic,0.812690022,Predicted
Gobiidae,Amblyeleotris_novaecaledoniae,9.5,InvMob,26.97394088,Benthic,0.618846871,Predicted
Gobiidae,Amblyeleotris_ogasawarensis,10,InvMob,27.52010477,Benthic,0.774727503,Predicted
Gobiidae,Amblyeleotris_periophthalma,14.5,InvMob,28.01190023,Benthic,0.45262286,Predicted
Gobiidae,Amblyeleotris_randalli,12,InvMob,28.33656144,Benthic,0.713361181,Predicted
Gobiidae,Amblyeleotris_rubrimarginata,11,InvMob,28.04638008,Benthic,0.451674188,Predicted
Gobiidae,Amblyeleotris_steinitzi,16.4,InvMob,27.98822487,Benthic,0.487027702,Predicted
Gobiidae,Amblyeleotris_sungami,10,InvMob,27.58640712,Benthic,0.785106571,Predicted
Gobiidae,Amblyeleotris_triguttata,9,InvMob,27.95932533,Benthic,0.457394652,Predicted
Gobiidae,Amblyeleotris_wheeleri,10,InvMob,28.01067546,Benthic,0.612974278,Predicted
Gobiidae,Amblyeleotris_yanoi,13,InvMob,28.53833225,Benthic,0.678619563,Predicted
Gobiidae,Amblygobius_albimaculatus,18,HerDet,27.71732956,Benthic,0.528384987,Predicted
Gobiidae,Amblygobius_buanensis,7.5,Omnivr,28.99064292,Benthic,1.729340126,Predicted
Gobiidae,Amblygobius_bynoensis,9.8,HerDet,25.74942192,Benthic,2.213189133,Original
Gobiidae,Amblygobius_decussatus,11.9,Omnivr,28.33387841,Benthic,0.594875322,Predicted
Gobiidae,Amblygobius_esakiae,8.5,Omnivr,28.80990093,Benthic,0.607349103,Predicted
Gobiidae,Amblygobius_linki,6.5,Omnivr,28.37167843,Benthic,1.872343157,Predicted
Gobiidae,Amblygobius_nocturnus,12.4,HerDet,27.85568488,Benthic,1.051320154,Predicted
Gobiidae,Amblygobius_phalaena,10.5,HerDet,25.74942192,Benthic,2.229758937,Original
Gobiidae,Amblygobius_semicinctus,11,HerDet,27.82583584,Benthic,0.794675682,Predicted
Gobiidae,Amblygobius_sphynx,18,Omnivr,27.81794742,Benthic,0.702378127,Predicted
Gobiidae,Amblygobius_stethophthalmus,8.5,Omnivr,28.53205396,Benthic,0.433234942,Predicted
Gobiidae,Amoya_gracilis,14,InvMob,28.07914967,Benthic,0.429384762,Predicted
Gobiidae,Arcygobius_baliurus,10.16,Omnivr,28.00455894,Benthic,0.4682461,Predicted
Gobiidae,Aruma_histrio,6.5,InvMob,23.76761818,Benthic,1.048415583,Predicted
Gobiidae,Asterropteryx_atripes,2.19,HerDet,28.42759982,Benthic,9.303978587,Predicted
Gobiidae,Asterropteryx_bipunctata,3.11,Omnivr,28.70190352,Benthic,7.276432135,Predicted
Gobiidae,Asterropteryx_ensifera,3,Omnivr,28.41305475,Benthic,8.604469818,Predicted
Gobiidae,Asterropteryx_ovata,2.72,HerDet,28.30754051,Benthic,7.134262843,Predicted
Gobiidae,Asterropteryx_semipunctata,5.6,HerDet,25.74942192,Benthic,2.095216242,Original
Gobiidae,Asterropteryx_senoui,2.49,Omnivr,28.2158124,Benthic,8.26837762,Predicted
Gobiidae,Asterropteryx_spinosa,4.57,HerDet,27.68504652,Benthic,2.807680342,Predicted
Gobiidae,Asterropteryx_striata,2.32,Omnivr,28.45972845,Benthic,9.11532484,Predicted
Gobiidae,Austrolethops_wardi,6,HerDet,27.74915418,Benthic,2.349067488,Predicted
Gobiidae,Barbulifer_antennatus,1.97,InvMob,27.47903254,Benthic,8.72008675,Predicted
Gobiidae,Barbulifer_ceuthoecus,3,InvMob,27.06808308,Benthic,6.618437441,Predicted
Gobiidae,Barbulifer_pantherinus,5.2,InvMob,23.97229091,Benthic,1.353191817,Predicted
Gobiidae,Barbuligobius_boehlkei,2,InvMob,27.43361765,Benthic,7.052085097,Predicted
Gobiidae,Bathygobius_andrei,15.3,InvMob,26.41464219,Benthic,0.735837158,Predicted
Gobiidae,Bathygobius_coalitus,10,InvMob,27.56962341,Benthic,0.781916435,Predicted
Gobiidae,Bathygobius_cocosensis,12,InvMob,27.74003914,Benthic,1.011958942,Predicted
Gobiidae,Bathygobius_cotticeps,11,InvMob,27.79457603,Benthic,0.645167454,Predicted
Gobiidae,Bathygobius_curacao,7.5,InvMob,27.4028227,Benthic,1.273878664,Predicted
Gobiidae,Bathygobius_cyclopterus,7.5,InvMob,27.59964972,Benthic,1.689058251,Predicted
Gobiidae,Bathygobius_fuscus,12,Omnivr,27.83831992,Benthic,0.892464982,Predicted
Gobiidae,Bathygobius_laddi,5,InvMob,27.60138002,Benthic,2.267189579,Predicted
Gobiidae,Bathygobius_meggitti,6,InvMob,27.76660037,Benthic,2.361096924,Predicted
Gobiidae,Bathygobius_mystacium,15,InvMob,27.38957673,Benthic,0.341206258,Predicted
Gobiidae,Bathygobius_petrophilus,6.1,InvMob,27.60899355,Benthic,2.150662061,Predicted
Gobiidae,Bathygobius_ramosus,20,InvMob,25.59717867,Benthic,0.640666547,Predicted
Gobiidae,Bathygobius_soporator,15,InvMob,27.88317509,Benthic,0.788502301,Original
Gobiidae,Bollmannia_boqueronensis,10,InvMob,27.32958,Benthic,0.568840742,Predicted
Gobiidae,Bollmannia_chlamydes,14,InvMob,26.54886,Benthic,0.530709698,Predicted
Gobiidae,Bollmannia_communis,12,InvMob,25.97007882,Benthic,1.426826734,Predicted
Gobiidae,Bryaninops_amplus,4.6,Plktiv,27.79408095,Benthic,2.539560954,Predicted
Gobiidae,Bryaninops_erythrops,2.3,InvMob,28.31905,Benthic,7.63629905,Predicted
Gobiidae,Bryaninops_isis,1.5,Plktiv,28.02488489,Benthic,8.440077115,Predicted
Gobiidae,Bryaninops_loki,4.5,Plktiv,27.87682345,Benthic,3.217257663,Predicted
Gobiidae,Bryaninops_natans,2.5,Plktiv,27.90207345,Benthic,8.875905934,Predicted
Gobiidae,Bryaninops_nexus,2.3,Plktiv,28.230576,Benthic,8.994974128,Predicted
Gobiidae,Bryaninops_ridens,1.78,Plktiv,27.86282227,Benthic,11.42291108,Predicted
Gobiidae,Bryaninops_tigris,2.45,Plktiv,27.89035621,Benthic,10.2795617,Predicted
Gobiidae,Bryaninops_yongei,4,Plktiv,27.78899222,Benthic,6.809750664,Predicted
Gobiidae,Cabillus_lacertops,4,InvMob,27.81528436,Benthic,6.322703163,Predicted
Gobiidae,Cabillus_tongarevae,2.7,InvMob,27.96512219,Benthic,7.38985013,Predicted
Gobiidae,Caffrogobius_caffer,18,Omnivr,20.99865,Benthic,0.392212126,Predicted
Gobiidae,Caffrogobius_gilchristi,15,Omnivr,23.82878065,Benthic,0.487546967,Predicted
Gobiidae,Caffrogobius_nudiceps,14,Omnivr,18.84738571,Benthic,0.329514995,Predicted
Gobiidae,Callogobius_bifasciatus,7,InvMob,27.39335302,Benthic,1.395134704,Predicted
Gobiidae,Callogobius_centrolepis,4,InvMob,28.79332786,Benthic,6.427773478,Predicted
Gobiidae,Callogobius_clitellus,5,InvMob,28.48387052,Benthic,2.31240482,Predicted
Gobiidae,Callogobius_crassus,3.5,InvMob,28.77945393,Benthic,7.067148689,Predicted
Gobiidae,Callogobius_depressus,14,InvMob,17.89534444,Benthic,0.333166057,Predicted
Gobiidae,Callogobius_dori,2.38,InvMob,28.02446389,Benthic,7.939681164,Predicted
Gobiidae,Callogobius_flavobrunneus,7,InvMob,27.80014862,Benthic,1.821212215,Predicted
Gobiidae,Callogobius_hasseltii,7.3,InvMob,27.86300446,Benthic,2.174884606,Predicted
Gobiidae,Callogobius_hastatus,7.5,InvMob,28.42336786,Benthic,1.728020636,Predicted
Gobiidae,Callogobius_maculipinnis,6.8,InvMob,28.47699371,Benthic,1.911311964,Predicted
Gobiidae,Callogobius_mucosus,11,InvMob,15.86911707,Benthic,0.41531645,Predicted
Gobiidae,Callogobius_okinawae,5,InvMob,28.28854502,Benthic,2.192539902,Predicted
Gobiidae,Callogobius_plumatus,3.9,InvMob,27.31471306,Benthic,5.211751744,Predicted
Gobiidae,Callogobius_producta,7,InvMob,28.80022183,Benthic,2.040791716,Predicted
Gobiidae,Callogobius_sclateri,7,InvMob,27.78699229,Benthic,1.9558162,Predicted
Gobiidae,Callogobius_snelliusi,3.3,InvMob,27.87798041,Benthic,8.836638522,Predicted
Gobiidae,Chriolepis_minutillus,3.2,InvMob,23.87584706,Benthic,4.127014724,Predicted
Gobiidae,Chriolepis_zebra,4.4,InvMob,24.004525,Benthic,1.59574843,Predicted
Gobiidae,Chromogobius_britoi,3.37,InvMob,19.43710417,Benthic,2.635511326,Predicted
Gobiidae,Clevelandia_ios,6.4,Omnivr,13.57764242,Benthic,0.616164087,Predicted
Gobiidae,Corcyrogobius_lubbocki,2,InvMob,27.65442667,Benthic,9.641671494,Predicted
Gobiidae,Coryogalops_tessellatus,3.45,Omnivr,27.27747308,Benthic,6.175747055,Predicted
Gobiidae,Coryphopterus_dicrus,5,Omnivr,27.22221198,Benthic,1.616348754,Predicted
Gobiidae,Coryphopterus_eidolon,6,HerDet,27.38339755,Benthic,1.851267654,Predicted
Gobiidae,Coryphopterus_glaucofraenum,8,HerDet,27.04499317,Benthic,1.40291997,Predicted
Gobiidae,Coryphopterus_hyalinus,2.5,Omnivr,27.38107407,Benthopelagic,7.601035784,Predicted
Gobiidae,Coryphopterus_lipernes,3,Omnivr,27.54264667,Benthic,8.075061685,Predicted
Gobiidae,Coryphopterus_personatus,4,Omnivr,27.39789291,Benthic,4.86690274,Predicted
Gobiidae,Coryphopterus_punctipectophorus,7.5,Omnivr,26.56629278,Benthic,1.820980753,Predicted
Gobiidae,Coryphopterus_thrix,5,Omnivr,27.04506425,Benthic,1.699320697,Predicted
Gobiidae,Coryphopterus_urospilus,6.5,Omnivr,25.80791642,Benthic,2.38848666,Predicted
Gobiidae,Cristatogobius_lophius,5.1,InvMob,28.38005332,Benthic,2.421657325,Predicted
Gobiidae,Cryptocentroides_insignis,8.6,InvMob,28.61542485,Benthic,0.487241793,Predicted
Gobiidae,Cryptocentrus_albidorsus,7.5,Omnivr,28.13114783,Benthic,1.559488083,Predicted
Gobiidae,Cryptocentrus_caeruleomaculatus,10,Omnivr,28.02936507,Benthic,0.408772012,Predicted
Gobiidae,Cryptocentrus_caeruleopunctatus,13,Omnivr,28.29168966,Benthic,0.644577316,Predicted
Gobiidae,Cryptocentrus_cebuanus,10,Omnivr,28.58418372,Benthic,0.569430551,Predicted
Gobiidae,Cryptocentrus_cinctus,10,Omnivr,28.26025782,Benthic,0.531189301,Predicted
Gobiidae,Cryptocentrus_cryptocentrus,13,Omnivr,27.0577823,Benthic,0.499183213,Predicted
Gobiidae,Cryptocentrus_cyanotaenia,12,Omnivr,28.91551197,Benthic,0.896186509,Predicted
Gobiidae,Cryptocentrus_fasciatus,14,Omnivr,28.01979887,Benthic,0.413674746,Predicted
Gobiidae,Cryptocentrus_inexplicatus,12,Omnivr,28.31247219,Benthic,0.643535835,Predicted
Gobiidae,Cryptocentrus_leptocephalus,12,Omnivr,27.89328618,Benthic,0.706210333,Predicted
Gobiidae,Cryptocentrus_leucostictus,7.5,Omnivr,27.96724591,Benthic,1.315058626,Predicted
Gobiidae,Cryptocentrus_lutheri,11,Omnivr,27.60493659,Benthic,0.526279162,Predicted
Gobiidae,Cryptocentrus_maudae,10,Omnivr,28.33442031,Benthic,0.502971748,Predicted
Gobiidae,Cryptocentrus_nigrocellatus,13,Omnivr,27.40129398,Benthic,0.454181141,Predicted
Gobiidae,Cryptocentrus_sericus,10,Omnivr,28.41451813,Benthic,0.631961239,Predicted
Gobiidae,Cryptocentrus_strigilliceps,12,InvMob,28.20685709,Benthic,0.883837296,Predicted
Gobiidae,Ctenogobiops_aurocingulus,10.5,InvMob,28.17331492,Benthic,0.846280166,Predicted
Gobiidae,Ctenogobiops_crocineus,5.49,InvMob,27.7722953,Benthic,2.360001674,Predicted
Gobiidae,Ctenogobiops_feroculus,8,InvMob,27.88574298,Benthic,1.834048458,Predicted
Gobiidae,Ctenogobiops_maculosus,6.7,InvMob,27.76840702,Benthic,2.034941587,Predicted
Gobiidae,Ctenogobiops_mitodes,6.8,InvMob,28.10896053,Benthic,2.13449309,Predicted
Gobiidae,Ctenogobiops_pomastictus,9.7,InvMob,28.13955657,Benthic,0.806171199,Predicted
Gobiidae,Ctenogobiops_tangaroai,6,InvMob,28.04827002,Benthic,1.669265391,Predicted
Gobiidae,Ctenogobius_boleosoma,7.5,InvMob,26.59720317,Benthic,2.05772979,Predicted
Gobiidae,Ctenogobius_saepepallens,5,InvMob,27.28400851,Benthic,1.828380845,Predicted
Gobiidae,Discordipinna_filamentosa,1.57,Omnivr,27.50550721,Benthic,9.503410385,Predicted
Gobiidae,Discordipinna_griessingeri,3,Omnivr,27.85382942,Benthic,9.162487659,Predicted
Gobiidae,Drombus_kranjiensis,3,Omnivr,28.99120103,Benthic,7.907498152,Predicted
Gobiidae,Echinogobius_hayashii,7,InvMob,27.47977648,Benthic,1.775366119,Predicted
Gobiidae,Elacatinus_chancei,5,InvMob,27.61004455,Benthic,2.245684177,Predicted
Gobiidae,Elacatinus_evelynae,4,InvMob,27.40214269,Benthic,4.904512607,Predicted
Gobiidae,Elacatinus_figaro,3.37,InvMob,25.74070769,Benthic,8.912356909,Predicted
Gobiidae,Elacatinus_horsti,5,InvMob,27.27703902,Benthic,1.826807588,Predicted
Gobiidae,Elacatinus_oceanops,5,InvMob,27.270424,Benthic,1.827027839,Predicted
Gobiidae,Elacatinus_prochilos,4,InvMob,27.50085954,Benthic,6.362874532,Predicted
Gobiidae,Elacatinus_randalli,4.55,InvMob,27.61273621,Benthic,2.545609963,Predicted
Gobiidae,Elacatinus_xanthiprora,4,InvMob,27.26047422,Benthic,5.204143194,Predicted
Gobiidae,Evermannichthys_bicolor,3,InvMob,27.56561951,Benthic,7.930409082,Predicted
Gobiidae,Evermannichthys_metzelaari,3,InvMob,27.66570353,Benthic,8.32977303,Predicted
Gobiidae,Evermannichthys_spongicola,3,InvMob,26.50309661,Benthic,8.21924999,Predicted
Gobiidae,Eviota_abax,4,Omnivr,23.210256,Benthic,2.653972984,Predicted
Gobiidae,Eviota_afelei,1.8,Omnivr,28.10819139,Benthic,10.13276712,Predicted
Gobiidae,Eviota_albolineata,3.6,Omnivr,27.90153213,Benthic,7.6366202,Predicted
Gobiidae,Eviota_ancora,1.4,Omnivr,23.82912581,Benthic,4.783169964,Predicted
Gobiidae,Eviota_atriventris,2.2,Plktiv,28.66354198,Benthic,9.787025442,Predicted
Gobiidae,Eviota_bifasciata,3.5,Omnivr,28.45550164,Benthic,7.678360143,Predicted
Gobiidae,Eviota_brahmi,1.68,Omnivr,29.00198652,Benthic,9.503240357,Predicted
Gobiidae,Eviota_distigma,2,Omnivr,27.85091323,Benthic,11.0907013,Predicted
Gobiidae,Eviota_dorsogilva,1.25,Omnivr,27.95481699,Benthic,8.920138986,Predicted
Gobiidae,Eviota_dorsopurpurea,1.74,Omnivr,28.62796732,Benthic,8.287528229,Predicted
Gobiidae,Eviota_fallax,1.81,Omnivr,28.35455965,Benthic,7.701876028,Predicted
Gobiidae,Eviota_fasciola,2.5,Omnivr,28.06596292,Benthic,7.110551386,Predicted
Gobiidae,Eviota_guttata,3.7,Omnivr,27.82854771,Benthic,9.340233348,Predicted
Gobiidae,Eviota_herrei,1.4,Omnivr,28.19022043,Benthic,9.753356989,Predicted
Gobiidae,Eviota_hoesei,2.05,Omnivr,23.7886037,Benthic,4.547683661,Predicted
Gobiidae,Eviota_indica,1.54,Omnivr,27.17644,Benthic,7.709231319,Predicted
Gobiidae,Eviota_infulata,2.5,Omnivr,27.87123065,Benthic,9.855074401,Predicted
Gobiidae,Eviota_irrasa,1.76,Omnivr,27.99354168,Benthic,8.039054658,Predicted
Gobiidae,Eviota_jewettae,1.24,Omnivr,28.87272025,Benthic,9.961949526,Predicted
Gobiidae,Eviota_karaspila,1.79,Omnivr,27.08568936,Benthic,7.64172936,Predicted
Gobiidae,Eviota_korechika,2.44,Omnivr,28.28660491,Benthic,8.458397368,Predicted
Gobiidae,Eviota_lachdeberei,2.1,Omnivr,28.66143548,Benthic,8.874271349,Predicted
Gobiidae,Eviota_latifasciata,1.5,Omnivr,28.82620202,Benthic,10.38730015,Predicted
Gobiidae,Eviota_masudai,3.24,Omnivr,21.76598333,Benthic,2.864796268,Predicted
Gobiidae,Eviota_melasma,2.7,Omnivr,26.40852255,Benthic,8.960091088,Original
Gobiidae,Eviota_mikiae,3.5,Omnivr,28.28946066,Benthic,7.150406539,Predicted
Gobiidae,Eviota_monostigma,3.2,Omnivr,26.99314133,Benthic,6.480412739,Predicted
Gobiidae,Eviota_nebulosa,2.3,Omnivr,27.79015103,Benthic,9.479491876,Predicted
Gobiidae,Eviota_nigramembrana,1.82,Omnivr,28.17619422,Benthic,10.16918121,Predicted
Gobiidae,Eviota_notata,1.54,Omnivr,27.18308017,Benthic,7.708218032,Predicted
Gobiidae,Eviota_pardalota,2.2,Omnivr,27.40953099,Benthic,7.357673832,Predicted
Gobiidae,Eviota_pellucida,2.12,Omnivr,28.60989161,Benthic,8.375509743,Predicted
Gobiidae,Eviota_pinocchioi,1.65,Omnivr,28.95053089,Benthic,9.402735866,Predicted
Gobiidae,Eviota_prasina,3.1,Omnivr,27.73685816,Benthic,8.57708651,Predicted
Gobiidae,Eviota_queenslandica,2.6,Omnivr,26.40852255,Benthic,9.939522069,Original
Gobiidae,Eviota_randalli,1.83,Omnivr,27.96463731,Benthic,8.365509381,Predicted
Gobiidae,Eviota_readerae,1.79,Omnivr,21.467125,Benthic,3.577060477,Predicted
Gobiidae,Eviota_rubrisparsa,1.95,Omnivr,28.66307371,Benthic,8.878708081,Predicted
Gobiidae,Eviota_saipanensis,2.6,Omnivr,28.04429138,Benthic,6.181637708,Predicted
Gobiidae,Eviota_sebreei,3.1,Omnivr,28.04912258,Benthic,5.775100281,Predicted
Gobiidae,Eviota_shimadai,1.56,Omnivr,28.77720667,Benthic,8.856797714,Predicted
Gobiidae,Eviota_sigillata,1.9,Omnivr,26.40852255,Benthic,16.43322054,Original
Gobiidae,Eviota_smaragdus,2.3,Omnivr,27.6990699,Benthic,10.26749296,Predicted
Gobiidae,Eviota_sparsa,2.5,Omnivr,28.24620525,Benthic,7.617285187,Predicted
Gobiidae,Eviota_spilota,2.1,Omnivr,28.1234603,Benthic,9.538154657,Predicted
Gobiidae,Eviota_springeri,1.69,Omnivr,27.37123333,Benthic,7.911612699,Predicted
Gobiidae,Eviota_storthynx,2.5,Omnivr,27.99884114,Benthic,7.275066497,Predicted
Gobiidae,Eviota_susanae,1.85,Omnivr,25.3725,Benthic,6.099358999,Predicted
Gobiidae,Eviota_toshiyuki,1.78,Omnivr,23.43938947,Benthic,4.097637596,Predicted
Gobiidae,Eviota_winterbottomi,1.62,Omnivr,28.69209048,Benthic,8.293643559,Predicted
Gobiidae,Eviota_zebrina,3.1,Omnivr,27.67969472,Benthic,8.401645714,Predicted
Gobiidae,Eviota_zonura,1.7,Omnivr,28.41109438,Benthic,10.29735061,Predicted
Gobiidae,Evorthodus_lyricus,15,InvMob,26.66976742,Benthic,0.526030591,Predicted
Gobiidae,Exyrias_akihito,11.12,Omnivr,28.08753142,Benthic,0.566456944,Predicted
Gobiidae,Exyrias_belissimus,20.5,Omnivr,28.1625768,Benthic,0.632242511,Predicted
Gobiidae,Exyrias_ferrarisi,11,Omnivr,28.75964338,Benthic,0.523254522,Predicted
Gobiidae,Exyrias_puntang,16.2,Omnivr,28.21335668,Benthic,0.549493657,Predicted
Gobiidae,Favonigobius_gymnauchen,9,Omnivr,27.78464544,Benthic,0.435864135,Predicted
Gobiidae,Favonigobius_reichei,8.3,Omnivr,27.87157301,Benthic,1.637770178,Predicted
Gobiidae,Feia_dabra,1.9,Omnivr,29.03479672,Benthic,9.022238761,Predicted
Gobiidae,Feia_nympha,2.7,Omnivr,27.65343239,Benthic,8.457668403,Predicted
Gobiidae,Fusigobius_aureus,3.48,InvMob,28.57314741,Benthic,6.980864166,Predicted
Gobiidae,Fusigobius_duospilus,6,InvMob,27.69525836,Benthic,2.516425351,Predicted
Gobiidae,Fusigobius_inframaculatus,4.55,InvMob,27.56062341,Benthic,2.681835018,Predicted
Gobiidae,Fusigobius_longispinus,8,InvMob,27.62577593,Benthic,1.638528458,Predicted
Gobiidae,Fusigobius_maximus,7.5,InvMob,27.79597341,Benthic,1.676533823,Predicted
Gobiidae,Fusigobius_melacron,4.3,InvMob,28.14387821,Benthic,3.773621275,Predicted
Gobiidae,Fusigobius_neophytus,7.5,InvMob,27.73537503,Benthic,1.917620339,Predicted
Gobiidae,Fusigobius_pallidus,6.45,InvMob,28.14869145,Benthic,2.15258956,Predicted
Gobiidae,Fusigobius_signipinnis,6,InvMob,27.99354621,Benthic,1.930796463,Predicted
Gobiidae,Ginsburgellus_novemlineatus,2.5,InvMob,27.48129697,Benthic,7.975691734,Predicted
Gobiidae,Gladiogobius_ensifer,7.5,InvMob,28.76898367,Benthic,1.615387049,Predicted
Gobiidae,Gladiogobius_rex,3.89,InvMob,28.80061847,Benthic,7.263473899,Predicted
Gobiidae,Gnatholepis_anjerensis,10.3,Omnivr,27.61880627,Benthic,0.646372958,Predicted
Gobiidae,Gnatholepis_argus,2.95,Omnivr,27.02955833,Benthic,6.432995624,Predicted
Gobiidae,Gnatholepis_caudimaculata,4.25,Omnivr,27.56580682,Benthic,3.400768696,Predicted
Gobiidae,Gnatholepis_cauerensis,6,Omnivr,27.74632415,Benthic,2.216226792,Predicted
Gobiidae,Gnatholepis_gymnocara,3.66,Omnivr,26.11630196,Benthic,9.16810331,Predicted
Gobiidae,Gnatholepis_ophthalmotaenia,5.5,Omnivr,28.42634192,Benthic,2.049080761,Predicted
Gobiidae,Gnatholepis_thompsoni,8.2,Omnivr,26.31959548,Benthic,2.102783756,Predicted
Gobiidae,Gnatholepis_yoshinoi,3.13,Omnivr,27.72184754,Benthic,8.890299166,Predicted
Gobiidae,Gobiodon_albofasciatus,2.5,InvSes,28.42157717,Benthic,9.413498925,Predicted
Gobiidae,Gobiodon_ater,2.65,InvSes,25.60304,Benthic,7.555589128,Predicted
Gobiidae,Gobiodon_bilineatus,3.57,InvSes,27.67742778,Benthic,8.765765792,Predicted
Gobiidae,Gobiodon_ceramensis,3.5,InvSes,28.24594545,Benthic,7.764546807,Predicted
Gobiidae,Gobiodon_citrinus,6.6,InvSes,27.81753778,Benthic,2.637263184,Predicted
Gobiidae,Gobiodon_erythrospilus,5.4,InvSes,27.83904818,Benthic,2.959022448,Predicted
Gobiidae,Gobiodon_fuscoruber,3.67,InvSes,25.85416015,Benthic,9.402341207,Predicted
Gobiidae,Gobiodon_heterospilos,6.6,InvSes,27.72035773,Benthic,2.452970166,Predicted
Gobiidae,Gobiodon_histrio,3.5,InvMob,27.9546423,Benthic,7.650788358,Predicted
Gobiidae,Gobiodon_irregularis,3.23,InvSes,27.54275758,Benthic,8.417664126,Predicted
Gobiidae,Gobiodon_multilineatus,3.5,InvSes,27.79749027,Benthic,8.024349708,Predicted
Gobiidae,Gobiodon_okinawae,3.5,InvSes,28.10849782,Benthic,9.371848864,Predicted
Gobiidae,Gobiodon_prolixus,3.21,InvSes,27.89426169,Benthic,8.471079908,Predicted
Gobiidae,Gobiodon_quinquestrigatus,5.5,InvMob,27.99505569,Benthic,1.937194836,Predicted
Gobiidae,Gobiodon_reticulatus,2.1,InvSes,27.35886624,Benthic,8.367635415,Predicted
Gobiidae,Gobiodon_rivulatus,5,InvMob,27.92520018,Benthic,2.448228622,Predicted
Gobiidae,Gobiodon_spilophthalmus,3.6,InvSes,27.55458131,Benthic,8.328402044,Predicted
Gobiidae,Gobiodon_unicolor,2.8,InvSes,27.83912686,Benthic,10.02056404,Predicted
Gobiidae,Gobioides_sagitta,39.7,InvMob,27.18697455,Benthic,0.205807757,Predicted
Gobiidae,Gobionellus_occidentalis,13.28,InvMob,27.22799608,Benthic,0.498152253,Predicted
Gobiidae,Gobiopsis_angustifrons,4.54,Omnivr,28.16933949,Benthic,2.652271633,Predicted
Gobiidae,Gobiopsis_aporia,4.1,Omnivr,28.16900494,Benthic,3.923153142,Predicted
Gobiidae,Gobiopsis_arenaria,1.6,Omnivr,28.025192,Benthic,7.902952676,Predicted
Gobiidae,Gobiopsis_atrata,8.5,Omnivr,15.89134815,Benthic,0.249389505,Predicted
Gobiidae,Gobiopsis_bravoi,4.1,Omnivr,28.76256691,Benthic,3.339296129,Predicted
Gobiidae,Gobiopsis_canalis,6.3,Omnivr,27.68969167,Benthic,2.045982502,Predicted
Gobiidae,Gobiopsis_malekulae,3,Omnivr,28.17993879,Benthic,8.154960274,Predicted
Gobiidae,Gobiopsis_quinquecincta,2.4,Omnivr,28.1648731,Benthic,9.737759514,Predicted
Gobiidae,Gobiopsis_springeri,3.2,Omnivr,28.41386987,Benthic,7.804505158,Predicted
Gobiidae,Gobiosoma_chiquita,6.5,Omnivr,23.936444,Benthic,1.043434352,Predicted
Gobiidae,Gobiosoma_paradoxum,4,Omnivr,26.62006481,Benthic,6.472625437,Predicted
Gobiidae,Gobiosoma_robustum,5,InvMob,24.58071899,Benthic,1.279296802,Original
Gobiidae,Gobius_cobitis,14.1,Omnivr,18.4169895,Benthic,0.345903704,Predicted
Gobiidae,Gobius_cruentatus,18,InvMob,18.19438606,Benthic,0.290520467,Predicted
Gobiidae,Gobius_fallax,9,InvMob,17.79641111,Benthic,0.32486357,Predicted
Gobiidae,Gobius_gasteveni,12,InvMob,16.69461429,Benthic,0.631141195,Predicted
Gobiidae,Gobius_niger,18,InvMob,19.57665606,Benthic,0.233162525,Original
Gobiidae,Gobius_paganellus,13,InvMob,11.25823849,Benthic,0.576080908,Original
Gobiidae,Gobius_vittatus,6.9,InvMob,17.73468224,Benthic,0.5366542,Original
Gobiidae,Gobius_xanthocephalus,10,InvMob,18.54330721,Benthic,0.45476626,Predicted
Gobiidae,Gobulus_hancocki,5.5,InvMob,26.24609016,Benthic,3.119138244,Predicted
Gobiidae,Gorogobius_nigricinctus,4,InvMob,27.04989111,Benthic,5.476665703,Predicted
Gobiidae,Grallenia_lipi,1.55,InvMob,28.860603,Benthic,9.999726407,Predicted
Gobiidae,Gymneleotris_seminuda,5,InvMob,26.12758615,Benthic,3.20726455,Predicted
Gobiidae,Hazeus_otakii,6.5,InvMob,27.61542343,Benthic,1.91175886,Predicted
Gobiidae,Hetereleotris_apora,3,InvMob,27.15356486,Benthic,6.966931282,Predicted
Gobiidae,Hetereleotris_caminata,4,InvMob,27.11301489,Benthic,5.590161433,Predicted
Gobiidae,Hetereleotris_georgegilli,2.25,InvMob,25.69108333,Benthic,9.749214429,Predicted
Gobiidae,Hetereleotris_margaretae,3,InvMob,25.52542273,Benthic,5.064542733,Predicted
Gobiidae,Hetereleotris_tentaculata,3,InvMob,27.12359174,Benthic,6.760742092,Predicted
Gobiidae,Hetereleotris_vulgaris,4,InvMob,27.60152674,Benthic,6.288283898,Predicted
Gobiidae,Hetereleotris_zanzibarensis,3,InvMob,27.22866263,Benthic,6.288385309,Predicted
Gobiidae,Hetereleotris_zonata,6.5,InvMob,27.26914139,Benthic,1.548655895,Predicted
Gobiidae,Istigobius_campbelli,7.1,HerDet,26.49804605,Benthic,2.305052054,Predicted
Gobiidae,Istigobius_decoratus,13,HerDet,27.72831264,Benthic,0.679637419,Predicted
Gobiidae,Istigobius_goldmanni,6.4,HerDet,25.74942192,Benthic,2.243852704,Original
Gobiidae,Istigobius_hoesei,6,HerDet,20.7607,Benthic,0.918010861,Predicted
Gobiidae,Istigobius_hoshinonis,8.9,HerDet,20.54953333,Benthic,0.330256127,Predicted
Gobiidae,Istigobius_nigroocellatus,6.5,HerDet,28.08895191,Benthic,2.384297865,Predicted
Gobiidae,Istigobius_ornatus,11,Omnivr,28.00863521,Benthic,0.395815348,Predicted
Gobiidae,Istigobius_rigilius,12.4,InvMob,28.18376418,Benthic,0.945623986,Predicted
Gobiidae,Istigobius_spence,7.9,HerDet,28.13109883,Benthic,1.854643072,Predicted
Gobiidae,Kelloggella_cardinalis,2.5,Omnivr,28.03249367,Benthic,6.424920961,Predicted
Gobiidae,Koumansetta_hectori,8.5,Omnivr,28.05507977,Benthic,0.285031978,Predicted
Gobiidae,Koumansetta_rainfordi,10.2,HerDet,28.26339321,Benthic,0.705737512,Predicted
Gobiidae,Lebetus_guilleti,2.5,InvMob,13.47994583,Benthic,2.674377579,Predicted
Gobiidae,Lebetus_scorpioides,4,InvMob,9.6167,Benthic,2.141086581,Predicted
Gobiidae,Lesueurigobius_friesii,13,InvMob,14.00135975,Benthic,0.140826118,Original
Gobiidae,Lesueurigobius_koumansi,11,InvMob,27.02251754,Benthic,0.54929721,Predicted
Gobiidae,Lesueurigobius_sanzi,11,InvMob,19.72892647,Benthic,0.459144985,Predicted
Gobiidae,Lesueurigobius_suerii,7.5,InvMob,18.971,Benthic,0.610979308,Predicted
Gobiidae,Lobulogobius_morrigu,3.1,Omnivr,28.07034046,Benthic,6.529068715,Predicted
Gobiidae,Lobulogobius_omanensis,5,Omnivr,27.62702766,Benthic,2.122645968,Predicted
Gobiidae,Lotilia_graciliosa,4.5,Omnivr,28.25041642,Benthic,2.177519679,Predicted
Gobiidae,Lubricogobius_dinah,1.63,Plktiv,27.99154474,Benthic,8.593382529,Predicted
Gobiidae,Luposicya_lupus,4.3,InvMob,27.60986051,Benthic,3.383399724,Predicted
Gobiidae,Lythrypnus_brasiliensis,1.61,InvMob,26.56012745,Benthic,9.783003587,Predicted
Gobiidae,Lythrypnus_dalli,6.4,InvMob,21.6712125,Benthic,0.667895564,Predicted
Gobiidae,Lythrypnus_elasson,1.58,InvMob,27.18928824,Benthic,7.348420715,Predicted
Gobiidae,Lythrypnus_gilberti,4.5,InvMob,24.24035556,Benthic,2.016988174,Predicted
Gobiidae,Lythrypnus_nesiotes,2,InvMob,26.94583252,Benthic,7.871064085,Predicted
Gobiidae,Lythrypnus_pulchellus,4.5,InvMob,25.92129848,Benthic,3.016670394,Predicted
Gobiidae,Lythrypnus_rhizophora,3.4,InvMob,26.50058103,Benthic,8.189799178,Predicted
Gobiidae,Lythrypnus_zebra,5.7,InvMob,22.21254706,Benthic,0.888077365,Predicted
Gobiidae,Macrodontogobius_wilburi,6.5,Omnivr,28.02327149,Benthic,1.423705014,Predicted
Gobiidae,Mahidolia_mystacina,8,InvMob,28.2233577,Benthic,1.553303469,Predicted
Gobiidae,Microgobius_carri,10,InvMob,26.7460456,Benthic,0.893092326,Predicted
Gobiidae,Microgobius_microlepis,10,InvMob,27.19512208,Benthic,0.565322604,Predicted
Gobiidae,Microgobius_signatus,6,InvMob,27.62143028,Benthic,2.16436413,Predicted
Gobiidae,Microgobius_thalassinus,6.4,InvMob,24.1551125,Benthic,1.397066687,Predicted
Gobiidae,Minysicya_caudimaculata,1.3,Omnivr,27.16563053,Benthic,8.112920909,Predicted
Gobiidae,Myersina_crocata,6,Plktiv,28.74767232,Benthic,2.543986312,Predicted
Gobiidae,Myersina_filifer,13.2,Plktiv,26.65234556,Benthic,0.760900038,Predicted
Gobiidae,Myersina_lachneri,5,Plktiv,28.7006,Benthic,2.68381951,Predicted
Gobiidae,Myersina_macrostoma,6,Plktiv,28.18473673,Benthic,2.628528653,Predicted
Gobiidae,Myersina_nigrivirgata,10,Plktiv,28.00136391,Benthic,0.620926299,Predicted
Gobiidae,Nematogobius_maindroni,8,InvMob,24.32372673,Benthic,1.663026293,Predicted
Gobiidae,Nes_longus,10,InvMob,27.41780072,Benthic,0.546456666,Predicted
Gobiidae,Oplopomops_diacanthus,7.5,Omnivr,28.92709145,Benthic,1.84707312,Predicted
Gobiidae,Oplopomus_caninoides,7.5,Omnivr,27.99028034,Benthic,1.247355185,Predicted
Gobiidae,Oplopomus_oplopomus,10,Omnivr,27.78751755,Benthic,0.619453376,Predicted
Gobiidae,Opua_nephodes,4.4,Omnivr,27.78577308,Benthic,2.506347837,Predicted
Gobiidae,Oxyurichthys_papuensis,20,Omnivr,27.83098439,Benthic,0.755236947,Predicted
Gobiidae,Oxyurichthys_stigmalophius,16.5,Omnivr,27.24180196,Benthic,0.357526091,Predicted
Gobiidae,Palutrus_meteori,6.2,Omnivr,25.78884909,Benthic,2.476834417,Predicted
Gobiidae,Palutrus_scapulopunctatus,6.3,Omnivr,28.59807588,Benthic,1.667695393,Predicted
Gobiidae,Paragobiodon_echinocephalus,4,InvSes,27.82902723,Benthic,8.392860005,Predicted
Gobiidae,Paragobiodon_kasaii,1.81,InvSes,27.88335604,Benthic,11.24630578,Predicted
Gobiidae,Paragobiodon_lacunicolus,3,InvSes,27.63487894,Benthic,8.158122172,Predicted
Gobiidae,Paragobiodon_modestus,3.5,InvSes,27.7709316,Benthic,8.580417785,Predicted
Gobiidae,Paragobiodon_xanthosoma,4,InvSes,27.78858659,Benthic,7.012443095,Predicted
Gobiidae,Periophthalmus_argentilineatus,19,InvMob,27.70254583,Benthic,0.623707638,Predicted
Gobiidae,Periophthalmus_barbarus,14.7,InvMob,27.00983276,Benthic,0.398520955,Predicted
Gobiidae,Periophthalmus_kalolo,14.1,InvMob,28.21793027,Benthic,0.526546744,Predicted
Gobiidae,Periophthalmus_modestus,10,InvMob,22.46962329,Benthic,0.505743854,Predicted
Gobiidae,Phyllogobius_platycephalops,5,InvMob,28.03898769,Benthic,1.756490466,Predicted
Gobiidae,Pleurosicya_annandalei,3,Omnivr,27.47430033,Benthic,7.61362237,Predicted
Gobiidae,Pleurosicya_bilobata,3,Omnivr,28.47671307,Benthic,7.709618857,Predicted
Gobiidae,Pleurosicya_boldinghi,4.5,Omnivr,27.55709606,Benthic,2.50897384,Predicted
Gobiidae,Pleurosicya_carolinensis,2.5,Omnivr,28.90309814,Benthic,8.787459371,Predicted
Gobiidae,Pleurosicya_coerulea,2.2,Omnivr,28.0518742,Benthic,6.945160856,Predicted
Gobiidae,Pleurosicya_elongata,4,Omnivr,27.9748504,Benthic,5.501523494,Predicted
Gobiidae,Pleurosicya_fringilla,2.2,Omnivr,27.61325327,Benthic,9.146623312,Predicted
Gobiidae,Pleurosicya_labiata,3.5,Omnivr,28.26145613,Benthic,6.81522398,Predicted
Gobiidae,Pleurosicya_micheli,2.5,InvMob,27.78241597,Benthic,8.815183571,Predicted
Gobiidae,Pleurosicya_mossambica,3,Omnivr,27.58141606,Benthic,8.005422231,Predicted
Gobiidae,Pleurosicya_muscarum,2.2,Omnivr,28.54534961,Benthic,8.925447507,Predicted
Gobiidae,Pleurosicya_occidentalis,2,Omnivr,27.68423333,Benthic,10.14524992,Predicted
Gobiidae,Pleurosicya_plicata,3.5,Omnivr,27.97350371,Benthic,6.874666223,Predicted
Gobiidae,Pleurosicya_prognatha,1.68,Omnivr,27.92830721,Benthic,9.617252055,Predicted
Gobiidae,Pomatoschistus_marmoratus,8,InvMob,18.66678571,Benthic,0.58150077,Predicted
Gobiidae,Priolepis_agrena,2.48,InvMob,28.23869369,Benthic,7.941269207,Predicted
Gobiidae,Priolepis_aureoviridis,6.4,InvMob,27.90453884,Benthic,2.030582744,Predicted
Gobiidae,Priolepis_boreus,2.4,InvMob,19.9444775,Benthic,2.396950594,Predicted
Gobiidae,Priolepis_cincta,7,InvMob,27.80591568,Benthic,1.794389593,Predicted
Gobiidae,Priolepis_compita,2.5,InvMob,27.74659818,Benthic,9.242375695,Predicted
Gobiidae,Priolepis_cyanocephala,3,InvMob,21.3439,Benthic,2.927964801,Predicted
Gobiidae,Priolepis_dawsoni,2.63,InvMob,27.15817225,Benthic,7.384239732,Predicted
Gobiidae,Priolepis_eugenius,5.59,InvMob,25.30477143,Benthic,2.019731955,Predicted
Gobiidae,Priolepis_fallacincta,3.2,InvMob,27.87982438,Benthic,8.811378133,Predicted
Gobiidae,Priolepis_hipoliti,4,InvMob,27.20343073,Benthic,5.106967239,Predicted
Gobiidae,Priolepis_inhaca,4,InvMob,27.90029561,Benthic,6.427272067,Predicted
Gobiidae,Priolepis_kappa,2.55,InvMob,27.7199282,Benthic,9.353822995,Predicted
Gobiidae,Priolepis_latifascima,2.07,InvMob,24.1583619,Benthic,5.831996565,Predicted
Gobiidae,Priolepis_limbatosquamis,2.2,InvMob,25.3725,Benthic,6.170153299,Predicted
Gobiidae,Priolepis_nocturna,3.9,InvMob,28.1106409,Benthic,7.007167236,Predicted
Gobiidae,Priolepis_nuchifasciata,4,InvMob,27.91944653,Benthic,7.137583294,Predicted
Gobiidae,Priolepis_pallidicincta,2.79,InvMob,28.37046442,Benthic,8.394958268,Predicted
Gobiidae,Priolepis_profunda,3.4,InvMob,28.16015488,Benthic,8.485872077,Predicted
Gobiidae,Priolepis_randalli,5.1,InvMob,28.03322313,Benthic,1.722857168,Predicted
Gobiidae,Priolepis_semidoliata,2.4,InvMob,27.66145923,Benthic,9.541685759,Predicted
Gobiidae,Priolepis_squamogena,5.4,InvMob,27.13923125,Benthic,1.975157874,Predicted
Gobiidae,Priolepis_vexilla,1.94,InvMob,28.82329433,Benthic,9.752201148,Predicted
Gobiidae,Psilogobius_mainlandi,3.7,InvMob,25.25693333,Benthic,6.265085588,Predicted
Gobiidae,Psilogobius_prolatus,5.5,InvMob,27.97738662,Benthic,1.996556358,Predicted
Gobiidae,Psilotris_alepis,2.39,InvMob,27.47818407,Benthic,8.512538387,Predicted
Gobiidae,Psilotris_boehlkei,4,InvMob,27.52003333,Benthic,6.46144109,Predicted
Gobiidae,Psilotris_celsa,5.1,InvMob,27.28948496,Benthic,1.784128116,Predicted
Gobiidae,Risor_ruber,2.5,InvMob,26.98660242,Benthic,7.215547227,Predicted
Gobiidae,Sicyopterus_lagocephalus,13,Omnivr,26.89178362,Benthic,0.632346297,Predicted
Gobiidae,Signigobius_biocellatus,13,InvMob,28.30982603,Benthic,0.648621334,Predicted
Gobiidae,Stonogobiops_dracula,7,InvMob,28.55233913,Benthic,1.859090096,Predicted
Gobiidae,Stonogobiops_nematodes,6,InvMob,28.71553205,Benthic,2.057671158,Predicted
Gobiidae,Stonogobiops_xanthorhinica,6,InvMob,27.67894839,Benthic,2.420893505,Predicted
Gobiidae,Sueviota_aprica,1.39,InvMob,28.06391787,Benthic,8.029332311,Predicted
Gobiidae,Sueviota_atrinasa,2,InvMob,28.02735541,Benthic,7.272886906,Predicted
Gobiidae,Sueviota_lachneri,2.1,InvMob,28.16828021,Benthic,10.2372746,Predicted
Gobiidae,Sueviota_larsonae,2.15,InvMob,27.60871417,Benthic,8.843747279,Predicted
Gobiidae,Thorogobius_angolensis,10.7,Omnivr,25.4693,Benthic,0.522054081,Predicted
Gobiidae,Thorogobius_ephippiatus,13,Omnivr,15.80084539,Benthic,0.374348943,Predicted
Gobiidae,Tigrigobius_dilepis,2.5,InvMob,27.71263804,Benthic,9.517006612,Predicted
Gobiidae,Tigrigobius_gemmatus,2.5,InvMob,27.48459725,Benthic,8.465575375,Predicted
Gobiidae,Tigrigobius_janssi,3,InvMob,28.30375,Benthic,7.418572859,Predicted
Gobiidae,Tigrigobius_macrodon,5,InvMob,26.32358429,Benthic,3.106129148,Predicted
Gobiidae,Tigrigobius_multifasciatus,5,InvMob,27.52443562,Benthic,2.330201366,Predicted
Gobiidae,Tomiyamichthys_fourmanoiri,5.9,Omnivr,27.14685472,Benthic,1.695171927,Predicted
Gobiidae,Tomiyamichthys_gomezi,4.43,InvMob,28.81193525,Benthic,3.042493063,Predicted
Gobiidae,Tomiyamichthys_lanceolatus,7.5,Omnivr,28.17861828,Benthic,1.655035751,Predicted
Gobiidae,Tomiyamichthys_latruncularius,10,Omnivr,27.39555465,Benthic,0.439324281,Predicted
Gobiidae,Tomiyamichthys_nudus,3.34,InvMob,28.91294757,Benthic,7.646364798,Predicted
Gobiidae,Tomiyamichthys_oni,11,Omnivr,27.75862665,Benthic,0.556591347,Predicted
Gobiidae,Tomiyamichthys_tanyspilus,5.1,Omnivr,28.82643556,Benthic,2.519405945,Predicted
Gobiidae,Trimma_anaima,3,Omnivr,28.10295413,Benthic,8.588435525,Predicted
Gobiidae,Trimma_annosum,2.8,Omnivr,28.07757631,Benthic,6.533158106,Predicted
Gobiidae,Trimma_anthrenum,2.04,Omnivr,27.89360586,Benthic,9.183898547,Predicted
Gobiidae,Trimma_aturirii,1.88,Omnivr,29.07631667,Benthic,9.081773991,Predicted
Gobiidae,Trimma_avidori,2.5,Omnivr,27.50666824,Benthic,8.618571964,Predicted
Gobiidae,Trimma_benjamini,2.8,Omnivr,29.40995443,Benthic,7.31873032,Original
Gobiidae,Trimma_cana,2.45,Omnivr,28.32958082,Benthic,7.23896179,Predicted
Gobiidae,Trimma_caudipunctatum,2.09,Omnivr,27.71194681,Benthic,10.59015237,Predicted
Gobiidae,Trimma_cheni,2.23,Omnivr,28.82797556,Benthic,10.3685389,Predicted
Gobiidae,Trimma_dalerocheila,1.95,Omnivr,27.909008,Benthic,9.717430026,Predicted
Gobiidae,Trimma_emeryi,2.5,Omnivr,27.66318546,Benthic,9.005217521,Predicted
Gobiidae,Trimma_erdmanni,2.62,Omnivr,28.90674463,Benthic,8.986765254,Predicted
Gobiidae,Trimma_fangi,2.05,Omnivr,28.75094432,Benthic,8.530617285,Predicted
Gobiidae,Trimma_flammeum,2.2,Omnivr,27.78876873,Benthic,9.597623351,Predicted
Gobiidae,Trimma_flavatrum,2.3,Omnivr,27.88644551,Benthic,10.25771188,Predicted
Gobiidae,Trimma_flavicaudatum,2.4,Omnivr,27.60273165,Benthic,9.085413285,Predicted
Gobiidae,Trimma_fucatum,1.98,Omnivr,28.9192784,Benthic,9.914531098,Predicted
Gobiidae,Trimma_gigantum,2.99,Omnivr,28.98556838,Benthic,7.908230377,Predicted
Gobiidae,Trimma_grammistes,3,Omnivr,25.62973778,Benthic,7.191352373,Predicted
Gobiidae,Trimma_griffithsi,3,Omnivr,28.54974523,Benthic,7.756849103,Predicted
Gobiidae,Trimma_habrum,1.77,Omnivr,28.80063368,Benthic,9.948791643,Predicted
Gobiidae,Trimma_haima,1.68,Omnivr,27.46747564,Benthic,9.044187969,Predicted
Gobiidae,Trimma_haimassum,3.09,Omnivr,28.76747461,Benthic,7.133572883,Predicted
Gobiidae,Trimma_halonevum,3,Omnivr,28.59625226,Benthic,7.018402115,Predicted
Gobiidae,Trimma_hayashii,2.33,Omnivr,28.29844369,Benthic,8.523798101,Predicted
Gobiidae,Trimma_hoesei,2.4,Omnivr,28.11627558,Benthic,9.750788214,Predicted
Gobiidae,Trimma_hotsarihiensis,1.55,Omnivr,28.90028453,Benthic,9.640201945,Predicted
Gobiidae,Trimma_kardium,1.67,Omnivr,28.80985932,Benthic,10.41532414,Predicted
Gobiidae,Trimma_kitrinum,2.68,Omnivr,27.80746878,Benthic,7.882850875,Predicted
Gobiidae,Trimma_lantana,3.5,Omnivr,28.29758304,Benthic,7.150406539,Predicted
Gobiidae,Trimma_maiandros,2.7,Omnivr,27.69307746,Benthic,8.961049814,Predicted
Gobiidae,Trimma_marinae,2,Omnivr,28.57784972,Benthic,8.425699037,Predicted
Gobiidae,Trimma_mendelssohni,4,Omnivr,27.28558791,Benthic,4.955609825,Predicted
Gobiidae,Trimma_milta,3,Omnivr,28.02538837,Benthic,6.56032558,Predicted
Gobiidae,Trimma_nasa,2.3,Plktiv,29.22237487,Benthopelagic,15.16996011,Original
Gobiidae,Trimma_naudei,3.5,Omnivr,28.10741322,Benthic,8.584779853,Predicted
Gobiidae,Trimma_nomurai,1.92,Omnivr,27.61651973,Benthic,9.163744756,Predicted
Gobiidae,Trimma_okinawae,4.3,Omnivr,28.4444285,Benthic,3.202223566,Predicted
Gobiidae,Trimma_preclarum,2.03,Omnivr,28.23216436,Benthic,8.38203803,Predicted
Gobiidae,Trimma_randalli,1.97,Omnivr,28.92349688,Benthic,9.947423383,Predicted
Gobiidae,Trimma_rubromaculatum,3.5,Omnivr,28.86206101,Benthic,8.871240399,Predicted
Gobiidae,Trimma_sanguinellus,2.1,Omnivr,28.7760322,Benthic,8.83695321,Predicted
Gobiidae,Trimma_sheppardi,1.86,Omnivr,27.24819295,Benthic,7.473207458,Predicted
Gobiidae,Trimma_sostra,2.37,Omnivr,28.70055859,Benthic,8.562007935,Predicted
Gobiidae,Trimma_striatum,3,Omnivr,28.34754866,Benthic,6.401087048,Predicted
Gobiidae,Trimma_tauroculum,1.92,Omnivr,28.97875556,Benthic,9.422966915,Predicted
Gobiidae,Trimma_taylori,3.5,Omnivr,28.4767692,Benthic,7.67153135,Predicted
Gobiidae,Trimma_tevegae,4.5,Omnivr,28.32819971,Benthic,1.991625678,Predicted
Gobiidae,Trimma_trioculatum,1.94,Omnivr,28.8746239,Benthic,9.961949526,Predicted
Gobiidae,Trimma_volcana,1.93,Omnivr,27.67756081,Benthic,10.05569747,Predicted
Gobiidae,Trimma_winterbottomi,3,Omnivr,28.27089048,Benthic,7.130523976,Predicted
Gobiidae,Trimma_woutsi,2.3,Omnivr,28.07928,Benthic,7.724241989,Predicted
Gobiidae,Trimma_xanthochrum,2.51,Omnivr,28.6116618,Benthic,7.625055979,Predicted
Gobiidae,Trimmatom_eviotops,2.1,Omnivr,27.90986008,Benthic,10.01709,Predicted
Gobiidae,Trimmatom_macropodus,1.6,Omnivr,28.23172923,Benthic,8.519569825,Predicted
Gobiidae,Trimmatom_nanus,1,Omnivr,28.8353124,Benthic,10.29604685,Predicted
Gobiidae,Trimmatom_offucius,1.38,Omnivr,28.350075,Benthic,7.683820519,Predicted
Gobiidae,Trimmatom_pharus,2.2,Omnivr,27.58406,Benthic,9.567161646,Predicted
Gobiidae,Trimmatom_sagma,2.1,Omnivr,28.64783935,Benthic,8.5995694,Predicted
Gobiidae,Tryssogobius_colini,3.25,InvMob,28.22144755,Benthic,7.513306695,Predicted
Gobiidae,Tryssogobius_longipes,2.1,InvMob,28.50079586,Benthic,9.138972008,Predicted
Gobiidae,Tryssogobius_nigrolineatus,2.9,InvMob,28.17943517,Benthic,8.326195331,Predicted
Gobiidae,Valenciennea_alleni,7.4,Omnivr,27.49547954,Benthic,1.641094096,Predicted
Gobiidae,Valenciennea_bella,6.9,Omnivr,28.59849715,Benthic,1.538414478,Predicted
Gobiidae,Valenciennea_decora,11.3,Omnivr,26.40735378,Benthic,0.977168697,Predicted
Gobiidae,Valenciennea_helsdingenii,25,Omnivr,27.73932833,Benthic,0.46943846,Predicted
Gobiidae,Valenciennea_immaculata,13,Omnivr,27.39545472,Benthic,0.454257625,Predicted
Gobiidae,Valenciennea_limicola,6.2,Omnivr,28.24824324,Benthic,1.652700798,Predicted
Gobiidae,Valenciennea_longipinnis,24.4,Omnivr,27.74213208,Benthic,0.509004291,Predicted
Gobiidae,Valenciennea_muralis,11.6,HerDet,25.74942192,Benthic,2.082795858,Original
Gobiidae,Valenciennea_parva,12.7,Omnivr,27.81351108,Benthic,0.629822296,Predicted
Gobiidae,Valenciennea_persica,10.3,Omnivr,27.60891538,Benthic,0.646133671,Predicted
Gobiidae,Valenciennea_puellaris,25,Omnivr,28.05029181,Benthic,0.365138907,Predicted
Gobiidae,Valenciennea_randalli,16,Omnivr,28.27156506,Benthic,0.49995297,Predicted
Gobiidae,Valenciennea_sexguttata,14,Omnivr,28.42461914,Benthic,0.578387691,Predicted
Gobiidae,Valenciennea_strigata,18,Omnivr,27.82354418,Benthic,0.703069287,Predicted
Gobiidae,Valenciennea_wardii,15,Omnivr,27.61736972,Benthic,0.515015112,Predicted
Gobiidae,Vanderhorstia_ambanoro,13,Omnivr,28.44227177,Benthic,0.704357283,Predicted
Gobiidae,Vanderhorstia_attenuata,3.63,Omnivr,28.77404575,Benthic,7.19400778,Predicted
Gobiidae,Vanderhorstia_delagoae,7.5,Omnivr,26.96186033,Benthic,1.242823367,Predicted
Gobiidae,Vanderhorstia_mertensi,11,Omnivr,27.59330413,Benthic,0.52622566,Predicted
Gobiidae,Vanderhorstia_ornatissima,8.5,Omnivr,27.79170977,Benthic,0.435301608,Predicted
Gobiidae,Vanderhorstia_steelei,5.19,Omnivr,27.94254,Benthic,1.922398322,Predicted
Gobiidae,Vanneaugobius_canariensis,4.3,Omnivr,22.16082903,Benthic,1.253749742,Predicted
Gobiidae,Vanneaugobius_pruvoti,3.9,Omnivr,20.09121667,Benthic,2.119073901,Predicted
Gobiidae,Wheelerigobius_maltzani,4.5,Omnivr,27.06992281,Benthic,1.961454857,Predicted
Gobiidae,Yongeichthys_criniger,15,Omnivr,27.78474091,Benthic,0.556635002,Predicted
Grammatidae,Gramma_brasiliensis,6.55,Plktiv,26.11223684,Benthopelagic,3.360791765,Predicted
Grammatidae,Gramma_linki,7,Plktiv,27.54468558,Benthopelagic,2.17014477,Predicted
Grammatidae,Gramma_loreto,8,Plktiv,27.26046462,Benthopelagic,1.499947529,Predicted
Grammatidae,Gramma_melacara,10,Plktiv,27.37474392,Benthopelagic,0.6484532,Predicted
Grammatidae,Lipogramma_anabantoides,1.35,InvMob,27.25700248,Benthopelagic,7.82239452,Predicted
Grammatidae,Lipogramma_evides,4,InvMob,27.53691401,Benthopelagic,6.630963208,Predicted
Grammatidae,Lipogramma_flavescens,2.21,InvMob,27.37294583,Benthopelagic,8.127314936,Predicted
Grammatidae,Lipogramma_klayi,4,InvMob,27.44478734,Benthopelagic,5.54985531,Predicted
Grammatidae,Lipogramma_robinsi,2.21,InvMob,27.47269027,Benthopelagic,8.745475953,Predicted
Grammatidae,Lipogramma_rosea,4.8,InvMob,27.75127792,Benthopelagic,2.602590662,Predicted
Grammatidae,Lipogramma_trilineata,3.5,InvMob,27.40456053,Benthopelagic,6.224486381,Predicted
Haemulidae,Anisotremus_caesius,30,InvMob,26.97437966,Benthic,0.4208184,Predicted
Haemulidae,Anisotremus_davidsonii,58,InvMob,20.10036818,Benthic,0.113347698,Predicted
Haemulidae,Anisotremus_interruptus,51,InvMob,27.89794041,Benthopelagic,0.139162503,Original
Haemulidae,Anisotremus_moricandi,15.12,InvMob,27.56985217,Benthopelagic,0.529808104,Predicted
Haemulidae,Anisotremus_scapularis,40,Omnivr,21.26112813,Benthic,0.241018825,Predicted
Haemulidae,Anisotremus_surinamensis,64.1,InvMob,26.80295908,Benthopelagic,0.090247323,Original
Haemulidae,Anisotremus_taeniatus,31,InvMob,27.51722727,Benthic,0.324380501,Predicted
Haemulidae,Anisotremus_virginicus,40.6,InvMob,27.1042933,Benthopelagic,0.18491527,Predicted
Haemulidae,Conodon_nobilis,33.6,InvMob,27.12366653,Benthopelagic,0.315217585,Predicted
Haemulidae,Diagramma_labiosum,90,InvMob,27.93944919,Benthic,0.083809364,Predicted
Haemulidae,Diagramma_melanacrum,45,InvMob,28.74953263,Benthic,0.136605605,Predicted
Haemulidae,Diagramma_pictum,105.5,InvMob,28.10476513,Benthopelagic,0.084927672,Original
Haemulidae,Emmelichthyops_atlanticus,13,Plktiv,26.89067459,Pelagic,0.728511163,Predicted
Haemulidae,Haemulon_album,79,InvMob,27.96348171,Benthopelagic,0.179531957,Original
Haemulidae,Haemulon_aurolineatum,25,InvMob,24.69118309,Benthopelagic,0.309319541,Original
Haemulidae,Haemulon_bonariense,40,InvMob,26.51268244,Benthopelagic,0.25858263,Original
Haemulidae,Haemulon_boschmae,19,InvMob,27.52087143,Benthopelagic,0.515315428,Predicted
Haemulidae,Haemulon_carbonarium,36,InvMob,27.34296923,Benthopelagic,0.319093684,Predicted
Haemulidae,Haemulon_chrysargyreum,23,InvMob,27.34475593,Benthopelagic,0.426980321,Predicted
Haemulidae,Haemulon_flaviguttatum,42,InvMob,27.89794041,Benthopelagic,0.146457567,Original
Haemulidae,Haemulon_flavolineatum,30,InvMob,28.31257259,Benthopelagic,0.307594711,Original
Haemulidae,Haemulon_macrostomum,43,InvMob,27.29741935,Benthopelagic,0.160274992,Predicted
Haemulidae,Haemulon_maculicauda,30,InvMob,27.89794041,Benthopelagic,0.155140728,Original
Haemulidae,Haemulon_melanurum,33,InvMob,24.1355257,Benthopelagic,0.446752029,Original
Haemulidae,Haemulon_parra,41.2,InvMob,27.96348171,Benthopelagic,0.246537075,Original
Haemulidae,Haemulon_plumierii,53,InvMob,24.69118309,Benthopelagic,0.163842027,Original
Haemulidae,Haemulon_sciurus,46,InvMob,28.25802927,Benthopelagic,0.198892905,Original
Haemulidae,Haemulon_scudderii,35,InvMob,26.69436071,Benthic,0.236149624,Predicted
Haemulidae,Haemulon_sexfasciatum,71,InvMob,27.89794041,Benthopelagic,0.069453061,Original
Haemulidae,Haemulon_squamipinna,11.5,InvMob,27.43106667,Benthopelagic,0.661421841,Predicted
Haemulidae,Haemulon_steindachneri,30,InvMob,27.67957464,Benthopelagic,0.450265492,Original
Haemulidae,Haemulon_striatum,28,InvMob,26.61132179,Benthopelagic,0.45713487,Predicted
Haemulidae,Orthopristis_cantharinus,38,InvMob,26.69112609,Benthic,0.14547785,Predicted
Haemulidae,Orthopristis_chrysoptera,46,InvMob,26.20900444,Benthopelagic,0.132803585,Predicted
Haemulidae,Orthopristis_forbesi,30.5,InvMob,23.74686667,Benthic,0.189634836,Predicted
Haemulidae,Orthopristis_ruber,40,InvMob,27.46033163,Benthopelagic,0.370019144,Original
Haemulidae,Parapristipoma_octolineatum,50,InvMob,21.9185,Benthopelagic,0.116647046,Predicted
Haemulidae,Parapristipoma_trilineatum,49.8,InvMob,19.99380522,Benthopelagic,0.164164643,Original
Haemulidae,Plectorhinchus_albovittatus,100,InvMob,28.32434629,Benthopelagic,0.089385977,Predicted
Haemulidae,Plectorhinchus_chaetodonoides,72,InvMob,28.17567292,Benthopelagic,0.126806517,Predicted
Haemulidae,Plectorhinchus_chrysotaenia,48.4,InvMob,28.07152792,Benthopelagic,0.137401485,Predicted
Haemulidae,Plectorhinchus_chubbi,75,InvMob,26.81311266,Benthic,0.109083804,Predicted
Haemulidae,Plectorhinchus_cinctus,60,InvMob,26.2518557,Benthic,0.113317864,Predicted
Haemulidae,Plectorhinchus_diagrammus,40,InvMob,28.03897166,Benthic,0.17227594,Predicted
Haemulidae,Plectorhinchus_flavomaculatus,60,InvMob,27.02149301,Benthopelagic,0.120394669,Predicted
Haemulidae,Plectorhinchus_gaterinus,50,InvMob,27.42958053,Benthic,0.129592781,Predicted
Haemulidae,Plectorhinchus_gibbosus,75,InvMob,29.7887879,Benthopelagic,0.275197223,Original
Haemulidae,Plectorhinchus_lessonii,40,InvMob,28.0051176,Benthic,0.197664227,Predicted
Haemulidae,Plectorhinchus_lineatus,72,InvMob,29.7887879,Benthopelagic,0.220496492,Original
Haemulidae,Plectorhinchus_macrolepis,45,InvMob,27.21422885,Benthopelagic,0.16368507,Predicted
Haemulidae,Plectorhinchus_macrospilus,28.5,InvMob,28.891102,Benthic,0.584949863,Predicted
Haemulidae,Plectorhinchus_mediterraneus,92.7,InvMob,20.14840021,Benthopelagic,0.086376091,Original
Haemulidae,Plectorhinchus_obscurus,100,InvMob,28.13542291,Benthopelagic,0.098207845,Predicted
Haemulidae,Plectorhinchus_pictus,83,InvMob,28.51112509,Benthopelagic,0.17721669,Original
Haemulidae,Plectorhinchus_picus,84,InvMob,28.51112509,Benthopelagic,0.178559881,Original
Haemulidae,Plectorhinchus_playfairi,90,InvMob,27.17891007,Benthic,0.09606699,Predicted
Haemulidae,Plectorhinchus_polytaenia,50,InvMob,28.46798977,Benthopelagic,0.156149287,Predicted
Haemulidae,Plectorhinchus_schotaf,80,InvMob,27.82822597,Benthic,0.16303146,Predicted
Haemulidae,Plectorhinchus_sordidus,60,InvMob,28.10476513,Benthopelagic,0.190932811,Original
Haemulidae,Plectorhinchus_vittatus,72,InvMob,28.13974986,Benthic,0.115618859,Predicted
Haemulidae,Pomadasys_argenteus,70,InvMob,27.67806855,Benthic,0.13669373,Predicted
Haemulidae,Pomadasys_argyreus,40,InvMob,28.53360271,Benthic,0.068572832,Original
Haemulidae,Pomadasys_commersonnii,80,InvMob,27.10041542,Benthic,0.259215774,Original
Haemulidae,Pomadasys_crocro,38,InvMob,27.2896709,Benthopelagic,0.177505863,Predicted
Haemulidae,Pomadasys_furcatus,50,InvMob,27.85867757,Benthic,0.211181783,Predicted
Haemulidae,Pomadasys_incisus,50,InvMob,21.01102629,Benthopelagic,0.057769342,Original
Haemulidae,Pomadasys_jubelini,60,InvMob,27.80127478,Benthopelagic,0.15761256,Original
Haemulidae,Pomadasys_kaakan,80,InvMob,27.73634517,Benthic,0.132791152,Predicted
Haemulidae,Pomadasys_maculatus,59.3,InvMob,28.51112509,Benthic,0.171892338,Original
Haemulidae,Pomadasys_olivaceus,55,InvMob,26.91302857,Benthic,0.153825075,Predicted
Haemulidae,Pomadasys_perotaei,36,InvMob,26.95955323,Benthopelagic,0.256848655,Predicted
Haemulidae,Pomadasys_punctulatus,30,InvMob,27.72798193,Benthic,0.483347438,Predicted
Haemulidae,Pomadasys_rogerii,60,InvMob,27.09023333,Benthopelagic,0.120789095,Predicted
Haemulidae,Pomadasys_striatus,22,InvMob,22.91441746,Benthopelagic,0.28541326,Original
Haemulidae,Pomadasys_stridens,19,InvMob,23.05756046,Benthic,0.216455776,Original
Haemulidae,Pomadasys_unimaculatus,19,InvMob,28.35113143,Benthic,0.555395488,Predicted
Haemulidae,Xenichthys_agassizii,20,Plktiv,24.0559375,Pelagic,0.477328392,Predicted
Haemulidae,Xenichthys_xanti,24,Plktiv,26.60879828,Pelagic,0.581359676,Predicted
Haemulidae,Xenocys_jessiae,30,Plktiv,23.93855714,Pelagic,0.367896968,Predicted
Hemiramphidae,Hemiramphus_brasiliensis,55,Omnivr,27.10053411,Pelagic,0.208511196,Original
Hemiramphidae,Hyporhamphus_australis,39.8,Omnivr,20.45514441,Pelagic,0.58949646,Original
Holocentridae,Corniger_spinosus,20,FisCep,26.46197282,Benthopelagic,0.51011742,Predicted
Holocentridae,Holocentrus_adscensionis,61,InvMob,27.68530251,Benthopelagic,0.283654295,Original
Holocentridae,Holocentrus_rufus,35,InvMob,28.31257259,Benthopelagic,0.628721369,Original
Holocentridae,Myripristis_adusta,35,Plktiv,27.97821771,Benthopelagic,0.321368362,Predicted
Holocentridae,Myripristis_amaena,34,Plktiv,26.66122637,Benthopelagic,0.102746014,Original
Holocentridae,Myripristis_berndti,30,Plktiv,27.75510525,Benthopelagic,0.451237934,Predicted
Holocentridae,Myripristis_botche,30,Plktiv,27.5839319,Benthopelagic,0.424090426,Predicted
Holocentridae,Myripristis_chryseres,25,Plktiv,28.092757,Benthopelagic,0.635397046,Predicted
Holocentridae,Myripristis_earlei,24,Plktiv,28.07736471,Benthopelagic,0.449636104,Predicted
Holocentridae,Myripristis_hexagona,30,Plktiv,27.96757129,Benthopelagic,0.50733618,Predicted
Holocentridae,Myripristis_jacobus,25,Plktiv,26.91943758,Benthopelagic,0.391427536,Predicted
Holocentridae,Myripristis_kuntee,26,Plktiv,27.96757055,Benthopelagic,0.640416187,Predicted
Holocentridae,Myripristis_leiognathus,18,Plktiv,26.06795441,Benthopelagic,0.615550075,Predicted
Holocentridae,Myripristis_murdjan,27,Plktiv,28.85118227,Benthopelagic,0.634147464,Original
Holocentridae,Myripristis_pralinia,20,Plktiv,27.95233663,Benthopelagic,0.609681646,Predicted
Holocentridae,Myripristis_randalli,19.5,Plktiv,26.36236014,Benthopelagic,0.597324636,Predicted
Holocentridae,Myripristis_robusta,22,Plktiv,28.86022569,Benthopelagic,0.585617998,Predicted
Holocentridae,Myripristis_seychellensis,23,Plktiv,27.276725,Benthopelagic,0.430747367,Predicted
Holocentridae,Myripristis_tiki,26.5,Plktiv,26.23758777,Benthopelagic,0.515829138,Predicted
Holocentridae,Myripristis_trachyacron,20,Plktiv,28.84628961,Benthopelagic,0.643545064,Predicted
Holocentridae,Myripristis_violacea,35,Plktiv,27.91153027,Benthopelagic,0.373466719,Predicted
Holocentridae,Myripristis_vittata,25,Plktiv,27.75166177,Benthopelagic,0.429510848,Predicted
Holocentridae,Myripristis_woodsi,26.5,Plktiv,28.02154795,Benthopelagic,0.571958472,Predicted
Holocentridae,Myripristis_xanthacra,20,Plktiv,28.30980435,Benthopelagic,0.58101729,Predicted
Holocentridae,Neoniphon_argenteus,24,InvMob,27.95402761,Benthopelagic,0.514424244,Predicted
Holocentridae,Neoniphon_aurolineatus,25,FisCep,27.75590479,Benthopelagic,0.434064467,Predicted
Holocentridae,Neoniphon_marianus,18,FisCep,27.475919,Benthopelagic,0.437797191,Predicted
Holocentridae,Neoniphon_opercularis,35,InvMob,28.05841183,Benthopelagic,0.263507984,Predicted
Holocentridae,Neoniphon_sammara,32,InvMob,28.85118227,Benthopelagic,0.323690607,Original
Holocentridae,Ostichthys_archiepiscopus,32,FisCep,27.71843747,Benthopelagic,0.437372487,Predicted
Holocentridae,Ostichthys_delta,20,FisCep,27.25264,Benthopelagic,0.451214453,Predicted
Holocentridae,Ostichthys_hypsipterygion,17,FisCep,24.84858069,Benthopelagic,0.576919121,Predicted
Holocentridae,Ostichthys_kaianus,36,FisCep,25.05785387,Benthopelagic,0.20328407,Predicted
Holocentridae,Ostichthys_sandix,19.2,FisCep,26.89610207,Benthopelagic,0.475329082,Predicted
Holocentridae,Ostichthys_trachypoma,20,FisCep,26.55481794,Benthopelagic,0.550903016,Predicted
Holocentridae,Plectrypops_lima,16,FisCep,27.63364807,Benthopelagic,0.441908286,Predicted
Holocentridae,Plectrypops_retrospinis,15,FisCep,26.99934905,Benthopelagic,0.38700315,Predicted
Holocentridae,Pristilepis_oligolepis,30,FisCep,24.51790297,Benthopelagic,0.342880494,Predicted
Holocentridae,Sargocentron_bullisi,13,FisCep,26.8229383,Benthopelagic,0.670175616,Predicted
Holocentridae,Sargocentron_caudimaculatum,25,InvMob,27.91493274,Benthopelagic,0.514926617,Predicted
Holocentridae,Sargocentron_cornutum,27,InvMob,28.37418298,Benthopelagic,0.560903922,Predicted
Holocentridae,Sargocentron_coruscum,15,FisCep,27.28721959,Benthopelagic,0.352371966,Predicted
Holocentridae,Sargocentron_diadema,17,InvMob,24.33595976,Benthopelagic,1.127825963,Original
Holocentridae,Sargocentron_ensifer,23,FisCep,27.65289571,Benthopelagic,0.502575082,Predicted
Holocentridae,Sargocentron_hastatum,27.9,FisCep,26.82054638,Benthopelagic,0.442653435,Predicted
Holocentridae,Sargocentron_hormion,16.6,FisCep,27.03286739,Benthopelagic,0.390406876,Predicted
Holocentridae,Sargocentron_inaequalis,11.3,FisCep,27.52415556,Benthopelagic,0.79188048,Predicted
Holocentridae,Sargocentron_iota,7.65,FisCep,26.97021304,Benthopelagic,1.662323357,Predicted
Holocentridae,Sargocentron_ittodai,20,InvMob,27.87688892,Benthopelagic,0.729531412,Predicted
Holocentridae,Sargocentron_lepros,20,FisCep,27.38724127,Benthopelagic,0.37736035,Predicted
Holocentridae,Sargocentron_macrosquamis,9,FisCep,27.41778773,Benthopelagic,0.387174364,Predicted
Holocentridae,Sargocentron_marisrubri,18.3,FisCep,27.14406842,Benthopelagic,0.460155472,Predicted
Holocentridae,Sargocentron_melanospilos,25,InvMob,27.89311067,Benthopelagic,0.451687031,Predicted
Holocentridae,Sargocentron_microstoma,20,InvMob,27.72629095,Benthopelagic,0.840792337,Original
Holocentridae,Sargocentron_praslin,32,FisCep,27.85172635,Benthopelagic,0.567933968,Predicted
Holocentridae,Sargocentron_punctatissimum,23,FisCep,27.84511018,Benthopelagic,0.708059134,Predicted
Holocentridae,Sargocentron_rubrum,32,FisCep,27.97154054,Benthopelagic,0.438791785,Predicted
Holocentridae,Sargocentron_seychellense,27,FisCep,27.27036596,Benthopelagic,0.496050485,Predicted
Holocentridae,Sargocentron_spiniferum,53.8,InvMob,27.74975871,Benthopelagic,0.144553357,Predicted
Holocentridae,Sargocentron_spinosissimum,17.7,FisCep,24.01614268,Benthopelagic,0.489554978,Predicted
Holocentridae,Sargocentron_suborbitale,25.4,FisCep,26.47895556,Benthopelagic,0.42729691,Predicted
Holocentridae,Sargocentron_tiere,33,InvMob,27.81656287,Benthopelagic,0.531580305,Predicted
Holocentridae,Sargocentron_tiereoides,19.5,FisCep,28.28845623,Benthopelagic,0.643773969,Predicted
Holocentridae,Sargocentron_vexillarium,18,FisCep,27.04108872,Benthopelagic,0.41811386,Predicted
Holocentridae,Sargocentron_violaceum,45,InvMob,28.00730259,Benthopelagic,0.148496335,Predicted
Holocentridae,Sargocentron_xantherythrum,17,FisCep,25.22206875,Benthopelagic,0.600462169,Predicted
Kyphosidae,Girella_cyanea,20,HerMac,20.46816522,Benthic,0.300615797,Predicted
Kyphosidae,Girella_elevata,62,HerMac,20.01175385,Benthic,0.18096722,Predicted
Kyphosidae,Girella_fimbriata,36,HerMac,20.9053,Benthic,0.2324594,Predicted
Kyphosidae,Girella_freminvillii,45,HerMac,23.82058333,Benthic,0.25079302,Predicted
Kyphosidae,Girella_leonina,46,HerMac,23.48274342,Benthic,0.248374973,Predicted
Kyphosidae,Girella_mezina,45,Omnivr,23.41076806,Benthic,0.111348874,Predicted
Kyphosidae,Girella_nigricans,66,HerMac,21.07055714,Benthic,0.146736889,Predicted
Kyphosidae,Girella_punctata,50,HerMac,24.3485322,Benthic,0.135005971,Original
Kyphosidae,Girella_simplicidens,46,Omnivr,22.38825455,Benthic,0.114050601,Predicted
Kyphosidae,Girella_tephraeops,61,HerMac,18.23467419,Benthic,0.15722485,Predicted
Kyphosidae,Girella_tricuspidata,73.9,HerMac,22.52855265,Benthic,0.073736361,Original
Kyphosidae,Girella_zebra,34,HerMac,17.55798462,Benthic,0.182910124,Predicted
Kyphosidae,Girella_zonata,21,HerMac,20.96365,Benthic,0.365564383,Predicted
Kyphosidae,Kyphosus_analogus,45,HerMac,25.25004875,Benthic,0.301406731,Predicted
Kyphosidae,Kyphosus_bigibbus,75,HerMac,27.59437333,Benthopelagic,0.119870981,Predicted
Kyphosidae,Kyphosus_cinerascens,50,HerMac,29.7887879,Benthopelagic,0.276546124,Original
Kyphosidae,Kyphosus_elegans,53,HerMac,25.55348462,Benthic,0.335628202,Predicted
Kyphosidae,Kyphosus_incisor,90,HerMac,26.39226376,Pelagic,0.150268385,Predicted
Kyphosidae,Kyphosus_pacificus,75,HerMac,27.14055488,Benthopelagic,0.177379415,Predicted
Kyphosidae,Kyphosus_sydneyanus,80,HerMac,19.36113077,Benthopelagic,0.124650527,Predicted
Kyphosidae,Kyphosus_vaigiensis,70,HerMac,27.80083556,Benthopelagic,0.138266551,Predicted
Kyphosidae,Medialuna_californiensis,48,Omnivr,18.24229,Benthic,0.106945427,Predicted
Kyphosidae,Microcanthus_strigatus,16,Omnivr,24.17636305,Benthopelagic,0.505660571,Predicted
Kyphosidae,Neatypus_obliquus,22,Plktiv,18.38255577,Benthic,0.228361805,Predicted
Kyphosidae,Neoscorpis_lithophilus,59.8,InvMob,23.26174685,Benthopelagic,0.110333968,Original
Kyphosidae,Scorpis_aequipinnis,40,Plktiv,18.63801556,Pelagic,0.259586007,Original
Kyphosidae,Scorpis_georgiana,33,Plktiv,18.06925278,Pelagic,0.206520923,Predicted
Kyphosidae,Scorpis_lineolata,30,Plktiv,23.58816624,Pelagic,0.435889854,Original
Kyphosidae,Scorpis_violacea,40,Plktiv,19.94062857,Pelagic,0.170642482,Predicted
Labridae,Acantholabrus_palloni,25,InvMob,19.78564777,Benthopelagic,0.163746134,Predicted
Labridae,Achoerodus_gouldii,175,FisCep,19.03744936,Benthopelagic,0.019583552,Original
Labridae,Ammolabrus_dicrus,9.41,Plktiv,25.69332174,Benthopelagic,1.217330025,Predicted
Labridae,Anampses_caeruleopunctatus,42,InvMob,27.61693944,Benthic,0.12131715,Predicted
Labridae,Anampses_chrysocephalus,17,InvMob,24.73338837,Benthic,0.51754567,Predicted
Labridae,Anampses_cuvier,31,InvMob,24.8945766,Benthic,0.228894093,Predicted
Labridae,Anampses_elegans,29,InvMob,20.787125,Benthic,0.250309573,Predicted
Labridae,Anampses_femininus,24,InvMob,24.0338,Benthic,0.356472485,Predicted
Labridae,Anampses_geographicus,31,InvMob,27.49473782,Benthic,0.317745848,Predicted
Labridae,Anampses_lennardi,28,InvMob,26.96878043,Benthic,0.462387536,Predicted
Labridae,Anampses_lineatus,13,InvMob,27.49382182,Benthic,0.686243859,Predicted
Labridae,Anampses_melanurus,12,InvMob,28.18480925,Benthic,0.926750287,Predicted
Labridae,Anampses_meleagrides,22,InvMob,27.86604985,Benthic,0.723723442,Predicted
Labridae,Anampses_neoguinaicus,24.8,InvMob,27.48449036,Benthic,0.405900335,Predicted
Labridae,Anampses_twistii,18,InvMob,27.83737372,Benthic,0.757982623,Predicted
Labridae,Anchichoerops_natalensis,75,InvMob,23.84836667,Benthic,0.120531372,Predicted
Labridae,Austrolabrus_maculatus,12.55,InvMob,19.16160635,Benthic,0.615864522,Predicted
Labridae,Bodianus_albotaeniatus,32.8,InvMob,24.8945766,Benthic,0.25496758,Predicted
Labridae,Bodianus_anthioides,24,InvMob,27.67686436,Benthic,0.488212129,Predicted
Labridae,Bodianus_axillaris,24.6,InvMob,27.71325573,Benthopelagic,0.455087304,Predicted
Labridae,Bodianus_bathycapros,45.6,InvMob,24.58524655,Benthic,0.132070018,Predicted
Labridae,Bodianus_bilunulatus,55,InvMob,27.29315616,Benthic,0.180910346,Predicted
Labridae,Bodianus_bimaculatus,5.9,InvMob,27.64818869,Benthic,2.365826745,Predicted
Labridae,Bodianus_cylindriatus,14.2,InvMob,24.4182871,Benthic,0.474454626,Predicted
Labridae,Bodianus_diana,16.9,InvMob,27.66273548,Benthic,0.566797566,Predicted
Labridae,Bodianus_dictynna,18,InvMob,27.8392925,Benthopelagic,0.738701243,Predicted
Labridae,Bodianus_diplotaenia,76,InvMob,24.97972685,Benthic,0.11206482,Predicted
Labridae,Bodianus_eclancheri,61,InvMob,19.81267321,Benthic,0.09120117,Predicted
Labridae,Bodianus_flavifrons,42.2,InvMob,21.91365517,Benthic,0.100264741,Predicted
Labridae,Bodianus_flavipinnis,36.8,InvMob,18.94606364,Benthic,0.122383211,Predicted
Labridae,Bodianus_frenchii,45,InvMob,18.93482,Benthic,0.095417576,Predicted
Labridae,Bodianus_insularis,33,InvMob,25.062125,Benthopelagic,0.247780189,Predicted
Labridae,Bodianus_izuensis,10,InvMob,24.7127907,Benthic,0.821411589,Predicted
Labridae,Bodianus_leucosticticus,24.2,InvMob,25.09368571,Benthic,0.421406568,Predicted
Labridae,Bodianus_loxozonus,47,InvMob,27.510134,Benthopelagic,0.126780438,Predicted
Labridae,Bodianus_macrognathos,62,InvMob,27.18211875,Benthic,0.152330437,Predicted
Labridae,Bodianus_macrourus,32,InvMob,25.62432174,Benthic,0.367917508,Predicted
Labridae,Bodianus_masudai,12,InvMob,24.45640886,Benthic,1.047907657,Predicted
Labridae,Bodianus_mesothorax,25,InvMob,28.06967166,Benthopelagic,0.382749777,Predicted
Labridae,Bodianus_neilli,20,InvMob,28.64596557,Benthic,0.620902622,Predicted
Labridae,Bodianus_neopercularis,9.72,InvMob,28.68577692,Benthic,0.749422086,Predicted
Labridae,Bodianus_opercularis,18,InvMob,26.92824123,Benthic,0.488410374,Predicted
Labridae,Bodianus_oxycephalus,29,InvMob,22.99808704,Benthic,0.235344834,Predicted
Labridae,Bodianus_paraleucosticticus,9.91,InvMob,26.8749119,Benthic,0.727002323,Predicted
Labridae,Bodianus_perditio,80,InvMob,25.02555753,Benthic,0.128024961,Predicted
Labridae,Bodianus_prognathus,17.9,InvMob,28.28839167,Benthic,0.632786478,Predicted
Labridae,Bodianus_pulchellus,28.5,InvMob,26.86030057,Benthopelagic,0.485975255,Predicted
Labridae,Bodianus_rubrisos,20.2,InvMob,27.11903571,Benthic,0.517128317,Predicted
Labridae,Bodianus_rufus,40,InvMob,26.79834752,Benthopelagic,0.153107258,Predicted
Labridae,Bodianus_sanguineus,19,InvMob,24.52924444,Benthic,0.42805116,Predicted
Labridae,Bodianus_scrofa,51,InvMob,21.0454102,Benthopelagic,0.140568024,Predicted
Labridae,Bodianus_sepiacaudus,8.67,InvMob,27.65430256,Benthic,0.562326892,Predicted
Labridae,Bodianus_solatus,35,InvMob,24.01100526,Benthic,0.189497652,Predicted
Labridae,Bodianus_speciosus,50,InvMob,24.93477338,Benthopelagic,0.138200669,Predicted
Labridae,Bodianus_tanyokidus,17.7,InvMob,26.81795278,Benthic,0.472090563,Predicted
Labridae,Bodianus_thoracotaeniatus,14.8,InvMob,28.01265,Benthic,0.462965458,Predicted
Labridae,Bodianus_trilineatus,28,InvMob,26.72880575,Benthic,0.452253742,Predicted
Labridae,Bodianus_unimaculatus,50,InvMob,20.21974789,Benthic,0.145436446,Predicted
Labridae,Bodianus_vulpinus,43.5,InvMob,19.61213684,Benthic,0.099316902,Predicted
Labridae,Bolbometopon_muricatum,130,Omnivr,29.19970699,Benthopelagic,0.054583495,Original
Labridae,Calotomus_carolinus,50,HerMac,28.93022966,Benthopelagic,0.199902793,Original
Labridae,Calotomus_japonicus,39,HerMac,20.95358664,Benthopelagic,0.524640085,Original
Labridae,Calotomus_spinidens,30,HerMac,27.43525339,Benthopelagic,0.555183392,Original
Labridae,Calotomus_viridescens,21,HerMac,28.06368209,Benthic,0.687643798,Predicted
Labridae,Calotomus_zonarchus,33,HerMac,24.73338837,Benthic,0.333762131,Predicted
Labridae,Centrolabrus_caeruleus,27,InvMob,18.7416,Benthopelagic,0.234377822,Predicted
Labridae,Centrolabrus_exoletus,18,InvMob,14.32097697,Benthopelagic,0.329860531,Original
Labridae,Centrolabrus_trutta,18,InvMob,20.01122222,Benthopelagic,0.341166734,Predicted
Labridae,Cetoscarus_bicolor,90,HerDet,26.27121115,Benthopelagic,0.08777295,Original
Labridae,Cetoscarus_ocellatus,94.6,HerDet,27.79597832,Benthopelagic,0.090218392,Predicted
Labridae,Cheilinus_abudjubbe,21.8,InvMob,27.714782,Benthic,0.592161329,Predicted
Labridae,Cheilinus_chlorourus,45,InvMob,27.85292955,Benthic,0.200777597,Predicted
Labridae,Cheilinus_fasciatus,48.2,InvMob,27.97575077,Benthopelagic,0.156528754,Predicted
Labridae,Cheilinus_lunulatus,50,InvMob,27.61771359,Benthic,0.138933491,Predicted
Labridae,Cheilinus_oxycephalus,17,InvMob,28.0002351,Benthic,0.534227116,Predicted
Labridae,Cheilinus_trilobatus,45,InvMob,28.85118227,Benthopelagic,0.273430567,Original
Labridae,Cheilinus_undulatus,270.2,InvMob,29.19970699,Benthopelagic,0.021678387,Original
Labridae,Cheilio_inermis,55.6,FisCep,27.38047586,Benthic,0.159911383,Predicted
Labridae,Chlorurus_atrilunula,30,HerDet,26.47432315,Benthic,0.471797673,Predicted
Labridae,Chlorurus_bleekeri,49,HerDet,28.30173486,Benthopelagic,0.20322728,Predicted
Labridae,Chlorurus_bowersi,40,HerDet,28.01633488,Benthic,0.254766983,Predicted
Labridae,Chlorurus_capistratoides,40,HerDet,28.31581005,Benthic,0.253946846,Predicted
Labridae,Chlorurus_cyanescens,50,HerDet,26.38628828,Benthic,0.209862928,Predicted
Labridae,Chlorurus_enneacanthus,50,HerDet,27.653912,Benthic,0.204728566,Predicted
Labridae,Chlorurus_frontalis,50,HerDet,28.93022966,Benthopelagic,0.369470352,Original
Labridae,Chlorurus_genazonatus,31,HerDet,27.70441064,Benthic,0.410465294,Predicted
Labridae,Chlorurus_gibbus,70,HerDet,27.59905,Benthic,0.129482096,Predicted
Labridae,Chlorurus_japanensis,31,HerDet,28.37727583,Benthopelagic,0.498502992,Predicted
Labridae,Chlorurus_microrhinos,70,HerDet,26.62417253,Benthopelagic,0.189092673,Original
Labridae,Chlorurus_oedema,42,HerDet,28.16318046,Benthic,0.206908679,Predicted
Labridae,Chlorurus_perspicillatus,69.1215,HerDet,25.14315987,Benthopelagic,0.172891017,Original
Labridae,Chlorurus_rhakoura,44.2,HerDet,28.08533226,Benthic,0.168581211,Predicted
Labridae,Chlorurus_sordidus,40,HerDet,26.62417253,Benthopelagic,0.246065947,Original
Labridae,Chlorurus_spilurus,40,HerDet,26.27121115,Benthopelagic,0.296341251,Original
Labridae,Chlorurus_strongylocephalus,70,HerDet,27.63777433,Benthic,0.147092523,Predicted
Labridae,Chlorurus_troschelii,34.6,HerDet,28.94733472,Benthic,0.375467753,Predicted
Labridae,Choerodon_anchorago,50,InvMob,28.09291538,Benthic,0.184828389,Predicted
Labridae,Choerodon_azurio,40,InvMob,27.28068204,Benthic,0.202072756,Predicted
Labridae,Choerodon_cauteroma,36,InvMob,26.11767931,Benthic,0.270000945,Predicted
Labridae,Choerodon_cephalotes,38,InvMob,26.77906788,Benthic,0.145194878,Predicted
Labridae,Choerodon_cyanodus,70,InvMob,27.79579703,Benthic,0.113615599,Predicted
Labridae,Choerodon_fasciatus,30,InvMob,26.03976913,Benthopelagic,0.429742779,Predicted
Labridae,Choerodon_gomoni,10.3,InvMob,27.72153333,Benthic,0.949586244,Predicted
Labridae,Choerodon_graphicus,51.5,InvMob,24.94055952,Benthic,0.140594254,Predicted
Labridae,Choerodon_gymnogenys,20,InvMob,27.1482303,Benthic,0.544840525,Predicted
Labridae,Choerodon_jordani,17,InvMob,27.730578,Benthopelagic,0.610048501,Predicted
Labridae,Choerodon_margaritiferus,11,InvMob,27.68855114,Benthic,0.750378968,Predicted
Labridae,Choerodon_monostigma,25,InvMob,27.72115732,Benthic,0.481635605,Predicted
Labridae,Choerodon_oligacanthus,28.2,InvMob,28.46049899,Benthic,0.615802085,Predicted
Labridae,Choerodon_robustus,35,InvMob,27.28614542,Benthic,0.306686397,Predicted
Labridae,Choerodon_rubescens,90,InvMob,20.76181304,Benthic,0.103814842,Predicted
Labridae,Choerodon_schoenleinii,100,InvMob,27.83242611,Benthopelagic,0.127532885,Predicted
Labridae,Choerodon_sugillatum,24,InvMob,27.92685208,Benthic,0.601097215,Predicted
Labridae,Choerodon_venustus,65,InvMob,24.93650256,Benthic,0.095530822,Predicted
Labridae,Choerodon_vitta,20,InvMob,27.47043971,Benthic,0.483430497,Predicted
Labridae,Choerodon_zamboangae,45,InvMob,28.62992115,Benthic,0.147697668,Predicted
Labridae,Choerodon_zosterophorus,25,InvMob,28.67363082,Benthic,0.446492202,Predicted
Labridae,Cirrhilabrus_adornatus,6.34,Plktiv,29.231652,Benthopelagic,3.32685535,Predicted
Labridae,Cirrhilabrus_aurantidorsalis,10,Plktiv,29.15795,Benthopelagic,1.122943863,Predicted
Labridae,Cirrhilabrus_balteatus,10,Plktiv,28.45235208,Benthopelagic,0.820877699,Predicted
Labridae,Cirrhilabrus_bathyphilus,7.6,Plktiv,26.298195,Benthopelagic,2.996418141,Predicted
Labridae,Cirrhilabrus_beauperryi,8.51,Plktiv,28.9827266,Benthopelagic,0.728514673,Predicted
Labridae,Cirrhilabrus_blatteus,16,Plktiv,27.5772359,Benthopelagic,0.425689546,Predicted
Labridae,Cirrhilabrus_brunneus,4.36,Plktiv,29.14384444,Benthopelagic,4.474371962,Predicted
Labridae,Cirrhilabrus_cenderawasih,6.51,Plktiv,29.0718,Benthic,2.511843162,Predicted
Labridae,Cirrhilabrus_claire,8.4,Plktiv,26.01823846,Benthopelagic,2.661217381,Predicted
Labridae,Cirrhilabrus_condei,8,Plktiv,28.60454133,Benthopelagic,1.749702429,Predicted
Labridae,Cirrhilabrus_cyanopleura,17.7,Plktiv,28.5186644,Benthopelagic,0.615805195,Predicted
Labridae,Cirrhilabrus_earlei,6.91,Plktiv,28.71751667,Benthopelagic,2.294321273,Predicted
Labridae,Cirrhilabrus_exquisitus,15,Plktiv,27.85405933,Benthopelagic,0.634459926,Predicted
Labridae,Cirrhilabrus_filamentosus,8,Plktiv,28.59036582,Benthopelagic,1.732523327,Predicted
Labridae,Cirrhilabrus_flavidorsalis,6.5,Plktiv,28.70391185,Benthopelagic,2.388604902,Predicted
Labridae,Cirrhilabrus_joanallenae,8.5,Plktiv,29.0688,Benthopelagic,0.71223202,Predicted
Labridae,Cirrhilabrus_johnsoni,6,Plktiv,28.4858875,Benthopelagic,2.61095463,Predicted
Labridae,Cirrhilabrus_jordani,10,Plktiv,24.8945766,Benthopelagic,0.949585011,Predicted
Labridae,Cirrhilabrus_katherinae,7.1,Plktiv,26.84895273,Benthopelagic,2.204246004,Predicted
Labridae,Cirrhilabrus_katoi,7.51,Plktiv,22.4398037,Benthopelagic,0.984227431,Predicted
Labridae,Cirrhilabrus_laboutei,12,Plktiv,25.9896697,Benthopelagic,1.442994929,Predicted
Labridae,Cirrhilabrus_lanceolatus,8.8,Plktiv,23.61585106,Benthopelagic,0.503303895,Predicted
Labridae,Cirrhilabrus_lineatus,12,Plktiv,25.99899342,Benthopelagic,1.483780882,Predicted
Labridae,Cirrhilabrus_lubbocki,8,Plktiv,28.42024151,Benthopelagic,1.898839953,Predicted
Labridae,Cirrhilabrus_lunatus,8.49,Plktiv,24.4233225,Benthopelagic,1.925672176,Predicted
Labridae,Cirrhilabrus_luteovittatus,12,Plktiv,28.62841818,Benthopelagic,0.762487321,Predicted
Labridae,Cirrhilabrus_marjorie,5.79,Plktiv,26.906152,Benthopelagic,2.608749193,Predicted
Labridae,Cirrhilabrus_melanomarginatus,13,Plktiv,27.10817442,Benthopelagic,0.536798827,Predicted
Labridae,Cirrhilabrus_morrisoni,5.5,Plktiv,28.64348,Benthopelagic,2.464903975,Predicted
Labridae,Cirrhilabrus_punctatus,13,Plktiv,26.97063446,Benthopelagic,0.536353318,Predicted
Labridae,Cirrhilabrus_pylei,9,Plktiv,28.25353438,Benthopelagic,0.492467182,Predicted
Labridae,Cirrhilabrus_randalli,8.45,Plktiv,28.39107143,Benthopelagic,1.99707316,Predicted
Labridae,Cirrhilabrus_rhomboidalis,8.5,Plktiv,28.57831558,Benthopelagic,0.521143401,Predicted
Labridae,Cirrhilabrus_roseafascia,10,Plktiv,27.64408056,Benthopelagic,0.859717315,Predicted
Labridae,Cirrhilabrus_rubrimarginatus,12.2,Plktiv,28.24868419,Benthopelagic,0.784790212,Predicted
Labridae,Cirrhilabrus_rubripinnis,9.1,Plktiv,28.73833277,Benthopelagic,0.575732867,Predicted
Labridae,Cirrhilabrus_rubrisquamis,7.2,Plktiv,28.63759302,Benthopelagic,2.033213171,Predicted
Labridae,Cirrhilabrus_rubriventralis,7.5,Plktiv,28.07534912,Benthopelagic,1.718647358,Predicted
Labridae,Cirrhilabrus_sanguineus,6.7,Plktiv,25.60148333,Benthopelagic,2.399569517,Predicted
Labridae,Cirrhilabrus_scottorum,13,Plktiv,27.13036048,Benthopelagic,0.545574051,Predicted
Labridae,Cirrhilabrus_solorensis,11,Plktiv,28.68016051,Benthopelagic,0.711530535,Predicted
Labridae,Cirrhilabrus_temminckii,9.9,Plktiv,26.84764093,Benthopelagic,0.786572032,Predicted
Labridae,Cirrhilabrus_tonozukai,7.5,Plktiv,28.87205692,Benthopelagic,2.480250349,Predicted
Labridae,Cirrhilabrus_walindi,7,Plktiv,28.96266742,Benthopelagic,2.568406359,Predicted
Labridae,Cirrhilabrus_walshi,6.28,Plktiv,28.23495333,Benthopelagic,2.232958789,Predicted
Labridae,Clepticus_brasiliensis,23.3,Plktiv,25.53074835,Pelagic,0.384177107,Predicted
Labridae,Clepticus_parrae,30,Plktiv,26.88330622,Pelagic,0.53838719,Predicted
Labridae,Conniella_apterygia,8,Plktiv,28.25194444,Benthopelagic,1.735467584,Predicted
Labridae,Coris_atlantica,30,InvMob,25.62355917,Benthopelagic,0.483577851,Predicted
Labridae,Coris_auricularis,40,InvMob,20.62436757,Benthic,0.129274737,Predicted
Labridae,Coris_aurilineata,14,InvMob,24.22339167,Benthic,0.517073116,Predicted
Labridae,Coris_aygula,70,InvMob,27.51020746,Benthopelagic,0.107544866,Predicted
Labridae,Coris_ballieui,30,InvMob,24.8945766,Benthic,0.324075892,Predicted
Labridae,Coris_batuensis,17,InvMob,27.98024788,Benthic,0.556063707,Predicted
Labridae,Coris_bulbifrons,60,InvMob,21.8756,Benthic,0.088329657,Predicted
Labridae,Coris_caudimacula,20,InvMob,27.11827958,Benthic,0.517128317,Predicted
Labridae,Coris_centralis,9.16,InvMob,28.28725429,Benthic,0.500176474,Predicted
Labridae,Coris_cuvieri,38,InvMob,27.42673738,Benthic,0.136061488,Predicted
Labridae,Coris_debueni,27,InvMob,22.61315,Benthic,0.227705652,Predicted
Labridae,Coris_dorsomacula,20,InvMob,27.30491661,Benthic,0.480542888,Predicted
Labridae,Coris_flavovittata,50.8,InvMob,24.73338837,Benthic,0.163131629,Predicted
Labridae,Coris_formosa,60,InvMob,27.28757984,Benthic,0.134516027,Predicted
Labridae,Coris_gaimard,40,InvMob,27.64190893,Benthic,0.182422225,Predicted
Labridae,Coris_hewetti,13.9,InvMob,27.983075,Benthic,0.460511796,Predicted
Labridae,Coris_julis,33.6,InvMob,19.37547512,Benthopelagic,0.075072603,Original
Labridae,Coris_latifasciata,9.35,InvMob,28.74003571,Benthic,0.500217599,Predicted
Labridae,Coris_nigrotaenia,43.5,InvMob,26.55042778,Benthic,0.160860091,Predicted
Labridae,Coris_picta,25,InvMob,22.26338588,Benthic,0.186398677,Predicted
Labridae,Coris_pictoides,15,InvMob,27.83427184,Benthic,0.721596345,Predicted
Labridae,Coris_roseoviridis,19.8,InvMob,24.77107609,Benthic,0.479114569,Predicted
Labridae,Coris_sandeyeri,25,InvMob,20.67353704,Benthic,0.13633281,Predicted
Labridae,Coris_variegata,20,InvMob,27.5772359,Benthic,0.571368102,Predicted
Labridae,Coris_venusta,19.3,InvMob,24.73338837,Benthic,0.437947785,Predicted
Labridae,Cryptotomus_roseus,13,HerMac,26.80952255,Benthopelagic,0.775460292,Predicted
Labridae,Ctenolabrus_rupestris,18,InvMob,12.96631551,Benthopelagic,0.373828706,Original
Labridae,Cymolutes_lecluse,17.8,FisCep,24.73338837,Benthic,0.440554819,Predicted
Labridae,Cymolutes_praetextatus,20,FisCep,27.70264826,Benthic,0.610958018,Predicted
Labridae,Cymolutes_torquatus,20,FisCep,27.84929787,Benthic,0.788214096,Predicted
Labridae,Decodon_grandisquamis,18.5,InvMob,26.16671,Benthic,0.608045771,Predicted
Labridae,Decodon_melasma,32.3,InvMob,26.85605842,Benthic,0.27771252,Predicted
Labridae,Decodon_pacificus,16,InvMob,25.85226905,Benthic,0.73187121,Predicted
Labridae,Decodon_puellaris,30,InvMob,26.95932853,Benthopelagic,0.400194698,Predicted
Labridae,Diproctacanthus_xanthurus,10,InvSes,28.5661158,Benthopelagic,0.839501441,Predicted
Labridae,Doratonotus_megalepis,9.4,InvMob,26.74791339,Benthopelagic,0.854241141,Predicted
Labridae,Dotalabrus_alleni,8.45,InvMob,18.4170381,Benthic,0.56567027,Predicted
Labridae,Dotalabrus_aurantiacus,11.05,InvMob,17.11987742,Benthic,0.548783233,Predicted
Labridae,Epibulus_brevis,23,FisCep,28.76640684,Benthic,0.501680236,Predicted
Labridae,Epibulus_insidiator,68.5,FisCep,27.85505016,Benthic,0.161544038,Predicted
Labridae,Eupetrichthys_angustipes,12.4,InvMob,18.11179481,Benthic,0.621579215,Predicted
Labridae,Frontilabrus_caeruleus,9.4,InvMob,28.89898,Benthic,0.821164476,Predicted
Labridae,Gomphosus_caeruleus,32,InvMob,27.46775376,Benthic,0.327247795,Predicted
Labridae,Gomphosus_varius,35.1,InvMob,27.72151248,Benthic,0.320993311,Predicted
Labridae,Haletta_semifasciata,29,Omnivr,17.67340119,Benthic,0.280910266,Predicted
Labridae,Halichoeres_adustus,12.5,InvMob,26.30523478,Benthic,1.148503594,Predicted
Labridae,Halichoeres_aestuaricola,22,InvMob,27.34950921,Benthic,0.453356631,Predicted
Labridae,Halichoeres_argus,12,InvMob,28.32038972,Benthic,0.718273854,Predicted
Labridae,Halichoeres_bathyphilus,23,InvMob,26.70071178,Benthopelagic,0.442279415,Predicted
Labridae,Halichoeres_bicolor,12,InvMob,28.72967255,Benthic,0.734186437,Predicted
Labridae,Halichoeres_binotopsis,8.9,InvMob,28.799975,Benthic,0.627657925,Predicted
Labridae,Halichoeres_biocellatus,12,InvMob,27.72537895,Benthic,1.048400093,Predicted
Labridae,Halichoeres_bivittatus,35,InvMob,26.91406791,Benthopelagic,0.228718685,Predicted
Labridae,Halichoeres_bleekeri,12.2,InvMob,21.38382162,Benthic,0.707636311,Predicted
Labridae,Halichoeres_brasiliensis,39.5,InvMob,25.76172813,Benthopelagic,0.229547732,Predicted
Labridae,Halichoeres_brownfieldi,15,InvMob,19.95899412,Benthic,0.311067996,Predicted
Labridae,Halichoeres_caudalis,20,InvMob,26.91616986,Benthopelagic,0.504091647,Predicted
Labridae,Halichoeres_chierchiae,17.5,InvMob,25.81678333,Benthic,0.74367709,Predicted
Labridae,Halichoeres_chlorocephalus,7.5,InvMob,28.86568767,Benthic,1.994031585,Predicted
Labridae,Halichoeres_chloropterus,22.4,InvMob,28.63164146,Benthic,0.529569712,Predicted
Labridae,Halichoeres_chrysus,12,InvMob,28.00835556,Benthic,0.702404677,Predicted
Labridae,Halichoeres_claudia,8.8,InvMob,28.20675993,Benthic,0.542977791,Predicted
Labridae,Halichoeres_cosmetus,13,InvMob,27.08104035,Benthic,0.549648311,Predicted
Labridae,Halichoeres_cyanocephalus,30,InvMob,27.50626461,Benthopelagic,0.373150835,Predicted
Labridae,Halichoeres_dimidiatus,27,InvMob,26.97197356,Benthopelagic,0.463340647,Predicted
Labridae,Halichoeres_discolor,15,InvMob,27.62448,Benthic,0.535299976,Predicted
Labridae,Halichoeres_dispilus,25,InvMob,25.02924296,Benthic,0.297680913,Predicted
Labridae,Halichoeres_erdmanni,7.22,InvMob,28.8986968,Benthic,1.975496865,Predicted
Labridae,Halichoeres_garnoti,19.3,InvMob,27.19330236,Benthopelagic,0.451009842,Predicted
Labridae,Halichoeres_hartzfeldii,18,InvMob,27.95746445,Benthic,0.572405525,Predicted
Labridae,Halichoeres_hilomeni,9.56,InvMob,28.84772516,Benthic,1.004528195,Predicted
Labridae,Halichoeres_hortulanus,27,InvMob,28.85118227,Benthic,0.823653498,Original
Labridae,Halichoeres_insularis,7,InvMob,25.81525,Benthic,2.64973139,Predicted
Labridae,Halichoeres_iridis,11.5,InvMob,27.22835255,Benthic,0.677125356,Predicted
Labridae,Halichoeres_kallochroma,12,InvMob,29.10780943,Benthic,0.827088573,Predicted
Labridae,Halichoeres_lapillus,14,InvMob,26.54583197,Benthic,0.530709698,Predicted
Labridae,Halichoeres_leptotaenia,10.4,InvMob,27.27386,Benthic,0.615809429,Predicted
Labridae,Halichoeres_leucoxanthus,12,InvMob,28.99492366,Benthic,0.839499719,Predicted
Labridae,Halichoeres_leucurus,13,InvMob,28.74061275,Benthic,0.598650774,Predicted
Labridae,Halichoeres_maculipinna,18,InvMob,27.24441857,Benthopelagic,0.414693952,Predicted
Labridae,Halichoeres_malpelo,15,InvMob,27.28788333,Benthic,0.369876131,Predicted
Labridae,Halichoeres_margaritaceus,14.4,InvMob,27.72338629,Benthic,0.607298007,Predicted
Labridae,Halichoeres_marginatus,18,InvMob,28.85118227,Benthopelagic,0.926129782,Original
Labridae,Halichoeres_melanochir,18,InvMob,28.08693727,Benthic,0.762641379,Predicted
Labridae,Halichoeres_melanotis,13,InvMob,26.22078763,Benthic,1.050123219,Predicted
Labridae,Halichoeres_melanurus,12,InvMob,28.17077238,Benthic,0.968385723,Predicted
Labridae,Halichoeres_melas,12.1,InvMob,26.4811875,Benthic,1.085180567,Predicted
Labridae,Halichoeres_melasmapomus,24,InvMob,28.21959096,Benthic,0.507891145,Predicted
Labridae,Halichoeres_miniatus,14,InvMob,28.26047006,Benthic,0.48582222,Predicted
Labridae,Halichoeres_nebulosus,12,InvMob,27.62444668,Benthic,0.908993063,Predicted
Labridae,Halichoeres_nicholsi,38,InvMob,26.68163069,Benthic,0.146375869,Predicted
Labridae,Halichoeres_nigrescens,14,InvMob,27.90112587,Benthic,0.516238837,Predicted
Labridae,Halichoeres_notospilus,25.4,InvMob,26.11710357,Benthic,0.445643771,Predicted
Labridae,Halichoeres_orientalis,7.56,InvMob,23.03656111,Benthic,0.832307557,Predicted
Labridae,Halichoeres_ornatissimus,18,InvMob,24.73338837,Benthic,0.460441434,Predicted
Labridae,Halichoeres_pallidus,10,InvMob,28.58998025,Benthic,0.705237226,Predicted
Labridae,Halichoeres_papilionaceus,12,InvMob,28.78277005,Benthic,0.826555684,Predicted
Labridae,Halichoeres_pardaleocephalus,11.2,InvMob,28.72136269,Benthic,0.597163321,Predicted
Labridae,Halichoeres_pelicieri,4.9,InvMob,25.60148333,Benthic,2.334922208,Predicted
Labridae,Halichoeres_penrosei,11.9,InvMob,26.647605,Benthopelagic,1.130190151,Predicted
Labridae,Halichoeres_pictus,13,InvMob,27.36736019,Benthopelagic,0.537775622,Predicted
Labridae,Halichoeres_podostigma,18.5,InvMob,28.6898242,Benthic,0.543483961,Predicted
Labridae,Halichoeres_poeyi,20,InvMob,27.05453732,Benthopelagic,0.47738802,Predicted
Labridae,Halichoeres_prosopeion,14.8,InvMob,27.86170311,Benthic,0.683005017,Predicted
Labridae,Halichoeres_radiatus,51,InvMob,27.68530251,Benthopelagic,0.447448867,Original
Labridae,Halichoeres_richmondi,19,InvMob,28.50188719,Benthic,0.693798421,Predicted
Labridae,Halichoeres_rubricephalus,10,InvMob,28.68455294,Benthic,0.76836724,Predicted
Labridae,Halichoeres_rubrovirens,23.1,InvMob,26.51682667,Benthopelagic,0.469907465,Predicted
Labridae,Halichoeres_salmofasciatus,6.29,InvMob,28.129375,Benthic,2.178198698,Predicted
Labridae,Halichoeres_sazimai,21.4,InvMob,25.71388182,Benthopelagic,0.586295986,Predicted
Labridae,Halichoeres_scapularis,20,InvMob,28.85118227,Benthopelagic,0.820792572,Original
Labridae,Halichoeres_semicinctus,38,InvMob,20.22477368,Benthic,0.151380414,Predicted
Labridae,Halichoeres_signifer,8.22,InvMob,26.35589167,Benthic,2.38328921,Predicted
Labridae,Halichoeres_socialis,4.7,Plktiv,28.148775,Benthopelagic,3.210912164,Predicted
Labridae,Halichoeres_solorensis,18,InvMob,28.68470843,Benthic,0.597012595,Predicted
Labridae,Halichoeres_stigmaticus,12.8,InvMob,26.87118372,Benthic,0.694647098,Predicted
Labridae,Halichoeres_tenuispinis,13.6,InvMob,24.53322069,Benthic,0.552065341,Predicted
Labridae,Halichoeres_timorensis,12,InvMob,28.75199077,Benthic,0.783770541,Predicted
Labridae,Halichoeres_trimaculatus,27,InvMob,27.72105833,Benthic,0.577565183,Predicted
Labridae,Halichoeres_trispilus,9.5,InvMob,27.57560139,Benthic,0.762066474,Predicted
Labridae,Halichoeres_zeylonicus,20,InvMob,27.66517921,Benthic,0.61393524,Predicted
Labridae,Halichoeres_zulu,13.5,InvMob,24.404975,Benthic,0.579603852,Predicted
Labridae,Hemigymnus_fasciatus,80,InvMob,27.67600786,Benthopelagic,0.147080802,Predicted
Labridae,Hemigymnus_melapterus,90,InvMob,27.85639559,Benthopelagic,0.092223976,Predicted
Labridae,Heteroscarus_acroptilus,24,Omnivr,17.8752954,Benthic,0.211226189,Predicted
Labridae,Hipposcarus_harid,75,HerDet,28.74081516,Benthopelagic,0.073414618,Original
Labridae,Hipposcarus_longiceps,60,HerDet,29.19970699,Benthopelagic,0.24664495,Original
Labridae,Hologymnosus_annulatus,40,FisCep,27.55137496,Benthopelagic,0.203833651,Predicted
Labridae,Hologymnosus_doliatus,50,FisCep,27.7481767,Benthopelagic,0.199955339,Predicted
Labridae,Hologymnosus_longipes,40,FisCep,25.73204821,Benthic,0.262904575,Predicted
Labridae,Hologymnosus_rhodonotus,32,FisCep,26.47608088,Benthic,0.330971262,Predicted
Labridae,Iniistius_aneitensis,24,InvMob,28.14782125,Benthic,0.610570434,Predicted
Labridae,Iniistius_auropunctatus,12.9,InvMob,27.983075,Benthic,0.610067336,Predicted
Labridae,Iniistius_baldwini,20.4,InvMob,26.36874505,Benthic,0.582562556,Predicted
Labridae,Iniistius_bimaculatus,28.5,InvMob,27.76211435,Benthic,0.559519819,Predicted
Labridae,Iniistius_celebicus,16.1,InvMob,28.13114222,Benthic,0.593979393,Predicted
Labridae,Iniistius_cyanifrons,14.9,InvMob,28.483925,Benthic,0.619748253,Predicted
Labridae,Iniistius_dea,30,InvMob,26.30690718,Benthic,0.430207023,Predicted
Labridae,Iniistius_evides,19,InvMob,25.4719775,Benthic,0.391908569,Predicted
Labridae,Iniistius_griffithsi,14.3,InvMob,26.55669655,Benthic,0.528116073,Predicted
Labridae,Iniistius_jacksonensis,17.5,InvMob,21.77134,Benthic,0.323320172,Predicted
Labridae,Iniistius_melanopus,26,InvMob,28.08106632,Benthic,0.527107621,Predicted
Labridae,Iniistius_naevus,13.19,InvMob,28.70356667,Benthic,0.650949854,Predicted
Labridae,Iniistius_pavo,42,InvMob,27.75059001,Benthic,0.146975549,Predicted
Labridae,Iniistius_pentadactylus,25,InvMob,27.92007587,Benthic,0.549170302,Predicted
Labridae,Iniistius_trivittatus,30,InvMob,26.02031951,Benthic,0.449172989,Predicted
Labridae,Iniistius_twistii,20,InvMob,28.12889549,Benthic,0.758964952,Predicted
Labridae,Iniistius_umbrilatus,17.5,InvMob,24.73338837,Benthic,0.476443845,Predicted
Labridae,Labrichthys_unilineatus,17.5,InvSes,27.98188796,Benthic,0.520487801,Predicted
Labridae,Labroides_bicolor,15,InvMob,27.69874527,Benthopelagic,0.607666912,Predicted
Labridae,Labroides_dimidiatus,14,InvMob,27.58028082,Benthopelagic,0.486090056,Predicted
Labridae,Labroides_pectoralis,11,InvMob,28.10462336,Benthopelagic,0.79391381,Predicted
Labridae,Labroides_phthirophagus,12,InvMob,24.8945766,Benthic,1.0404382,Predicted
Labridae,Labroides_rubrolabiatus,9,InvMob,27.34186817,Benthopelagic,0.407633418,Predicted
Labridae,Labropsis_alleni,10,InvSes,28.78590451,Benthic,0.957640612,Predicted
Labridae,Labropsis_australis,10.5,InvSes,27.27930433,Benthic,0.591572084,Predicted
Labridae,Labropsis_manabei,10,InvSes,28.08043162,Benthic,0.63149072,Predicted
Labridae,Labropsis_micronesica,12,InvSes,28.71521462,Benthic,0.89369458,Predicted
Labridae,Labropsis_polynesica,7.9,InvSes,27.15298503,Benthic,1.586106954,Predicted
Labridae,Labropsis_xanthonota,13,InvSes,27.85854913,Benthic,0.876490447,Predicted
Labridae,Labrus_bergylta,65.9,InvMob,12.96631551,Benthopelagic,0.054931292,Original
Labridae,Labrus_merula,53.2,InvMob,16.7906168,Benthopelagic,0.121472804,Original
Labridae,Labrus_mixtus,45.4,InvMob,16.7906168,Benthopelagic,0.076687261,Original
Labridae,Labrus_viridis,47,InvMob,18.8038264,Benthopelagic,0.091209139,Predicted
Labridae,Lachnolaimus_maximus,91,InvMob,27.96348171,Benthopelagic,0.065013665,Original
Labridae,Lappanella_fasciata,15,InvMob,18.82055652,Benthopelagic,0.468636104,Predicted
Labridae,Lappanella_guineensis,11.78,InvMob,27.82215714,Benthic,1.108422825,Predicted
Labridae,Larabicus_quadrilineatus,11.5,InvSes,27.58638767,Benthic,0.92293713,Predicted
Labridae,Leptojulis_chrysotaenia,11,InvMob,28.81398173,Benthopelagic,0.842505075,Predicted
Labridae,Leptojulis_cyanopleura,13,Plktiv,28.15198116,Benthopelagic,0.776174848,Predicted
Labridae,Leptojulis_lambdastigma,13.65,InvMob,27.43274468,Benthopelagic,0.391416001,Predicted
Labridae,Leptojulis_polylepis,10,InvMob,28.77796989,Benthopelagic,0.802119178,Predicted
Labridae,Leptojulis_urostigma,11,InvMob,28.45986778,Benthic,0.67950015,Predicted
Labridae,Leptoscarus_vaigiensis,35,HerMac,27.32528562,Benthic,0.415002346,Predicted
Labridae,Macropharyngodon_bipartitus,13,InvMob,27.11804792,Benthic,0.561561388,Predicted
Labridae,Macropharyngodon_choati,7.6,InvMob,24.82546515,Benthic,1.735838184,Predicted
Labridae,Macropharyngodon_cyanoguttatus,11.5,InvMob,26.14009506,Benthic,1.514896681,Predicted
Labridae,Macropharyngodon_geoffroy,15,InvMob,24.8945766,Benthic,0.530579116,Predicted
Labridae,Macropharyngodon_kuiteri,10,InvMob,25.24682614,Benthic,0.874830312,Predicted
Labridae,Macropharyngodon_marisrubri,9.48,InvMob,27.63421852,Benthic,0.706506881,Predicted
Labridae,Macropharyngodon_meleagris,18.7,InvMob,27.73254476,Benthic,0.620842662,Predicted
Labridae,Macropharyngodon_moyeri,12,InvMob,22.85624359,Benthic,0.766292651,Predicted
Labridae,Macropharyngodon_negrosensis,18.2,InvMob,28.00580335,Benthic,0.51785023,Predicted
Labridae,Macropharyngodon_ornatus,13,InvMob,28.40486323,Benthic,0.837910869,Predicted
Labridae,Macropharyngodon_vivienae,11,InvMob,26.18889733,Benthic,1.137600197,Predicted
Labridae,Minilabrus_striatus,6,Plktiv,28.39811333,Benthic,2.779398036,Predicted
Labridae,Neoodax_balteatus,14,InvMob,17.17940723,Benthic,0.400265776,Predicted
Labridae,Nicholsina_collettei,24,HerMac,27.13452879,Benthopelagic,0.56497352,Predicted
Labridae,Nicholsina_denticulata,32,HerMac,24.78242727,Benthic,0.345261081,Predicted
Labridae,Nicholsina_usta,30,HerMac,26.7072555,Benthopelagic,0.522161055,Predicted
Labridae,Notolabrus_celidotus,29.3,InvMob,17.67171955,Benthic,0.300999597,Original
Labridae,Notolabrus_cinctus,29.9,InvMob,11.86799545,Benthic,0.171781669,Predicted
Labridae,Notolabrus_fucicola,38,InvMob,17.67171955,Benthic,0.182215729,Original
Labridae,Notolabrus_gymnogenis,23,InvMob,21.80003636,Benthic,0.20345484,Predicted
Labridae,Notolabrus_inscriptus,50,InvMob,20.19782632,Benthic,0.151788728,Predicted
Labridae,Notolabrus_parilus,31.2,InvMob,18.28772462,Benthic,0.148981388,Predicted
Labridae,Notolabrus_tetricus,50,InvMob,15.89222381,Benthopelagic,0.137194779,Predicted
Labridae,Novaculichthys_taeniourus,30,InvMob,27.72186282,Benthopelagic,0.466210635,Predicted
Labridae,Novaculoides_macrolepidotus,16,InvMob,27.6067341,Benthic,0.455010975,Predicted
Labridae,Novaculops_halsteadi,12.02,InvMob,28.14651301,Benthic,0.935624101,Predicted
Labridae,Novaculops_koteamea,25.9,InvMob,22.61315,Benthic,0.22332745,Predicted
Labridae,Novaculops_pastellus,11.7,InvMob,21.84356,Benthic,0.680910756,Predicted
Labridae,Novaculops_sciistius,6.2,InvMob,25.44449,Benthic,1.478363086,Predicted
Labridae,Novaculops_woodi,19.3,InvMob,25.314285,Benthic,0.545009723,Predicted
Labridae,Odax_cyanoallix,27,HerMac,17.39235789,Benthic,0.343603455,Predicted
Labridae,Odax_pullus,48.4,HerMac,17.29377604,Benthic,0.403132104,Original
Labridae,Olisthops_cyanomelas,35,HerDet,17.58958333,Benthic,0.123434477,Predicted
Labridae,Ophthalmolepis_lineolata,40,InvMob,18.12683506,Benthopelagic,0.154785997,Predicted
Labridae,Oxycheilinus_arenatus,21,FisCep,28.10967101,Benthopelagic,0.682882597,Predicted
Labridae,Oxycheilinus_bimaculatus,15,InvMob,27.43473001,Benthic,0.342327776,Predicted
Labridae,Oxycheilinus_celebicus,24,FisCep,28.27756109,Benthopelagic,0.497444205,Predicted
Labridae,Oxycheilinus_digramma,48.1,FisCep,27.94611491,Benthopelagic,0.21616701,Predicted
Labridae,Oxycheilinus_lineatus,15.95,FisCep,25.38009787,Benthic,0.393027637,Predicted
Labridae,Oxycheilinus_mentalis,20,FisCep,27.70789846,Benthic,0.634038017,Predicted
Labridae,Oxycheilinus_nigromarginatus,13.9420658,FisCep,25.00402778,Benthopelagic,0.352406006,Predicted
Labridae,Oxycheilinus_orientalis,20,FisCep,28.43387199,Benthopelagic,0.686920573,Predicted
Labridae,Oxycheilinus_unifasciatus,46,FisCep,27.72717175,Benthopelagic,0.22384141,Predicted
Labridae,Oxyjulis_californica,25,InvMob,17.50195385,Benthopelagic,0.233851768,Predicted
Labridae,Paracheilinus_angulatus,7.5,Plktiv,28.65136625,Benthopelagic,1.983876819,Predicted
Labridae,Paracheilinus_attenuatus,5.95,Plktiv,27.82791765,Benthopelagic,3.183933387,Predicted
Labridae,Paracheilinus_bellae,6.5,Plktiv,28.8481825,Benthopelagic,2.998706089,Predicted
Labridae,Paracheilinus_carpenteri,8,Plktiv,27.25382991,Benthopelagic,1.499947529,Predicted
Labridae,Paracheilinus_cyaneus,7,Plktiv,28.96996531,Benthopelagic,2.568406359,Predicted
Labridae,Paracheilinus_filamentosus,21,Plktiv,28.81201829,Benthopelagic,0.558085334,Predicted
Labridae,Paracheilinus_flavianalis,8.5,Plktiv,28.56585824,Benthopelagic,0.549068411,Predicted
Labridae,Paracheilinus_lineopunctatus,7,Plktiv,27.49241647,Benthopelagic,2.044808355,Predicted
Labridae,Paracheilinus_mccoskeri,8,Plktiv,28.07477174,Benthopelagic,1.626410492,Predicted
Labridae,Paracheilinus_nursalim,5.1,Plktiv,28.600575,Benthopelagic,2.437370041,Predicted
Labridae,Paracheilinus_octotaenia,9,Plktiv,27.44712857,Benthopelagic,0.426700363,Predicted
Labridae,Paracheilinus_piscilineatus,5.65,Plktiv,25.60148333,Benthopelagic,2.699841586,Predicted
Labridae,Paracheilinus_rubricaudalis,5.6,Plktiv,26.8728197,Benthopelagic,2.600328624,Predicted
Labridae,Paracheilinus_togeanensis,7,Plktiv,29.16671429,Benthopelagic,2.695534092,Predicted
Labridae,Paracheilinus_walton,4.07,Plktiv,29.17499,Benthopelagic,7.937401722,Predicted
Labridae,Parajulis_poecilepterus,34,InvMob,19.80649267,Benthic,0.090271125,Original
Labridae,Pictilabrus_brauni,7.4,InvMob,17.9975,Benthic,0.591539984,Predicted
Labridae,Pictilabrus_laticlavius,23,InvMob,17.5242573,Benthic,0.222804867,Predicted
Labridae,Pictilabrus_viridis,14.05,InvMob,18.55840909,Benthic,0.361621731,Predicted
Labridae,Polylepion_cruentum,24,InvMob,28.03868182,Benthic,0.406105086,Predicted
Labridae,Polylepion_russelli,25,InvMob,25.8665573,Benthic,0.50350693,Predicted
Labridae,Pseudocheilinops_ataenia,6.5,InvMob,28.82038026,Benthic,2.295213998,Predicted
Labridae,Pseudocheilinus_citrinus,6.6,InvMob,24.99463077,Benthic,1.468182377,Predicted
Labridae,Pseudocheilinus_dispilus,7.82,InvMob,25.8167,Benthic,2.46840209,Predicted
Labridae,Pseudocheilinus_evanidus,9,InvMob,27.67302191,Benthic,0.570529657,Predicted
Labridae,Pseudocheilinus_hexataenia,10,InvMob,27.81236867,Benthic,0.722908193,Predicted
Labridae,Pseudocheilinus_ocellatus,10.25,InvMob,27.64368881,Benthic,0.872650139,Predicted
Labridae,Pseudocheilinus_octotaenia,17,InvMob,27.88072447,Benthic,0.703624033,Predicted
Labridae,Pseudocheilinus_tetrataenia,7.5,InvMob,26.92592297,Benthic,1.73423497,Predicted
Labridae,Pseudocoris_aequalis,11.2,Plktiv,26.83334,Pelagic,0.733971251,Predicted
Labridae,Pseudocoris_aurantiofasciata,20,Plktiv,26.83632081,Benthopelagic,0.487438732,Predicted
Labridae,Pseudocoris_bleekeri,15,Plktiv,28.15987529,Benthopelagic,0.623823734,Predicted
Labridae,Pseudocoris_heteroptera,20,Plktiv,28.11952218,Benthopelagic,0.753930453,Predicted
Labridae,Pseudocoris_ocellata,11.08,Plktiv,24.01647826,Pelagic,0.71388502,Predicted
Labridae,Pseudocoris_petila,14,Plktiv,28.7084,Pelagic,0.783600675,Predicted
Labridae,Pseudocoris_yamashiroi,16,Plktiv,27.93066124,Benthopelagic,0.524888895,Predicted
Labridae,Pseudodax_moluccanus,30,InvMob,27.90509528,Benthic,0.495437329,Predicted
Labridae,Pseudojuloides_atavai,13,InvMob,26.33787857,Pelagic,1.052090301,Predicted
Labridae,Pseudojuloides_cerasinus,10.3,InvMob,26.94110547,Benthic,0.676940055,Predicted
Labridae,Pseudojuloides_elongatus,14,InvMob,21.65159565,Benthic,0.308647204,Predicted
Labridae,Pseudojuloides_erythrops,10,InvMob,27.11649333,Benthic,0.639010715,Predicted
Labridae,Pseudojuloides_kaleidos,10,InvMob,28.78944071,Benthic,0.811016905,Predicted
Labridae,Pseudojuloides_mesostigma,7,InvMob,26.27937183,Benthic,2.558218714,Predicted
Labridae,Pseudojuloides_pyrius,7.2,InvMob,27.983075,Benthic,1.64934386,Predicted
Labridae,Pseudojuloides_severnsi,9.15,InvMob,27.2435629,Benthic,0.390674273,Predicted
Labridae,Pseudojuloides_xanthomos,6.5,InvMob,25.60148333,Benthic,2.037675144,Predicted
Labridae,Pseudolabrus_biserialis,17.2,InvMob,19.22309259,Benthic,0.375962642,Predicted
Labridae,Pseudolabrus_eoethinus,20,InvMob,24.08861481,Benthic,0.436442221,Predicted
Labridae,Pseudolabrus_fuentesi,16.5,InvMob,23.97559048,Benthic,0.483535958,Predicted
Labridae,Pseudolabrus_gayi,9.73,InvMob,18.215325,Benthic,0.42595633,Predicted
Labridae,Pseudolabrus_guentheri,18,InvMob,24.48171351,Benthic,0.455440338,Predicted
Labridae,Pseudolabrus_japonicus,25,InvMob,23.00917703,Benthic,0.19521903,Predicted
Labridae,Pseudolabrus_luculentus,17,InvMob,20.50109024,Benthic,0.315348127,Predicted
Labridae,Pseudolabrus_miles,27.2,InvMob,14.75401905,Benthopelagic,0.263663817,Predicted
Labridae,Pseudolabrus_semifasciatus,25,InvMob,22.61315,Benthic,0.192368665,Predicted
Labridae,Pseudolabrus_sieboldi,19,InvMob,21.01013896,Benthic,0.327788655,Predicted
Labridae,Pseudolabrus_torotai,15.8,InvMob,22.25705,Benthic,0.345843681,Predicted
Labridae,Pteragogus_aurigarius,17,InvMob,22.56716667,Benthic,0.371663323,Predicted
Labridae,Pteragogus_cryptus,9.5,InvMob,28.2397097,Benthic,0.680716846,Predicted
Labridae,Pteragogus_enneacanthus,15,InvMob,28.05636064,Benthic,0.406364538,Predicted
Labridae,Pteragogus_flagellifer,20,InvMob,27.67806914,Benthic,0.617563139,Predicted
Labridae,Pteragogus_guttatus,9,InvMob,28.64380075,Benthic,0.48534421,Predicted
Labridae,Pteragogus_pelycus,15,InvMob,26.57496402,Benthic,0.560837179,Predicted
Labridae,Pteragogus_taeniops,15,InvMob,26.82246386,Benthic,0.472650052,Predicted
Labridae,Pteragogus_trispilus,7.9,InvMob,25.41003636,Benthic,1.326046082,Predicted
Labridae,Pteragogus_variabilis,5.8,InvMob,27.264224,Benthic,1.764173584,Predicted
Labridae,Scarus_altipinnis,60,HerDet,26.27121115,Benthopelagic,0.152197317,Original
Labridae,Scarus_arabicus,45,HerDet,27.19615455,Benthic,0.203331414,Predicted
Labridae,Scarus_caudofasciatus,50,HerDet,27.03415181,Benthic,0.214981539,Predicted
Labridae,Scarus_chameleon,31,HerDet,26.27121115,Benthopelagic,0.531415673,Original
Labridae,Scarus_coelestinus,77,HerDet,27.41638492,Benthopelagic,0.113054104,Predicted
Labridae,Scarus_coeruleus,100,HerDet,27.68530251,Benthopelagic,0.118274236,Original
Labridae,Scarus_collana,33,HerDet,27.5772359,Benthic,0.384618641,Predicted
Labridae,Scarus_compressus,68,HerDet,26.87571026,Benthic,0.133520462,Predicted
Labridae,Scarus_dimidiatus,40,HerDet,28.2004928,Benthopelagic,0.292036945,Predicted
Labridae,Scarus_dubius,35.6,HerDet,24.8945766,Benthic,0.205665127,Predicted
Labridae,Scarus_falcipinnis,60,HerDet,26.88734817,Benthic,0.142671337,Predicted
Labridae,Scarus_ferrugineus,41,HerDet,28.74081516,Benthopelagic,0.361116921,Original
Labridae,Scarus_festivus,45,HerDet,27.96007819,Benthic,0.195191125,Predicted
Labridae,Scarus_flavipectoralis,40,HerDet,28.22607799,Benthopelagic,0.265996881,Predicted
Labridae,Scarus_forsteni,55,HerDet,28.93022966,Benthopelagic,0.21384724,Original
Labridae,Scarus_frenatus,47,HerDet,26.62417253,Benthopelagic,0.253045694,Original
Labridae,Scarus_fuscocaudalis,25,HerDet,28.04913757,Benthic,0.373591657,Predicted
Labridae,Scarus_fuscopurpureus,38,HerDet,27.29517611,Benthic,0.240258757,Predicted
Labridae,Scarus_ghobban,90,HerDet,28.06675973,Benthopelagic,0.038338209,Original
Labridae,Scarus_globiceps,28,HerDet,27.78666253,Benthopelagic,0.489210998,Predicted
Labridae,Scarus_guacamaia,120,HerDet,27.68530251,Benthopelagic,0.115390795,Original
Labridae,Scarus_hoefleri,66,HerDet,26.2529898,Benthopelagic,0.14573785,Predicted
Labridae,Scarus_hypselopterus,31,HerDet,28.39038424,Benthic,0.513879208,Predicted
Labridae,Scarus_iseri,35,HerDet,28.24722162,Benthopelagic,0.14377774,Original
Labridae,Scarus_koputea,31,HerDet,27.983075,Benthic,0.427250176,Predicted
Labridae,Scarus_longipinnis,40,HerDet,25.63579213,Benthopelagic,0.28660695,Predicted
Labridae,Scarus_maculipinna,19.05,HerDet,29.108246,Benthic,0.571727792,Predicted
Labridae,Scarus_niger,40,HerDet,26.62417253,Benthopelagic,0.247786969,Original
Labridae,Scarus_obishime,70,HerDet,24.45271667,Benthic,0.16176711,Predicted
Labridae,Scarus_oviceps,35,HerDet,27.92052856,Benthopelagic,0.431512341,Predicted
Labridae,Scarus_ovifrons,78,HerDet,23.41496325,Benthic,0.112330281,Predicted
Labridae,Scarus_perrico,76,HerDet,26.387797,Benthic,0.130152593,Predicted
Labridae,Scarus_persicus,50,HerDet,26.64733,Benthic,0.222518803,Predicted
Labridae,Scarus_prasiognathos,70,HerDet,28.37865116,Benthic,0.178894371,Predicted
Labridae,Scarus_psittacus,30,HerDet,26.40852255,Benthopelagic,0.578606965,Original
Labridae,Scarus_quoyi,40,HerDet,28.4105546,Benthopelagic,0.347111042,Predicted
Labridae,Scarus_rivulatus,46,HerDet,26.40852255,Benthopelagic,0.12070509,Original
Labridae,Scarus_rubroviolaceus,70,HerDet,28.06675973,Benthopelagic,0.19593475,Original
Labridae,Scarus_russelii,51,HerDet,27.32437363,Benthic,0.23789974,Predicted
Labridae,Scarus_scaber,37,HerDet,28.85118227,Benthopelagic,0.370900748,Original
Labridae,Scarus_schlegeli,40,HerDet,26.40852255,Benthopelagic,0.16896424,Original
Labridae,Scarus_spinus,30,HerDet,28.17025202,Benthopelagic,0.663634926,Predicted
Labridae,Scarus_taeniopterus,31.4,HerDet,27.79684933,Benthopelagic,0.293443177,Original
Labridae,Scarus_tricolor,40,HerDet,28.05641128,Benthopelagic,0.23193623,Predicted
Labridae,Scarus_trispinosus,55.6,HerDet,26.13665738,Benthopelagic,0.145066755,Predicted
Labridae,Scarus_vetula,61,HerDet,27.68530251,Benthopelagic,0.476189987,Original
Labridae,Scarus_viridifucatus,45,HerDet,27.90048602,Benthic,0.210955751,Predicted
Labridae,Scarus_xanthopleura,54,HerDet,28.5161892,Benthic,0.21758061,Predicted
Labridae,Scarus_zelindae,33.2,HerDet,26.13665738,Benthopelagic,0.37676535,Predicted
Labridae,Scarus_zufar,50,HerDet,26.40061429,Benthic,0.209936566,Predicted
Labridae,Semicossyphus_darwini,70,InvMob,20.86791163,Benthic,0.17074554,Predicted
Labridae,Semicossyphus_pulcher,91,InvMob,15.62395625,Benthic,0.041911479,Original
Labridae,Siphonognathus_argyrophanes,40,InvMob,17.244025,Benthic,0.178642048,Predicted
Labridae,Siphonognathus_attenuatus,12,InvMob,17.10778906,Benthic,0.706018855,Predicted
Labridae,Siphonognathus_beddomei,12,InvMob,17.4549971,Benthic,0.752386316,Predicted
Labridae,Siphonognathus_caninis,10,InvMob,17.12774444,Benthic,0.49210116,Predicted
Labridae,Siphonognathus_radiatus,18,InvMob,17.19648594,Benthic,0.339187084,Predicted
Labridae,Sparisoma_amplum,39,HerDet,26.18976143,Benthopelagic,0.240963385,Predicted
Labridae,Sparisoma_atomarium,25,HerDet,28.24722162,Benthopelagic,0.380382816,Original
Labridae,Sparisoma_aurofrenatum,28,HerDet,28.24722162,Benthopelagic,0.435223803,Original
Labridae,Sparisoma_axillare,43.6,HerDet,26.18976143,Benthopelagic,0.169063245,Predicted
Labridae,Sparisoma_chrysopterum,46,HerDet,27.68530251,Benthopelagic,0.504454495,Original
Labridae,Sparisoma_cretense,50,HerDet,19.37547512,Benthopelagic,0.130031596,Original
Labridae,Sparisoma_frondosum,50,HerDet,27.50831928,Benthopelagic,0.153180729,Original
Labridae,Sparisoma_radians,20,HerDet,26.97784063,Benthopelagic,0.407171945,Predicted
Labridae,Sparisoma_rocha,30.5,HerDet,25.4136,Benthopelagic,0.256310481,Predicted
Labridae,Sparisoma_rubripinne,47.8,HerDet,27.68530251,Benthopelagic,0.461084791,Original
Labridae,Sparisoma_strigatum,58.2,HerDet,22.14077326,Benthopelagic,0.255809117,Original
Labridae,Sparisoma_tuiupiranga,15.4,HerDet,24.85378537,Benthopelagic,0.551370678,Predicted
Labridae,Sparisoma_viride,64,HerDet,27.68530251,Benthopelagic,0.175612373,Original
Labridae,Stethojulis_albovittata,14,InvMob,28.85118227,Benthic,1.10255882,Original
Labridae,Stethojulis_balteata,15,InvMob,24.8945766,Benthic,0.530579116,Predicted
Labridae,Stethojulis_bandanensis,15,InvMob,27.5754727,Benthic,0.540272859,Predicted
Labridae,Stethojulis_interrupta,13,InvMob,27.93007207,Benthic,0.753847512,Predicted
Labridae,Stethojulis_maculata,16,InvMob,23.6991875,Benthic,0.371717733,Predicted
Labridae,Stethojulis_marquesensis,8.54,InvMob,27.983075,Benthic,0.444612718,Predicted
Labridae,Stethojulis_notialis,8.855384811,InvMob,26.19933537,Benthic,0.864755457,Predicted
Labridae,Stethojulis_strigiventer,15,InvMob,27.83290667,Benthic,0.721596345,Predicted
Labridae,Stethojulis_terina,12.6,InvMob,23.91479612,Benthic,0.684965098,Predicted
Labridae,Stethojulis_trilineata,15,InvMob,28.85118227,Benthic,1.1,Original
Labridae,Suezichthys_arquatus,13.5,InvMob,21.31561429,Benthic,0.461053931,Predicted
Labridae,Suezichthys_aylingi,11.7,InvMob,17.97954615,Benthic,0.621239114,Predicted
Labridae,Suezichthys_bifurcatus,9,InvMob,18.35685517,Benthic,0.335082626,Predicted
Labridae,Suezichthys_caudavittatus,12,InvMob,27.24795417,Benthic,0.669511056,Predicted
Labridae,Suezichthys_cyanolaemus,9.7,InvMob,22.9311,Benthic,0.501547816,Predicted
Labridae,Suezichthys_devisi,14,InvMob,23.71915,Benthic,0.399747023,Predicted
Labridae,Suezichthys_gracilis,16,InvMob,23.12078105,Benthic,0.349526665,Predicted
Labridae,Suezichthys_notatus,14.2,InvMob,24.49664754,Benthic,0.453980213,Predicted
Labridae,Suezichthys_ornatus,3.87,InvMob,18.63658571,Benthic,2.36857542,Predicted
Labridae,Suezichthys_russelli,7.5,InvMob,24.1464,Benthic,1.237658339,Predicted
Labridae,Suezichthys_soelae,10.3,InvMob,25.44981964,Benthic,0.720206033,Predicted
Labridae,Symphodus_bailloni,20,InvMob,17.61193636,Benthic,0.266329091,Predicted
Labridae,Symphodus_cinereus,16,InvMob,21.40501595,Benthopelagic,0.242211883,Original
Labridae,Symphodus_doderleini,10,InvMob,19.51417368,Benthopelagic,0.580991025,Predicted
Labridae,Symphodus_mediterraneus,21.8,InvMob,16.7906168,Benthopelagic,0.284667055,Original
Labridae,Symphodus_melanocercus,14,InvMob,19.53912154,Benthopelagic,0.389562593,Predicted
Labridae,Symphodus_melops,33.5,InvMob,12.96631551,Benthic,0.133380941,Original
Labridae,Symphodus_ocellatus,14.1,InvMob,17.90535946,Benthopelagic,0.399405988,Original
Labridae,Symphodus_roissali,22.6,InvMob,16.7906168,Benthic,0.174526495,Original
Labridae,Symphodus_rostratus,18.4,InvMob,17.90535946,Benthic,0.225809816,Original
Labridae,Symphodus_tinca,52.5,InvMob,21.69787121,Benthic,0.079700528,Original
Labridae,Tautoga_onitis,91,InvMob,16.47301197,Benthic,0.050818872,Original
Labridae,Tautogolabrus_adspersus,38,InvMob,12.5803175,Benthic,0.103827559,Original
Labridae,Terelabrus_rubrovittatus,12,InvMob,28.51765025,Benthic,0.874288379,Predicted
Labridae,Thalassoma_amblycephalum,20.3,Plktiv,27.57950768,Benthopelagic,0.507745177,Predicted
Labridae,Thalassoma_ascensionis,10,InvMob,25.90723333,Benthopelagic,1.251821046,Predicted
Labridae,Thalassoma_ballieui,39.5,InvMob,24.8945766,Benthic,0.171704037,Predicted
Labridae,Thalassoma_bifasciatum,25,Plktiv,26.96609481,Benthopelagic,0.395685494,Predicted
Labridae,Thalassoma_cupido,20,InvMob,21.95326964,Benthic,0.262156621,Predicted
Labridae,Thalassoma_duperrey,28,InvMob,24.8945766,Benthic,0.356548659,Predicted
Labridae,Thalassoma_genivittatum,20,InvMob,26.34810748,Benthic,0.583625569,Predicted
Labridae,Thalassoma_grammaticum,32,InvMob,26.63170459,Benthic,0.309529606,Predicted
Labridae,Thalassoma_hardwicke,20,InvMob,28.85118227,Benthic,0.866220394,Original
Labridae,Thalassoma_hebraicum,23,InvMob,26.98419333,Benthic,0.452824131,Predicted
Labridae,Thalassoma_heiseri,11.62,InvMob,24.39392414,Benthic,1.101566898,Predicted
Labridae,Thalassoma_jansenii,20,InvMob,28.31389175,Benthic,0.640521647,Predicted
Labridae,Thalassoma_loxum,18,InvMob,26.812375,Benthic,0.461326367,Predicted
Labridae,Thalassoma_lucasanum,15,Plktiv,25.52601825,Benthic,0.404744269,Predicted
Labridae,Thalassoma_lunare,25,InvMob,27.62218266,Benthic,0.39033618,Predicted
Labridae,Thalassoma_lutescens,30,InvMob,27.23907203,Benthic,0.436898266,Predicted
Labridae,Thalassoma_nigrofasciatum,27,InvMob,26.8472537,Benthic,0.456205655,Predicted
Labridae,Thalassoma_noronhanum,13.3,Plktiv,25.93925854,Benthopelagic,0.830483145,Predicted
Labridae,Thalassoma_pavo,25,InvMob,20.14387285,Benthopelagic,0.228337573,Predicted
Labridae,Thalassoma_purpureum,46,InvMob,27.53216388,Benthic,0.138281919,Predicted
Labridae,Thalassoma_quinquevittatum,17,InvMob,27.86544262,Benthic,0.752338581,Predicted
Labridae,Thalassoma_robertsoni,7.82,InvMob,28.1831,Benthic,1.796101372,Predicted
Labridae,Thalassoma_rueppellii,20,InvMob,27.5772359,Benthic,0.571368102,Predicted
Labridae,Thalassoma_septemfasciatum,31,InvMob,22.252425,Benthic,0.166748186,Predicted
Labridae,Thalassoma_trilobatum,30,InvMob,27.60252775,Benthic,0.406418295,Predicted
Labridae,Thalassoma_virens,30,InvMob,26.8,Benthic,0.378782272,Predicted
Labridae,Wetmorella_albofasciata,6,InvMob,28.13223917,Benthic,2.394726689,Predicted
Labridae,Wetmorella_nigropinnata,8,InvMob,27.98746431,Benthic,1.385834368,Predicted
Labridae,Wetmorella_tanakai,3.65,InvMob,28.82262048,Benthic,8.137128019,Predicted
Labridae,Xenojulis_margaritaceus,10,InvMob,28.05684388,Benthic,0.526684044,Predicted
Labridae,Xiphocheilus_typus,14.8,InvMob,28.90663195,Benthic,1.166446929,Original
Labridae,Xyrichtys_blanchardi,21.2,InvMob,24.23671667,Benthopelagic,0.448161656,Predicted
Labridae,Xyrichtys_martinicensis,15,InvMob,27.11462308,Benthopelagic,0.412441596,Predicted
Labridae,Xyrichtys_mundiceps,14.5,InvMob,26.85677857,Benthic,0.463349398,Predicted
Labridae,Xyrichtys_novacula,38,InvMob,19.96023354,Benthopelagic,0.110712393,Original
Labridae,Xyrichtys_sanctaehelenae,23.3,InvMob,24.817925,Benthopelagic,0.421204966,Predicted
Labridae,Xyrichtys_splendens,17.5,InvMob,27.40251942,Benthopelagic,0.358972239,Predicted
Labridae,Xyrichtys_victori,15,InvMob,25.936575,Benthic,0.642421632,Predicted
Labridae,Xyrichtys_wellingtoni,7.16,InvMob,28.1831,Benthic,2.019015574,Predicted
Labrisomidae,Brockius_albigenys,5.2,InvMob,27.60146019,Benthic,2.208418273,Predicted
Labrisomidae,Brockius_nigricinctus,8,InvMob,27.45376742,Benthic,1.440557645,Predicted
Labrisomidae,Cottoclinus_canops,4.52,InvMob,23.743775,Benthic,1.3027879,Predicted
Labrisomidae,Dialommus_macrocephalus,11,InvMob,28.03425349,Benthic,0.461420815,Predicted
Labrisomidae,Exerpes_asper,6.5,InvMob,22.8487875,Benthic,0.912489443,Predicted
Labrisomidae,Gobioclinus_bucciferus,9,InvMob,27.40006053,Benthic,0.369311069,Predicted
Labrisomidae,Gobioclinus_dendriticus,13,InvMob,25.47648421,Benthic,0.518297625,Predicted
Labrisomidae,Gobioclinus_filamentosus,12,InvMob,27.61088378,Benthic,0.878858929,Predicted
Labrisomidae,Gobioclinus_gobio,6.5,InvMob,27.4093241,Benthic,1.469897517,Predicted
Labrisomidae,Gobioclinus_guppyi,11.5,InvMob,27.4258567,Benthic,0.642354441,Predicted
Labrisomidae,Gobioclinus_kalisherae,7.5,InvMob,27.25325245,Benthic,1.35088727,Predicted
Labrisomidae,Labrisomus_conditus,13.42,InvMob,27.3877,Benthic,0.475590254,Predicted
Labrisomidae,Labrisomus_cricota,9.3,InvMob,26.62589615,Benthic,0.647127162,Predicted
Labrisomidae,Labrisomus_jenkinsi,13,InvMob,24.64045385,Benthic,0.616690568,Predicted
Labrisomidae,Labrisomus_multiporosus,18,InvMob,24.90315547,Benthic,0.458043544,Predicted
Labrisomidae,Labrisomus_nuchipinnis,23,InvMob,26.99788458,Benthic,0.452211816,Predicted
Labrisomidae,Labrisomus_xanti,17.8,InvMob,25.01968302,Benthic,0.428535487,Predicted
Labrisomidae,Malacoctenus_africanus,7.35,InvMob,24.4273,Benthic,1.582252784,Predicted
Labrisomidae,Malacoctenus_aurolineatus,6,InvMob,27.45875319,Benthic,1.980717384,Predicted
Labrisomidae,Malacoctenus_boehlkei,6.4,InvMob,27.54369452,Benthic,2.111850981,Predicted
Labrisomidae,Malacoctenus_carrowi,3.46,InvMob,24.26473333,Benthic,6.462866171,Predicted
Labrisomidae,Malacoctenus_delalandii,8.2,InvMob,27.69546296,Benthic,1.841632424,Predicted
Labrisomidae,Malacoctenus_ebisui,6.5,InvMob,26.40199367,Benthic,2.690314956,Predicted
Labrisomidae,Malacoctenus_erdmani,3.8,InvMob,27.53870473,Benthic,7.62714951,Predicted
Labrisomidae,Malacoctenus_gigas,13,InvMob,22.97970769,Benthic,0.538957336,Predicted
Labrisomidae,Malacoctenus_gilli,7.6,InvMob,27.41423427,Benthic,1.276502151,Predicted
Labrisomidae,Malacoctenus_hubbsi,9,InvMob,24.76389778,Benthic,0.604221602,Predicted
Labrisomidae,Malacoctenus_macropus,5.5,InvMob,27.345999,Benthic,1.869186714,Predicted
Labrisomidae,Malacoctenus_margaritae,6.5,InvMob,27.29968462,Benthic,1.545074744,Predicted
Labrisomidae,Malacoctenus_tetranemus,7.5,InvMob,25.03885083,Benthic,1.354363233,Predicted
Labrisomidae,Malacoctenus_triangulatus,7.5,InvMob,27.38994899,Benthic,1.274711692,Predicted
Labrisomidae,Malacoctenus_versicolor,7.6,InvMob,27.45845536,Benthic,1.51606428,Predicted
Labrisomidae,Malacoctenus_zonifer,8,InvMob,27.44491714,Benthic,1.340683099,Predicted
Labrisomidae,Malacoctenus_zonogaster,8.5,InvMob,24.64045385,Benthic,0.545371629,Predicted
Labrisomidae,Nemaclinus_atelestos,2.9,InvMob,26.69608788,Benthic,7.84309694,Predicted
Labrisomidae,Paraclinus_arcanus,3.2,InvMob,25.39465455,Benthic,5.266371099,Predicted
Labrisomidae,Paraclinus_barbatus,3.4,InvMob,27.23236905,Benthic,6.336444104,Predicted
Labrisomidae,Paraclinus_cingulatus,3,InvMob,27.56116514,Benthic,7.91967276,Predicted
Labrisomidae,Paraclinus_fasciatus,6.5,InvMob,27.28770673,Benthic,1.549251197,Predicted
Labrisomidae,Paraclinus_fehlmanni,4.03,InvMob,23.30806,Benthic,2.785200207,Predicted
Labrisomidae,Paraclinus_grandicomis,4,InvMob,27.40251354,Benthic,4.904512607,Predicted
Labrisomidae,Paraclinus_infrons,3,InvMob,26.803752,Benthic,7.293798807,Predicted
Labrisomidae,Paraclinus_marmoratus,10,InvMob,26.8008449,Benthic,0.835040652,Predicted
Labrisomidae,Paraclinus_mexicanus,4,InvMob,27.03574045,Benthic,5.474656158,Predicted
Labrisomidae,Paraclinus_monophthalmus,8.5,InvMob,28.21845,Benthic,0.510597521,Predicted
Labrisomidae,Paraclinus_naeorhegmis,2.7,InvMob,27.02169355,Benthic,6.79657591,Predicted
Labrisomidae,Paraclinus_nigripinnis,6.5,InvMob,27.35927236,Benthic,1.639215712,Predicted
Labrisomidae,Paraclinus_rubicundus,4.7,InvMob,25.22174667,Benthic,2.194723628,Predicted
Labrisomidae,Paraclinus_sini,6,InvMob,22.66924,Benthic,1.005720021,Predicted
Labrisomidae,Paraclinus_spectator,5.19,InvMob,22.21622581,Benthic,0.895270842,Predicted
Labrisomidae,Paraclinus_tanygnathus,3.5,InvMob,27.6757,Benthic,8.338112097,Predicted
Labrisomidae,Starksia_atlantica,2.5,InvMob,27.52202077,Benthic,8.407239991,Predicted
Labrisomidae,Starksia_brasiliensis,3.5,InvMob,25.1926975,Benthic,6.451091636,Predicted
Labrisomidae,Starksia_culebrae,2.7,InvMob,27.54803696,Benthic,8.122318104,Predicted
Labrisomidae,Starksia_elongata,2.7,InvMob,27.73938718,Benthic,8.797524621,Predicted
Labrisomidae,Starksia_fasciata,2.69,InvMob,27.2453587,Benthic,6.597181202,Predicted
Labrisomidae,Starksia_fulva,4.5,InvMob,27.75141852,Benthic,2.796552907,Predicted
Labrisomidae,Starksia_galapagensis,4.5,InvMob,24.64045385,Benthic,2.048892312,Predicted
Labrisomidae,Starksia_guttata,4.572,InvMob,27.39586111,Benthic,1.959906083,Predicted
Labrisomidae,Starksia_hassi,4,InvMob,27.48331642,Benthic,6.521261855,Predicted
Labrisomidae,Starksia_lepicoelia,3.4,InvMob,27.4083947,Benthic,5.979975645,Predicted
Labrisomidae,Starksia_leucovitta,2.49,InvMob,28.0808,Benthic,7.563838961,Predicted
Labrisomidae,Starksia_melasma,2.11,InvMob,27.5344375,Benthic,9.312161784,Predicted
Labrisomidae,Starksia_multilepis,2.16,InvMob,27.40583333,Benthic,7.066499525,Predicted
Labrisomidae,Starksia_nanodes,2.15,InvMob,27.53758136,Benthic,9.312161784,Predicted
Labrisomidae,Starksia_ocellata,6,InvMob,25.99783836,Benthic,2.768229568,Predicted
Labrisomidae,Starksia_posthon,4,InvMob,27.974764,Benthic,5.889255648,Predicted
Labrisomidae,Starksia_rava,2.53,InvMob,27.45212222,Benthic,7.533996998,Predicted
Labrisomidae,Starksia_sella,2.77,InvMob,27.63436667,Benthic,7.757167903,Predicted
Labrisomidae,Starksia_sluiteri,2.8,InvMob,27.6360837,Benthic,8.174951514,Predicted
Labrisomidae,Starksia_smithvanizi,1.95,InvMob,27.62956226,Benthic,9.128778352,Predicted
Labrisomidae,Starksia_spinipenis,5,InvMob,26.05332619,Benthic,2.900672459,Predicted
Labrisomidae,Starksia_starcki,4,InvMob,27.59036923,Benthic,6.503135643,Predicted
Labrisomidae,Starksia_variabilis,3.3,InvMob,27.892475,Benthic,7.824904739,Predicted
Labrisomidae,Starksia_y-lineata,2.1,InvMob,28.02563077,Benthic,8.057268711,Predicted
Labrisomidae,Xenomedea_rhodopyga,6.5,InvMob,23.41511875,Benthic,0.929909642,Predicted
Lethrinidae,Gnathodentex_aureolineatus,30,InvMob,27.85368618,Benthopelagic,0.570491907,Predicted
Lethrinidae,Gymnocranius_audleyi,40,InvMob,26.05027723,Benthic,0.308882151,Original
Lethrinidae,Gymnocranius_elongatus,35,FisCep,28.01414832,Benthic,0.317240726,Predicted
Lethrinidae,Gymnocranius_euanus,45,InvMob,24.53452852,Benthic,0.23659536,Original
Lethrinidae,Gymnocranius_frenatus,35,FisCep,28.44881065,Benthic,0.375892687,Predicted
Lethrinidae,Gymnocranius_grandoculis,80,InvMob,24.53452852,Benthic,0.107891359,Original
Lethrinidae,Gymnocranius_griseus,35,InvMob,28.73174953,Benthic,0.217244648,Original
Lethrinidae,Gymnocranius_microdon,45,InvMob,28.20364878,Benthopelagic,0.160453384,Predicted
Lethrinidae,Lethrinus_amboinensis,70,FisCep,28.29063921,Benthic,0.143044051,Predicted
Lethrinidae,Lethrinus_atkinsoni,50,InvMob,27.13541529,Benthopelagic,0.306069972,Original
Lethrinidae,Lethrinus_atlanticus,50,FisCep,27.20461765,Benthopelagic,0.221873589,Predicted
Lethrinidae,Lethrinus_borbonicus,40,InvMob,28.10476513,Benthic,0.331732026,Original
Lethrinidae,Lethrinus_conchyliatus,76,FisCep,28.29772365,Benthic,0.122483119,Predicted
Lethrinidae,Lethrinus_crocineus,60,FisCep,27.59289526,Benthic,0.1238039,Predicted
Lethrinidae,Lethrinus_enigmaticus,55,InvMob,27.56889772,Benthic,0.139439841,Original
Lethrinidae,Lethrinus_erythracanthus,70,InvMob,28.06096907,Benthic,0.133884996,Original
Lethrinidae,Lethrinus_erythropterus,50,InvMob,28.47601861,Benthopelagic,0.15776844,Predicted
Lethrinidae,Lethrinus_genivittatus,25,InvMob,24.53452852,Benthic,0.449238348,Original
Lethrinidae,Lethrinus_haematopterus,45,FisCep,23.61959667,Benthic,0.136410777,Predicted
Lethrinidae,Lethrinus_harak,50,InvMob,27.13541529,Benthopelagic,0.091070426,Original
Lethrinidae,Lethrinus_laticaudis,56,FisCep,27.95146085,Benthic,0.151083401,Predicted
Lethrinidae,Lethrinus_lentjan,52,InvMob,28.10476513,Benthic,0.152029913,Original
Lethrinidae,Lethrinus_mahsena,65,InvMob,27.56889772,Benthic,0.086995561,Original
Lethrinidae,Lethrinus_microdon,80,FisCep,28.10476513,Benthic,0.15923704,Original
Lethrinidae,Lethrinus_miniatus,90,FisCep,24.53452852,Benthic,0.088401979,Original
Lethrinidae,Lethrinus_nebulosus,87,InvMob,27.92109108,Benthopelagic,0.119502973,Original
Lethrinidae,Lethrinus_obsoletus,60,InvMob,29.19970699,Benthopelagic,0.103028417,Original
Lethrinidae,Lethrinus_olivaceus,100,FisCep,29.7887879,Benthopelagic,0.155996517,Original
Lethrinidae,Lethrinus_ornatus,45,InvMob,28.06096907,Benthic,0.331974351,Original
Lethrinidae,Lethrinus_ravus,25,FisCep,25.53261481,Benthic,0.302671306,Predicted
Lethrinidae,Lethrinus_reticulatus,40,FisCep,28.42451358,Benthic,0.262879036,Predicted
Lethrinidae,Lethrinus_rubrioperculatus,50,InvMob,28.90808821,Benthic,0.09122039,Original
Lethrinidae,Lethrinus_semicinctus,35,InvMob,27.948237,Benthic,0.606351975,Original
Lethrinidae,Lethrinus_variegatus,20,FisCep,27.86663623,Benthic,0.785146344,Predicted
Lethrinidae,Lethrinus_xanthochilus,75.1,InvMob,28.06096907,Benthic,0.129391062,Original
Lethrinidae,Monotaxis_grandoculis,60,InvMob,27.82892489,Benthopelagic,0.172356719,Predicted
Lethrinidae,Wattsia_mossambica,55,FisCep,27.60665199,Benthic,0.177239518,Predicted
Lutjanidae,Aphareus_furca,70,FisCep,27.90020932,Pelagic,0.232581144,Predicted
Lutjanidae,Aphareus_rutilans,110,FisCep,27.85059612,Benthopelagic,0.093482999,Predicted
Lutjanidae,Aprion_virescens,112,FisCep,28.11066389,Pelagic,0.179906001,Original
Lutjanidae,Apsilus_dentatus,65,InvMob,28.31257259,Pelagic,0.423601947,Original
Lutjanidae,Apsilus_fuscus,75,FisCep,27.26296364,Pelagic,0.208757331,Predicted
Lutjanidae,Caesio_caerulaurea,35,Plktiv,27.92695397,Pelagic,0.449690649,Predicted
Lutjanidae,Caesio_lunaris,40,Plktiv,27.95063544,Pelagic,0.300470406,Predicted
Lutjanidae,Caesio_striata,25,Plktiv,27.94475833,Pelagic,0.759279775,Predicted
Lutjanidae,Caesio_suevica,35,Plktiv,27.65235161,Pelagic,0.308587508,Predicted
Lutjanidae,Caesio_teres,40,Plktiv,27.99527345,Pelagic,0.279617959,Predicted
Lutjanidae,Caesio_varilineata,40,Plktiv,27.97520097,Pelagic,0.285165506,Predicted
Lutjanidae,Caesio_xanthalytos,22,Plktiv,26.82906049,Pelagic,0.533920143,Predicted
Lutjanidae,Caesio_xanthonota,40,Plktiv,27.93914554,Pelagic,0.316147099,Predicted
Lutjanidae,Dipterygonotus_balteatus,14,Plktiv,28.13376638,Pelagic,0.65068064,Predicted
Lutjanidae,Etelis_carbunculus,127,FisCep,27.64593337,Benthopelagic,0.072765726,Predicted
Lutjanidae,Etelis_coruscans,120,FisCep,27.7699024,Pelagic,0.121472893,Predicted
Lutjanidae,Etelis_oculatus,100,FisCep,27.17391174,Benthopelagic,0.140315701,Predicted
Lutjanidae,Etelis_radiosus,80,FisCep,28.0815271,Benthopelagic,0.112831896,Predicted
Lutjanidae,Gymnocaesio_gymnoptera,18,Plktiv,28.08375217,Pelagic,0.614047243,Predicted
Lutjanidae,Hoplopagrus_guentherii,92,FisCep,26.1534875,Benthic,0.085603371,Predicted
Lutjanidae,Lipocheilus_carnolabrum,50,FisCep,28.35803288,Benthopelagic,0.177387027,Predicted
Lutjanidae,Lutjanus_adetii,50,InvMob,24.53452852,Benthopelagic,0.16394132,Original
Lutjanidae,Lutjanus_agennes,139,FisCep,27.228366,Benthopelagic,0.08564691,Predicted
Lutjanidae,Lutjanus_alexandrei,45,InvMob,27.46033163,Benthopelagic,0.103078761,Original
Lutjanidae,Lutjanus_analis,94,InvMob,27.63832435,Benthopelagic,0.160218591,Original
Lutjanidae,Lutjanus_apodus,67.2,InvMob,27.68530251,Benthopelagic,0.083155321,Original
Lutjanidae,Lutjanus_aratus,100,FisCep,25.9919662,Benthopelagic,0.111330582,Predicted
Lutjanidae,Lutjanus_argentimaculatus,120,FisCep,28.90663195,Benthopelagic,0.093037876,Original
Lutjanidae,Lutjanus_argentiventris,71,InvMob,27.89794041,Benthopelagic,0.143409457,Original
Lutjanidae,Lutjanus_bengalensis,30,FisCep,28.436173,Benthopelagic,0.615152093,Predicted
Lutjanidae,Lutjanus_biguttatus,25,FisCep,28.67999459,Benthopelagic,0.485099911,Predicted
Lutjanidae,Lutjanus_bitaeniatus,30,FisCep,28.05302154,Benthopelagic,0.407206159,Predicted
Lutjanidae,Lutjanus_bohar,90,FisCep,24.53452852,Benthopelagic,0.090011832,Original
Lutjanidae,Lutjanus_boutton,35,InvMob,29.68755903,Benthopelagic,0.252219708,Original
Lutjanidae,Lutjanus_buccanella,75,InvMob,28.31257259,Benthopelagic,0.155747667,Original
Lutjanidae,Lutjanus_campechanus,117,FisCep,24.1355257,Benthopelagic,0.106015574,Original
Lutjanidae,Lutjanus_carponotatus,40,FisCep,26.40852255,Benthopelagic,0.273257053,Original
Lutjanidae,Lutjanus_coeruleolineatus,40,FisCep,27.92188939,Benthopelagic,0.30427306,Predicted
Lutjanidae,Lutjanus_colorado,91,FisCep,28.2836,Benthic,0.073641181,Predicted
Lutjanidae,Lutjanus_cyanopterus,160,FisCep,27.63832435,Benthopelagic,0.045312433,Original
Lutjanidae,Lutjanus_decussatus,35,InvMob,28.50125232,Benthopelagic,0.33621674,Predicted
Lutjanidae,Lutjanus_dentatus,150,FisCep,27.34412821,Benthopelagic,0.073869073,Predicted
Lutjanidae,Lutjanus_dodecacanthoides,30,FisCep,28.78940948,Benthopelagic,0.534775121,Predicted
Lutjanidae,Lutjanus_ehrenbergii,35,InvMob,28.10476513,Benthopelagic,0.386966084,Original
Lutjanidae,Lutjanus_erythropterus,81.6,InvMob,26.25940113,Benthopelagic,0.184049502,Original
Lutjanidae,Lutjanus_fulgens,60,FisCep,26.72902029,Benthopelagic,0.143877683,Predicted
Lutjanidae,Lutjanus_fulviflamma,35,InvMob,28.10476513,Benthopelagic,0.193814773,Original
Lutjanidae,Lutjanus_fulvus,40,InvMob,27.91009625,Benthopelagic,0.23409461,Predicted
Lutjanidae,Lutjanus_gibbus,50,InvMob,29.7887879,Benthopelagic,0.280319357,Original
Lutjanidae,Lutjanus_goreensis,80,FisCep,26.90933167,Benthopelagic,0.149271641,Predicted
Lutjanidae,Lutjanus_griseus,89,InvMob,26.60894493,Benthopelagic,0.081738975,Original
Lutjanidae,Lutjanus_guilcheri,60,FisCep,28.37834557,Benthopelagic,0.18079911,Predicted
Lutjanidae,Lutjanus_guttatus,80,InvMob,27.94177685,Benthopelagic,0.172466935,Original
Lutjanidae,Lutjanus_indicus,22.6,FisCep,28.11092955,Benthopelagic,0.703056583,Predicted
Lutjanidae,Lutjanus_inermis,34,FisCep,28.14396207,Benthic,0.418547822,Predicted
Lutjanidae,Lutjanus_jocu,128,InvMob,27.3869334,Benthopelagic,0.03920535,Original
Lutjanidae,Lutjanus_johnii,97,InvMob,28.86658897,Benthopelagic,0.11580458,Original
Lutjanidae,Lutjanus_jordani,60,FisCep,26.98745,Benthic,0.142905723,Predicted
Lutjanidae,Lutjanus_kasmira,40,InvMob,24.53452852,Benthopelagic,0.205739417,Original
Lutjanidae,Lutjanus_lemniscatus,65,FisCep,28.38508118,Benthopelagic,0.16111192,Predicted
Lutjanidae,Lutjanus_lunulatus,40,FisCep,28.63611047,Benthopelagic,0.247432745,Predicted
Lutjanidae,Lutjanus_lutjanus,35,InvMob,28.02013748,Benthopelagic,0.316815957,Original
Lutjanidae,Lutjanus_madras,30,FisCep,28.71746944,Benthopelagic,0.512966845,Predicted
Lutjanidae,Lutjanus_mahogoni,48,InvMob,24.73517942,Benthopelagic,0.171389405,Original
Lutjanidae,Lutjanus_malabaricus,100,InvMob,26.25940113,Benthopelagic,0.129682758,Original
Lutjanidae,Lutjanus_mizenkoi,32,FisCep,28.99757342,Benthopelagic,0.39197199,Predicted
Lutjanidae,Lutjanus_monostigma,60,FisCep,29.7887879,Benthopelagic,0.198875815,Original
Lutjanidae,Lutjanus_notatus,25,FisCep,26.76908353,Benthopelagic,0.396542889,Predicted
Lutjanidae,Lutjanus_novemfasciatus,170,FisCep,26.14831692,Benthic,0.055831875,Predicted
Lutjanidae,Lutjanus_papuensis,25.9,FisCep,28.93246522,Benthopelagic,0.588816745,Predicted
Lutjanidae,Lutjanus_peru,95,FisCep,24.75580685,Benthopelagic,0.157623055,Original
Lutjanidae,Lutjanus_purpureus,100,InvMob,27.47619486,Benthopelagic,0.088368025,Original
Lutjanidae,Lutjanus_quinquelineatus,38,InvMob,24.53452852,Benthopelagic,0.089885799,Original
Lutjanidae,Lutjanus_rivulatus,80,FisCep,29.7887879,Benthopelagic,0.15815832,Original
Lutjanidae,Lutjanus_rufolineatus,30,FisCep,28.07875302,Benthopelagic,0.445176876,Predicted
Lutjanidae,Lutjanus_sanguineus,100,FisCep,28.84218884,Benthopelagic,0.181513929,Original
Lutjanidae,Lutjanus_sebae,121,FisCep,26.25940113,Benthopelagic,0.091488979,Original
Lutjanidae,Lutjanus_semicinctus,35,FisCep,28.44336905,Benthopelagic,0.372945623,Predicted
Lutjanidae,Lutjanus_synagris,60,InvMob,27.69575397,Benthopelagic,0.11753065,Original
Lutjanidae,Lutjanus_timoriensis,50,InvMob,29.68755903,Benthopelagic,0.223007303,Original
Lutjanidae,Lutjanus_viridis,30,FisCep,25.94574471,Benthic,0.455504028,Predicted
Lutjanidae,Lutjanus_vitta,40,FisCep,27.92109108,Benthopelagic,0.293594451,Original
Lutjanidae,Lutjanus_vivanus,83,InvMob,27.41446514,Benthopelagic,0.086830409,Original
Lutjanidae,Macolor_macularis,60,Plktiv,28.29209869,Pelagic,0.157125983,Predicted
Lutjanidae,Macolor_niger,75,FisCep,27.98132648,Pelagic,0.179307783,Predicted
Lutjanidae,Ocyurus_chrysurus,86.3,InvMob,27.63832435,Pelagic,0.069219552,Original
Lutjanidae,Paracaesio_gonzalesi,42,Plktiv,28.56328012,Pelagic,0.230720404,Predicted
Lutjanidae,Paracaesio_kusakarii,60,Plktiv,27.87637035,Pelagic,0.186301547,Predicted
Lutjanidae,Paracaesio_sordida,48,Plktiv,27.73230532,Pelagic,0.233560127,Predicted
Lutjanidae,Paracaesio_stonei,50,Plktiv,27.25618889,Pelagic,0.244438292,Predicted
Lutjanidae,Paracaesio_xanthura,50,Plktiv,27.71573718,Pelagic,0.24853471,Predicted
Lutjanidae,Pinjalo_lewisi,50,Plktiv,28.12703424,Pelagic,0.234000936,Predicted
Lutjanidae,Pinjalo_pinjalo,80,Plktiv,28.16461978,Pelagic,0.150837173,Predicted
Lutjanidae,Pristipomoides_aquilonaris,56,FisCep,26.88780167,Pelagic,0.157952872,Predicted
Lutjanidae,Pristipomoides_argyrogrammicus,40,FisCep,27.96521065,Pelagic,0.307547725,Predicted
Lutjanidae,Pristipomoides_auricilla,45,FisCep,27.93985337,Pelagic,0.258803969,Predicted
Lutjanidae,Pristipomoides_filamentosus,67.0643005,FisCep,25.07707814,Pelagic,0.067907411,Original
Lutjanidae,Pristipomoides_flavipinnis,50,FisCep,27.82488069,Pelagic,0.321047288,Predicted
Lutjanidae,Pristipomoides_freemani,23.3,FisCep,26.51164126,Pelagic,0.564309808,Predicted
Lutjanidae,Pristipomoides_macrophthalmus,50,FisCep,27.56307788,Pelagic,0.215041439,Predicted
Lutjanidae,Pristipomoides_multidens,90,FisCep,27.93081871,Pelagic,0.160555573,Predicted
Lutjanidae,Pristipomoides_sieboldii,40.10374755,FisCep,25.07707814,Pelagic,0.08047367,Original
Lutjanidae,Pristipomoides_typus,70,FisCep,28.49297976,Pelagic,0.238002157,Predicted
Lutjanidae,Pristipomoides_zonatus,57.5,FisCep,27.95709103,Pelagic,0.175870101,Predicted
Lutjanidae,Pterocaesio_chrysozona,21,Plktiv,28.0569642,Pelagic,0.521047987,Predicted
Lutjanidae,Pterocaesio_digramma,30,Plktiv,28.07994547,Pelagic,0.636880034,Predicted
Lutjanidae,Pterocaesio_flavifasciata,20.43,Plktiv,28.78994762,Pelagic,1.081901374,Predicted
Lutjanidae,Pterocaesio_lativittata,23,Plktiv,28.52449162,Pelagic,1.004315749,Predicted
Lutjanidae,Pterocaesio_marri,35,Plktiv,27.96563633,Pelagic,0.391494175,Predicted
Lutjanidae,Pterocaesio_monikae,9.75,Plktiv,28.92708333,Pelagic,1.514462367,Predicted
Lutjanidae,Pterocaesio_randalli,25,Plktiv,28.88231195,Pelagic,1.13087129,Predicted
Lutjanidae,Pterocaesio_tessellata,25,Plktiv,28.62568432,Pelagic,0.938970751,Predicted
Lutjanidae,Pterocaesio_tile,30,Plktiv,27.99099048,Pelagic,0.689871756,Predicted
Lutjanidae,Pterocaesio_trilineata,20,Plktiv,28.18850528,Pelagic,0.904970255,Predicted
Lutjanidae,Randallichthys_filamentosus,50,FisCep,27.59254667,Pelagic,0.206657184,Predicted
Lutjanidae,Rhomboplites_aurorubens,60,InvMob,24.69118309,Pelagic,0.136337496,Original
Lutjanidae,Symphorichthys_spilurus,60,FisCep,28.08260029,Benthic,0.124389288,Predicted
Lutjanidae,Symphorus_nematophorus,118.8,FisCep,29.7887879,Benthic,0.124385643,Original
Malacanthidae,Branchiostegus_albus,45,Plktiv,24.34449099,Benthic,0.129009661,Predicted
Malacanthidae,Branchiostegus_argentatus,32.7,InvMob,21.46623278,Benthic,0.485682173,Original
Malacanthidae,Branchiostegus_auratus,30,FisCep,22.49770357,Benthic,0.202657241,Predicted
Malacanthidae,Branchiostegus_doliatus,40,FisCep,26.83696,Benthic,0.192644723,Predicted
Malacanthidae,Branchiostegus_ilocanus,27,FisCep,28.70595331,Benthic,0.566957513,Predicted
Malacanthidae,Branchiostegus_japonicus,46,Plktiv,23.3755,Benthic,0.123145802,Predicted
Malacanthidae,Branchiostegus_sawakinensis,60,FisCep,27.78529225,Benthic,0.14882247,Predicted
Malacanthidae,Branchiostegus_wardi,40,FisCep,26.7350131,Benthic,0.203186937,Predicted
Malacanthidae,Caulolatilus_affinis,49.5,InvMob,25.62099648,Benthic,0.134346555,Original
Malacanthidae,Caulolatilus_hubbsi,36,FisCep,24.57637021,Benthic,0.196478111,Predicted
Malacanthidae,Caulolatilus_princeps,102,FisCep,23.47870976,Benthic,0.114981195,Predicted
Malacanthidae,Hoplolatilus_chlupatyi,13,Plktiv,28.57651451,Benthopelagic,0.626584386,Predicted
Malacanthidae,Hoplolatilus_cuniculus,16,Plktiv,27.75595098,Benthopelagic,0.452042587,Predicted
Malacanthidae,Hoplolatilus_fourmanoiri,14,Plktiv,28.5535165,Benthopelagic,0.51645379,Predicted
Malacanthidae,Hoplolatilus_fronticinctus,21,Plktiv,28.46842392,Benthopelagic,0.563736826,Predicted
Malacanthidae,Hoplolatilus_luteus,13,Plktiv,28.7650466,Benthopelagic,0.662734387,Predicted
Malacanthidae,Hoplolatilus_marcosi,12,Plktiv,28.32978695,Benthopelagic,0.699745468,Predicted
Malacanthidae,Hoplolatilus_purpureus,13,Plktiv,28.72523789,Benthopelagic,0.614491646,Predicted
Malacanthidae,Hoplolatilus_randalli,15.43,Plktiv,28.74009895,Benthopelagic,0.523782702,Predicted
Malacanthidae,Hoplolatilus_starcki,15.5,Plktiv,28.29524917,Benthopelagic,0.540649565,Predicted
Malacanthidae,Lopholatilus_chamaeleonticeps,125,FisCep,24.79601635,Benthopelagic,0.089520712,Predicted
Malacanthidae,Malacanthus_brevirostris,32,InvMob,27.73048452,Benthic,0.394620433,Predicted
Malacanthidae,Malacanthus_latovittatus,49,InvMob,27.88044303,Benthic,0.193345186,Predicted
Malacanthidae,Malacanthus_plumieri,70,InvMob,27.04486238,Benthopelagic,0.137104025,Predicted
Megalopidae,Megalops_atlanticus,320,FisCep,27.73163366,Pelagic,0.049596423,Original
Megalopidae,Megalops_cyprinoides,150,FisCep,27.40477403,Pelagic,0.105876381,Predicted
Microdesmidae,Aioliops_megastigma,3,Plktiv,28.84723406,Benthopelagic,9.953558072,Predicted
Microdesmidae,Aioliops_novaeguineae,2.3,Plktiv,28.77283289,Benthopelagic,9.760713943,Predicted
Microdesmidae,Aioliops_tetrophthalmus,3.56,Plktiv,27.14093103,Benthopelagic,7.633735595,Predicted
Microdesmidae,Cerdale_floridana,9,InvMob,27.23809296,Benthopelagic,0.413006947,Predicted
Microdesmidae,Cerdale_ionthas,7.5,InvMob,28.40966071,Benthic,1.902119056,Predicted
Microdesmidae,Clarkichthys_bilineatus,6.2,InvMob,27.67168085,Benthic,2.234190796,Predicted
Microdesmidae,Gunnellichthys_curiosus,12,Plktiv,27.61581404,Benthopelagic,0.831863487,Predicted
Microdesmidae,Gunnellichthys_monostigma,15,Plktiv,27.95221689,Benthopelagic,0.513143916,Predicted
Microdesmidae,Gunnellichthys_pleurotaenia,12,Plktiv,28.08053014,Benthopelagic,0.684711521,Predicted
Microdesmidae,Gunnellichthys_viridescens,12,Plktiv,28.08999382,Benthopelagic,0.974814546,Predicted
Microdesmidae,Microdesmus_longipinnis,27,InvMob,26.66497239,Benthopelagic,0.466168492,Predicted
Microdesmidae,Nemateleotris_decora,9,Plktiv,28.0570599,Benthopelagic,0.378515128,Predicted
Microdesmidae,Nemateleotris_helfrichi,6,Plktiv,28.19605044,Benthopelagic,2.889059946,Predicted
Microdesmidae,Nemateleotris_magnifica,9,Plktiv,27.82007652,Benthopelagic,0.650554589,Predicted
Microdesmidae,Oxymetopon_compressus,24,Plktiv,28.22186408,Benthopelagic,0.52249994,Predicted
Microdesmidae,Oxymetopon_cyanoctenosum,20,Plktiv,28.85868516,Benthopelagic,0.65290044,Predicted
Microdesmidae,Oxymetopon_typus,18,Plktiv,27.90953548,Benthopelagic,0.618772436,Predicted
Microdesmidae,Parioglossus_formosus,4.5,Plktiv,28.25436448,Benthopelagic,2.775093081,Predicted
Microdesmidae,Parioglossus_nudus,2,Plktiv,28.50270569,Benthopelagic,10.10267529,Predicted
Microdesmidae,Parioglossus_palustris,2.8,Plktiv,28.03672911,Benthopelagic,6.829486133,Predicted
Microdesmidae,Parioglossus_philippinus,3.5,Plktiv,27.90066312,Benthopelagic,8.499822887,Predicted
Microdesmidae,Parioglossus_raoi,3.5,Plktiv,28.14452103,Benthopelagic,9.526152223,Predicted
Microdesmidae,Parioglossus_senoui,2.22,Plktiv,28.23643464,Benthopelagic,9.311179893,Predicted
Microdesmidae,Ptereleotris_brachyptera,5.4,Plktiv,28.91852937,Benthopelagic,3.155072732,Predicted
Microdesmidae,Ptereleotris_calliura,12.5,Plktiv,27.28792569,Benthopelagic,0.545842413,Predicted
Microdesmidae,Ptereleotris_evides,14,Plktiv,28.11135738,Benthopelagic,0.572515229,Predicted
Microdesmidae,Ptereleotris_grammica,10,Plktiv,27.81035976,Benthopelagic,0.744109184,Predicted
Microdesmidae,Ptereleotris_hanae,12,Plktiv,28.10539178,Benthopelagic,0.974920384,Predicted
Microdesmidae,Ptereleotris_helenae,12,Plktiv,27.48096918,Benthopelagic,0.794127552,Predicted
Microdesmidae,Ptereleotris_heteroptera,14,Plktiv,27.63081764,Benthopelagic,0.449177276,Predicted
Microdesmidae,Ptereleotris_microlepis,13,Plktiv,27.86823205,Benthopelagic,0.823768879,Predicted
Microdesmidae,Ptereleotris_monoptera,15.1,Plktiv,27.37891966,Benthopelagic,0.374066652,Predicted
Microdesmidae,Ptereleotris_randalli,8.7,Plktiv,26.48530204,Benthopelagic,0.699689226,Predicted
Microdesmidae,Ptereleotris_uroditaenia,10,Plktiv,28.592441,Benthopelagic,0.763691814,Predicted
Microdesmidae,Ptereleotris_zebra,14.3,Plktiv,27.76948972,Benthopelagic,0.474909079,Predicted
Monacanthidae,Acanthaluteres_brownii,55,Omnivr,17.21413514,Benthopelagic,0.147488342,Predicted
Monacanthidae,Acanthaluteres_spilomelanurus,14,Omnivr,17.7093971,Benthopelagic,0.402486292,Predicted
Monacanthidae,Acanthaluteres_vittiger,35,Omnivr,17.42940968,Benthopelagic,0.197174125,Predicted
Monacanthidae,Acreichthys_radiatus,7,Omnivr,27.99410924,Benthic,1.37692634,Predicted
Monacanthidae,Acreichthys_tomentosus,12,Omnivr,28.75225306,Benthic,0.826581022,Original
Monacanthidae,Aluterus_heudelotii,45,Omnivr,26.39350699,Pelagic,0.150966098,Predicted
Monacanthidae,Aluterus_monoceros,76.2,Plktiv,27.24202934,Pelagic,0.147326258,Original
Monacanthidae,Aluterus_schoepfii,61,HerDet,25.96598115,Pelagic,0.126223889,Predicted
Monacanthidae,Aluterus_scriptus,110,Omnivr,27.17020409,Benthopelagic,0.060740672,Predicted
Monacanthidae,Amanses_scopas,20,InvSes,27.82278934,Benthopelagic,0.731214638,Predicted
Monacanthidae,Anacanthus_barbatus,35,Omnivr,27.78995011,Benthic,0.272152845,Predicted
Monacanthidae,Brachaluteres_jacksonianus,10,Omnivr,19.77772761,Benthic,0.333637238,Predicted
Monacanthidae,Brachaluteres_taylori,5,Omnivr,26.75394621,Benthic,2.222437617,Predicted
Monacanthidae,Brachaluteres_ulvarum,7.5,Omnivr,26.88880592,Benthic,1.479081345,Predicted
Monacanthidae,Cantherhines_cerinus,12,Omnivr,28.78488205,Benthic,0.742009158,Predicted
Monacanthidae,Cantherhines_dumerilii,38,InvSes,27.71330233,Benthopelagic,0.236379831,Predicted
Monacanthidae,Cantherhines_fronticinctus,25,InvSes,27.56520403,Benthopelagic,0.410102235,Predicted
Monacanthidae,Cantherhines_macrocerus,46,InvSes,27.08784534,Benthopelagic,0.18181572,Predicted
Monacanthidae,Cantherhines_pardalis,25,InvSes,27.71780917,Benthopelagic,0.484559984,Predicted
Monacanthidae,Cantherhines_pullus,20,InvSes,26.4044,Benthopelagic,0.525397448,Predicted
Monacanthidae,Cantherhines_sandwichiensis,19.3,Omnivr,26.90049024,Benthic,0.449689509,Predicted
Monacanthidae,Cantherhines_verecundus,12.5,InvSes,24.93222,Benthic,0.688337507,Predicted
Monacanthidae,Cantheschenia_grandisquamis,26,Omnivr,25.05733667,Benthic,0.362625828,Predicted
Monacanthidae,Chaetodermis_penicilligerus,31,Omnivr,27.81005475,Benthic,0.330263655,Predicted
Monacanthidae,Eubalichthys_bucephalus,50,InvSes,18.75119367,Benthic,0.126338134,Predicted
Monacanthidae,Eubalichthys_caeruleoguttatus,38,Omnivr,26.26655548,Benthic,0.164765472,Predicted
Monacanthidae,Eubalichthys_mosaicus,60,Omnivr,18.2263383,Benthic,0.074577141,Predicted
Monacanthidae,Meuschenia_australis,30,Omnivr,22.26100957,Benthic,0.241009137,Predicted
Monacanthidae,Meuschenia_flavolineata,30,Omnivr,18.4102284,Benthic,0.226266133,Predicted
Monacanthidae,Meuschenia_freycineti,60,Omnivr,18.199925,Benthic,0.074489638,Predicted
Monacanthidae,Meuschenia_hippocrepis,51,Omnivr,17.44091731,Benthic,0.160955343,Predicted
Monacanthidae,Meuschenia_scaber,31,InvSes,17.29377604,Benthopelagic,0.377385463,Original
Monacanthidae,Meuschenia_trachylepis,40,Omnivr,20.01175385,Benthic,0.24920572,Predicted
Monacanthidae,Monacanthus_chinensis,38,Omnivr,27.37950032,Benthic,0.206332623,Predicted
Monacanthidae,Monacanthus_ciliatus,20,Omnivr,26.56056528,Benthopelagic,0.511938578,Predicted
Monacanthidae,Monacanthus_tuckeri,10,Omnivr,26.92332174,Benthopelagic,0.657938028,Predicted
Monacanthidae,Nelusetta_ayraud,100,Plktiv,18.88062911,Benthic,0.073708124,Predicted
Monacanthidae,Oxymonacanthus_halli,7,InvSes,26.87446875,Benthic,2.031687824,Predicted
Monacanthidae,Oxymonacanthus_longirostris,12,InvSes,27.88906156,Benthopelagic,1.043342546,Predicted
Monacanthidae,Paraluteres_prionurus,11,InvMob,27.8856011,Benthic,0.744793148,Predicted
Monacanthidae,Paramonacanthus_choirocephalus,11,Omnivr,28.08232442,Benthic,0.410525992,Predicted
Monacanthidae,Paramonacanthus_cryptodon,7,Omnivr,28.88426961,Benthopelagic,2.014006632,Predicted
Monacanthidae,Paramonacanthus_japonicus,12,Omnivr,28.1564659,Benthic,0.773722743,Predicted
Monacanthidae,Paramonacanthus_nipponensis,15,Omnivr,27.57110376,Benthic,0.539150925,Predicted
Monacanthidae,Paramonacanthus_oblongus,7.8,Omnivr,26.9115524,Benthic,1.453223467,Predicted
Monacanthidae,Paramonacanthus_sulcatus,20,Omnivr,28.3654373,Benthic,0.741279544,Predicted
Monacanthidae,Paramonacanthus_tricuspis,10,Omnivr,28.70979336,Benthic,0.646136443,Predicted
Monacanthidae,Pervagor_aspricaudus,13,InvMob,27.91144116,Benthopelagic,0.764409217,Predicted
Monacanthidae,Pervagor_janthinosoma,16,InvMob,27.39658756,Benthopelagic,0.304151394,Predicted
Monacanthidae,Pervagor_melanocephalus,16,InvMob,27.90908117,Benthopelagic,0.542121574,Predicted
Monacanthidae,Pervagor_nigrolineatus,10,Omnivr,28.6574388,Benthic,0.61841093,Predicted
Monacanthidae,Pervagor_randalli,6.7,Omnivr,27.8905949,Benthic,1.700308755,Predicted
Monacanthidae,Pervagor_spilosoma,18,Omnivr,25.07480435,Benthic,0.416783689,Predicted
Monacanthidae,Pseudalutarius_nasicornis,19,Omnivr,27.51423047,Benthic,0.525452872,Predicted
Monacanthidae,Pseudomonacanthus_elongatus,25,Omnivr,27.72578913,Benthic,0.491174685,Predicted
Monacanthidae,Pseudomonacanthus_macrurus,18,Omnivr,28.58420168,Benthic,0.561846614,Predicted
Monacanthidae,Pseudomonacanthus_peroni,35,Omnivr,27.70832549,Benthic,0.310972276,Predicted
Monacanthidae,Rudarius_ercodes,7.5,InvMob,20.71123766,Benthic,0.730862313,Original
Monacanthidae,Rudarius_excelsus,2.5,Omnivr,28.11816574,Benthic,9.029328898,Predicted
Monacanthidae,Rudarius_minutus,5,Omnivr,28.10163667,Benthic,2.329815753,Predicted
Monacanthidae,Scobinichthys_granulatus,30,Omnivr,18.44752903,Benthic,0.232901606,Predicted
Monacanthidae,Stephanolepis_auratus,28,Omnivr,26.87942139,Benthic,0.423285594,Predicted
Monacanthidae,Stephanolepis_cirrhifer,30,Omnivr,24.699688,Benthic,0.311282026,Predicted
Monacanthidae,Stephanolepis_diaspros,25,Omnivr,27.52634257,Benthic,0.426830883,Predicted
Monacanthidae,Stephanolepis_hispidus,27.5,Omnivr,21.01102629,Benthopelagic,0.357971252,Original
Monacanthidae,Stephanolepis_setifer,20,Omnivr,26.69507995,Benthopelagic,0.47385161,Predicted
Monacanthidae,Thamnaconus_analis,19.3,Omnivr,18.89596,Pelagic,0.291897603,Predicted
Monacanthidae,Thamnaconus_arenaceus,23,Omnivr,26.39892414,Pelagic,0.521086883,Predicted
Monacanthidae,Thamnaconus_fajardoi,22,Omnivr,26.85383883,Benthic,0.4136127,Predicted
Monacanthidae,Thamnaconus_modestoides,32,Omnivr,27.00052225,Pelagic,0.343879022,Predicted
Monacanthidae,Thamnaconus_modestus,36,Plktiv,21.83938889,Pelagic,0.125294314,Predicted
Monacanthidae,Thamnaconus_septentrionalis,23,Omnivr,27.06130151,Benthic,0.406337496,Predicted
Moringuidae,Moringua_abbreviata,33,FisCep,27.71144446,Benthic,0.447690946,Predicted
Moringuidae,Moringua_edwardsi,15,FisCep,26.8535625,Benthic,0.455891476,Predicted
Moringuidae,Moringua_ferruginea,140,FisCep,27.78464565,Benthic,0.093608283,Predicted
Moringuidae,Moringua_javanica,120,FisCep,27.99719409,Benthic,0.070296518,Predicted
Moringuidae,Moringua_microchir,47,FisCep,28.44605125,Benthic,0.208430258,Predicted
Mugilidae,Moolgarda_seheli,60,HerDet,28.57883141,Pelagic,0.22765524,Original
Mugilidae,Mugil_cephalus,117.5,HerDet,18.13325644,Pelagic,0.049770535,Original
Mugilidae,Mugil_curema,90,HerDet,26.23938473,Pelagic,0.114209507,Original
Mugilidae,Myxus_elongatus,40,Omnivr,20.44344313,Pelagic,0.506310164,Original
Mugilidae,Valamugil_buchanani,100,HerDet,28.32415745,Pelagic,0.046451639,Original
Mullidae,Mulloidichthys_ayliffe,24.5,InvMob,27.65088548,Benthic,0.466804001,Predicted
Mullidae,Mulloidichthys_dentatus,31,InvMob,25.62928514,Benthic,0.353888864,Predicted
Mullidae,Mulloidichthys_flavolineatus,43,InvMob,24.33595976,Benthopelagic,0.218761127,Original
Mullidae,Mulloidichthys_martinicus,39.4,InvMob,28.31257259,Benthopelagic,0.257731229,Original
Mullidae,Mulloidichthys_mimicus,30,InvMob,28.22927826,Benthic,0.464946192,Predicted
Mullidae,Mulloidichthys_pfluegeri,45,InvMob,27.75812528,Benthopelagic,0.146202691,Predicted
Mullidae,Mulloidichthys_vanicolensis,38,InvMob,24.33595976,Benthopelagic,0.663073822,Original
Mullidae,Mullus_argentinae,30,InvMob,20.34673333,Benthopelagic,0.206469582,Predicted
Mullidae,Mullus_auratus,25,InvMob,26.61294842,Benthopelagic,0.393237482,Predicted
Mullidae,Mullus_barbatus_barbatus,31.3,InvMob,21.40501595,Benthopelagic,0.167475106,Original
Mullidae,Mullus_surmuletus,49.8,InvMob,21.69787121,Benthopelagic,0.095660392,Original
Mullidae,Parupeneus_barberinoides,30,InvMob,28.00390484,Benthic,0.442935838,Predicted
Mullidae,Parupeneus_barberinus,60,InvMob,24.33595976,Benthic,0.053598598,Original
Mullidae,Parupeneus_chrysonemus,19.6,InvMob,25.27121481,Benthic,0.560265152,Predicted
Mullidae,Parupeneus_chrysopleuron,55,InvMob,24.37873316,Benthic,0.079602057,Original
Mullidae,Parupeneus_ciliatus,38,InvMob,27.7215695,Benthic,0.194446906,Predicted
Mullidae,Parupeneus_crassilabris,38,InvMob,28.09672687,Benthic,0.22199216,Predicted
Mullidae,Parupeneus_cyclostomus,50,FisCep,27.7901856,Benthic,0.197840937,Predicted
Mullidae,Parupeneus_diagonalis,16.5,InvMob,25.59285,Benthic,0.691317934,Predicted
Mullidae,Parupeneus_forsskali,28,InvMob,28.85118227,Benthic,1.101034167,Original
Mullidae,Parupeneus_fraserorum,22.3,InvMob,27.18032119,Benthic,0.473956567,Predicted
Mullidae,Parupeneus_heptacanthus,36,InvMob,28.73174953,Benthic,0.338968062,Original
Mullidae,Parupeneus_indicus,45,InvMob,28.26047521,Benthic,0.142771181,Predicted
Mullidae,Parupeneus_insularis,30,InvMob,27.43096777,Benthic,0.325314274,Predicted
Mullidae,Parupeneus_jansenii,25,InvMob,28.64805922,Benthic,0.445545519,Predicted
Mullidae,Parupeneus_macronemus,40,InvMob,28.85118227,Benthic,0.727974203,Original
Mullidae,Parupeneus_margaritatus,23,InvMob,27.61554643,Benthic,0.466834184,Predicted
Mullidae,Parupeneus_minys,10.65,InvMob,27.37095732,Benthic,0.621227131,Predicted
Mullidae,Parupeneus_multifasciatus,35,InvMob,25.29930276,Benthic,0.743925453,Original
Mullidae,Parupeneus_nansen,13.9,InvMob,26.89446164,Benthic,0.451427202,Predicted
Mullidae,Parupeneus_pleurostigma,33,InvMob,27.74941286,Benthic,0.386754678,Predicted
Mullidae,Parupeneus_porphyreus,51,InvMob,25.58382435,Benthic,0.634483526,Original
Mullidae,Parupeneus_posteli,15.2,InvMob,25.4859,Benthic,0.481012922,Predicted
Mullidae,Parupeneus_procerigena,19.84,InvMob,27.44733947,Benthic,0.428777289,Predicted
Mullidae,Parupeneus_seychellensis,23,InvMob,27.87183659,Benthic,0.666983086,Predicted
Mullidae,Parupeneus_spilurus,50,InvMob,26.89922852,Benthic,0.158899797,Predicted
Mullidae,Parupeneus_trifasciatus,35,InvMob,27.58995927,Benthic,0.261848217,Predicted
Mullidae,Pseudupeneus_grandisquamis,30,InvMob,25.04211687,Benthic,0.299133013,Predicted
Mullidae,Pseudupeneus_maculatus,30,InvMob,28.31257259,Benthic,0.42839118,Original
Mullidae,Pseudupeneus_prayensis,63.7,InvMob,20.14840021,Benthic,0.10270365,Original
Mullidae,Upeneichthys_lineatus,40,InvMob,18.61094074,Benthic,0.155912279,Predicted
Mullidae,Upeneichthys_stotti,17.9,InvMob,19.63682581,Benthic,0.243107653,Predicted
Mullidae,Upeneichthys_vlamingii,35,InvMob,20.63627204,Benthic,0.097098848,Predicted
Mullidae,Upeneus_asymmetricus,30,InvMob,27.50091694,Benthic,0.414973822,Predicted
Mullidae,Upeneus_australiae,16,InvMob,26.84173626,Benthic,0.422376091,Predicted
Mullidae,Upeneus_davidaromi,24,InvMob,24.6916,Benthic,0.352470103,Predicted
Mullidae,Upeneus_francisi,7.22,InvMob,21.099275,Benthic,0.756329174,Predicted
Mullidae,Upeneus_heemstra,15,InvMob,27.64865699,Benthic,0.571081951,Predicted
Mullidae,Upeneus_japonicus,20,InvMob,28.73174953,Benthic,0.927914862,Original
Mullidae,Upeneus_luzonius,20,InvMob,27.99423605,Benthic,0.583750518,Predicted
Mullidae,Upeneus_margarethae,11,InvMob,27.60998423,Benthic,0.655124825,Predicted
Mullidae,Upeneus_mascareinsis,18,InvMob,27.54543891,Benthic,0.554902234,Predicted
Mullidae,Upeneus_moluccensis,20,InvMob,28.29970455,Benthic,1.399174719,Original
Mullidae,Upeneus_mouthami,9.5,InvMob,27.37122935,Benthic,0.592173144,Predicted
Mullidae,Upeneus_oligospilus,17,InvMob,26.70247143,Benthic,0.527044723,Predicted
Mullidae,Upeneus_parvus,30,InvMob,26.57505623,Benthopelagic,0.427334353,Predicted
Mullidae,Upeneus_pori,19,InvMob,24.25660407,Benthic,0.494118179,Predicted
Mullidae,Upeneus_quadrilineatus,17,InvMob,27.58461253,Benthic,0.559951592,Predicted
Mullidae,Upeneus_stenopsis,13.1,InvMob,28.25351957,Benthic,0.644846129,Predicted
Mullidae,Upeneus_suahelicus,13.5,InvMob,26.85894409,Benthic,0.575526823,Predicted
Mullidae,Upeneus_subvittatus,24.1,InvMob,27.76004783,Benthic,0.478424439,Predicted
Mullidae,Upeneus_sulphureus,23,InvMob,28.6700428,Benthic,0.766047591,Original
Mullidae,Upeneus_sundaicus,22,InvMob,27.89429065,Benthic,0.584175102,Predicted
Mullidae,Upeneus_taeniopterus,33,InvMob,29.29826832,Benthic,0.439644916,Original
Mullidae,Upeneus_tragula,25,InvMob,28.07626049,Benthic,0.40078365,Predicted
Mullidae,Upeneus_vittatus,28,InvMob,28.53360271,Benthic,0.288441975,Original
Muraenidae,Anarchias_allardicei,17,FisCep,27.88358347,Benthic,0.683955825,Predicted
Muraenidae,Anarchias_cantonensis,21.9,FisCep,28.33140601,Benthic,0.51787064,Predicted
Muraenidae,Anarchias_euryurus,25,FisCep,20.00733889,Benthic,0.180792966,Predicted
Muraenidae,Anarchias_galapagensis,17,FisCep,27.13016667,Benthic,0.433150281,Predicted
Muraenidae,Anarchias_leucurus,11.5,FisCep,27.81385096,Benthic,0.805293308,Predicted
Muraenidae,Anarchias_schultzi,15.9,FisCep,27.7606412,Benthic,0.477217716,Predicted
Muraenidae,Anarchias_similis,20,FisCep,26.68423625,Benthic,0.514112427,Predicted
Muraenidae,Channomuraena_vittata,150,FisCep,28.17209917,Benthic,0.078360239,Predicted
Muraenidae,Echidna_amblyodon,20.5,FisCep,28.12385442,Benthic,0.653624307,Predicted
Muraenidae,Echidna_catenata,165,FisCep,27.32176184,Benthic,0.064997571,Predicted
Muraenidae,Echidna_delicatula,65,FisCep,27.77766396,Benthic,0.123247839,Predicted
Muraenidae,Echidna_leucotaenia,75,FisCep,28.03552518,Benthic,0.101642442,Predicted
Muraenidae,Echidna_nebulosa,100,FisCep,27.83013186,Benthic,0.12662477,Predicted
Muraenidae,Echidna_nocturna,71,FisCep,26.1035527,Benthic,0.146860978,Predicted
Muraenidae,Echidna_peli,100,FisCep,26.85736129,Benthic,0.104846061,Predicted
Muraenidae,Echidna_polyzona,72.3,FisCep,27.89690357,Benthic,0.145358558,Predicted
Muraenidae,Echidna_unicolor,40,FisCep,28.53963017,Benthic,0.239005884,Predicted
Muraenidae,Echidna_xanthospilos,75,FisCep,28.18303228,Benthic,0.133624101,Predicted
Muraenidae,Enchelycore_anatina,120,FisCep,20.53742667,Benthic,0.078770357,Predicted
Muraenidae,Enchelycore_bayeri,70,FisCep,28.19273463,Benthic,0.153645771,Predicted
Muraenidae,Enchelycore_carychroa,34,FisCep,27.14686709,Benthic,0.35666175,Predicted
Muraenidae,Enchelycore_lichenosa,90,FisCep,22.66052,Benthic,0.075912571,Predicted
Muraenidae,Enchelycore_nigricans,100,FisCep,27.68837297,Benthic,0.116195147,Predicted
Muraenidae,Enchelycore_octaviana,91,FisCep,26.63262576,Benthic,0.079794611,Predicted
Muraenidae,Enchelycore_pardalis,92,FisCep,27.15203034,Benthic,0.105830157,Predicted
Muraenidae,Enchelycore_schismatorhynchus,120,FisCep,28.34115122,Benthic,0.071194769,Predicted
Muraenidae,Enchelynassa_canina,250,FisCep,27.94915272,Benthic,0.06227485,Predicted
Muraenidae,Gymnomuraena_zebra,150,FisCep,27.82224657,Benthic,0.079498416,Predicted
Muraenidae,Gymnothorax_albimarginatus,105,FisCep,27.35944761,Benthic,0.105868219,Predicted
Muraenidae,Gymnothorax_angusticauda,50.3,FisCep,28.29935634,Benthic,0.202698297,Predicted
Muraenidae,Gymnothorax_annulatus,50.1,FisCep,28.63210141,Benthic,0.20574328,Predicted
Muraenidae,Gymnothorax_australicola,37.5,FisCep,25.75870588,Benthic,0.371594021,Predicted
Muraenidae,Gymnothorax_bacalladoi,34.7,FisCep,20.72366333,Benthic,0.151003653,Predicted
Muraenidae,Gymnothorax_berndti,100,FisCep,26.79119281,Benthic,0.108135228,Predicted
Muraenidae,Gymnothorax_breedeni,100,FisCep,27.74843311,Benthic,0.104204633,Predicted
Muraenidae,Gymnothorax_buroensis,38.7,FisCep,27.98835202,Benthic,0.269658108,Predicted
Muraenidae,Gymnothorax_castaneus,150,FisCep,26.47486038,Benthic,0.065939094,Predicted
Muraenidae,Gymnothorax_castlei,22.9,FisCep,28.37365755,Benthic,0.711316291,Predicted
Muraenidae,Gymnothorax_chlamydatus,60,FisCep,27.9147877,Benthic,0.178716522,Predicted
Muraenidae,Gymnothorax_cribroris,75,FisCep,26.45991624,Benthic,0.140365719,Predicted
Muraenidae,Gymnothorax_dorsalis,82.2,FisCep,28.20272936,Benthic,0.149361185,Predicted
Muraenidae,Gymnothorax_dovii,170,FisCep,26.289472,Benthic,0.057212558,Predicted
Muraenidae,Gymnothorax_elegans,64.7,FisCep,27.01534182,Benthic,0.125466943,Predicted
Muraenidae,Gymnothorax_enigmaticus,58,FisCep,28.21404085,Benthic,0.146824449,Predicted
Muraenidae,Gymnothorax_eurostus,60,FisCep,26.27194766,Benthic,0.130368949,Predicted
Muraenidae,Gymnothorax_favagineus,300,FisCep,27.73780462,Benthic,0.041728835,Predicted
Muraenidae,Gymnothorax_fimbriatus,100,FisCep,27.9123813,Benthic,0.120065609,Predicted
Muraenidae,Gymnothorax_flavimarginatus,240,FisCep,27.68094564,Benthic,0.064566307,Predicted
Muraenidae,Gymnothorax_funebris,250,FisCep,26.83395618,Benthic,0.060362681,Predicted
Muraenidae,Gymnothorax_fuscomaculatus,20,FisCep,27.96222294,Benthic,0.597189166,Predicted
Muraenidae,Gymnothorax_gracilicauda,32,FisCep,27.84639727,Benthic,0.564825767,Predicted
Muraenidae,Gymnothorax_griseus,65,FisCep,27.17485598,Benthic,0.148810342,Predicted
Muraenidae,Gymnothorax_hepaticus,100,FisCep,28.2680233,Benthic,0.093798176,Predicted
Muraenidae,Gymnothorax_herrei,30,FisCep,27.90272544,Benthic,0.571675443,Predicted
Muraenidae,Gymnothorax_hubbsi,30,FisCep,26.70699444,Benthic,0.437960229,Predicted
Muraenidae,Gymnothorax_isingteena,180,FisCep,27.34483358,Benthic,0.057125356,Predicted
Muraenidae,Gymnothorax_javanicus,300,FisCep,28.06535796,Benthic,0.034981519,Predicted
Muraenidae,Gymnothorax_kidako,91.5,FisCep,26.59229463,Benthic,0.081809986,Predicted
Muraenidae,Gymnothorax_kontodontos,18,FisCep,27.78186794,Benthic,0.54563481,Predicted
Muraenidae,Gymnothorax_mareei,40,FisCep,27.08350833,Benthic,0.211898406,Predicted
Muraenidae,Gymnothorax_margaritophorus,70,FisCep,27.9217968,Benthic,0.168058096,Predicted
Muraenidae,Gymnothorax_marshallensis,18,FisCep,28.80284493,Benthic,0.664537069,Predicted
Muraenidae,Gymnothorax_melatremus,30,FisCep,27.96611589,Benthic,0.533884116,Predicted
Muraenidae,Gymnothorax_meleagris,120,FisCep,27.76968992,Benthic,0.068530649,Predicted
Muraenidae,Gymnothorax_microstictus,30,FisCep,28.49944305,Benthic,0.678916063,Predicted
Muraenidae,Gymnothorax_miliaris,70,FisCep,27.12654728,Benthic,0.185759664,Predicted
Muraenidae,Gymnothorax_minor,54.5,FisCep,27.08727844,Benthic,0.215632824,Predicted
Muraenidae,Gymnothorax_moluccensis,45,FisCep,27.91429176,Benthic,0.223833283,Predicted
Muraenidae,Gymnothorax_monochrous,80,FisCep,27.73729203,Benthic,0.148956699,Predicted
Muraenidae,Gymnothorax_monostigma,65,FisCep,28.31092146,Benthic,0.130546475,Predicted
Muraenidae,Gymnothorax_mordax,152,FisCep,23.65196522,Benthic,0.080247511,Predicted
Muraenidae,Gymnothorax_moringa,200,FisCep,26.72893992,Benthic,0.059107165,Predicted
Muraenidae,Gymnothorax_nigromarginatus,99,FisCep,27.17482051,Benthic,0.141798288,Predicted
Muraenidae,Gymnothorax_niphostigmus,75.7,FisCep,25.15018276,Benthic,0.155558128,Predicted
Muraenidae,Gymnothorax_nudivomer,180,FisCep,27.70029513,Benthic,0.054237555,Predicted
Muraenidae,Gymnothorax_ocellatus,90,FisCep,26.50964448,Benthic,0.087803739,Predicted
Muraenidae,Gymnothorax_panamensis,75,FisCep,26.15954545,Benthic,0.141592019,Predicted
Muraenidae,Gymnothorax_phasmatodes,46,FisCep,27.8177415,Benthic,0.258959988,Predicted
Muraenidae,Gymnothorax_philippinus,60,FisCep,27.55541215,Benthic,0.128564166,Predicted
Muraenidae,Gymnothorax_pictus,140,FisCep,28.02555652,Benthic,0.098159623,Predicted
Muraenidae,Gymnothorax_polygonius,98,FisCep,26.4334309,Benthic,0.120859091,Predicted
Muraenidae,Gymnothorax_porphyreus,103.2,FisCep,22.14906829,Benthic,0.097661118,Predicted
Muraenidae,Gymnothorax_prasinus,91.5,FisCep,18.66927463,Benthic,0.058082395,Predicted
Muraenidae,Gymnothorax_prismodon,49.7,FisCep,27.17784286,Benthic,0.223321676,Predicted
Muraenidae,Gymnothorax_pseudothyrsoideus,80,FisCep,27.62837793,Benthic,0.126332934,Predicted
Muraenidae,Gymnothorax_punctatofasciatus,50.5,FisCep,27.84318586,Benthic,0.280666542,Predicted
Muraenidae,Gymnothorax_punctatus,90,FisCep,27.3315165,Benthic,0.09896661,Predicted
Muraenidae,Gymnothorax_reevesii,70,FisCep,27.67677313,Benthic,0.156887396,Predicted
Muraenidae,Gymnothorax_reticularis,60,FisCep,27.40168643,Benthic,0.120360299,Predicted
Muraenidae,Gymnothorax_richardsonii,34,FisCep,27.85390786,Benthic,0.480736728,Predicted
Muraenidae,Gymnothorax_robinsi,18.2,FisCep,27.85409954,Benthic,0.703160576,Predicted
Muraenidae,Gymnothorax_rueppelliae,80,FisCep,27.84935242,Benthic,0.179511007,Predicted
Muraenidae,Gymnothorax_saxicola,60,FisCep,25.93691481,Benthic,0.091245074,Predicted
Muraenidae,Gymnothorax_steindachneri,91,FisCep,24.88109444,Benthic,0.082613706,Predicted
Muraenidae,Gymnothorax_taiwanensis,52.3,FisCep,25.77840714,Benthic,0.20532574,Predicted
Muraenidae,Gymnothorax_thyrsoideus,66,FisCep,28.02993864,Benthic,0.103581553,Predicted
Muraenidae,Gymnothorax_undulatus,150,FisCep,27.82872649,Benthic,0.080126897,Predicted
Muraenidae,Gymnothorax_unicolor,100,FisCep,19.477164,Benthic,0.114988914,Predicted
Muraenidae,Gymnothorax_vicinus,132,FisCep,25.9121207,Benthic,0.069652354,Predicted
Muraenidae,Gymnothorax_zonipectis,50,FisCep,28.44311062,Benthic,0.218732955,Predicted
Muraenidae,Monopenchelys_acuta,20.9,FisCep,26.93253333,Benthic,0.417419253,Predicted
Muraenidae,Muraena_argus,120,FisCep,27.05675,Benthic,0.077817337,Predicted
Muraenidae,Muraena_augusti,90,InvMob,21.01102629,Benthic,0.261275422,Original
Muraenidae,Muraena_clepsydra,120,FisCep,26.55622951,Benthic,0.07956585,Predicted
Muraenidae,Muraena_helena,150,FisCep,21.01102629,Benthic,0.10767634,Original
Muraenidae,Muraena_lentiginosa,61,FisCep,26.04879014,Benthic,0.133154824,Predicted
Muraenidae,Muraena_melanotis,100,FisCep,27.22193317,Benthic,0.126738239,Predicted
Muraenidae,Muraena_pavonina,51.2,FisCep,27.46615882,Benthic,0.170279243,Predicted
Muraenidae,Muraena_retifera,60,FisCep,26.84980526,Benthic,0.131732899,Predicted
Muraenidae,Muraena_robusta,150,FisCep,27.17275152,Benthic,0.082580732,Predicted
Muraenidae,Pseudechidna_brummeri,103,FisCep,28.18203237,Benthic,0.096257357,Predicted
Muraenidae,Rhinomuraena_quaesita,130,FisCep,27.83926646,Benthic,0.083180592,Predicted
Muraenidae,Scuticaria_okinawae,90.5,FisCep,27.15886802,Benthic,0.099484305,Predicted
Muraenidae,Scuticaria_tigrina,140,FisCep,28.15698408,Benthic,0.114679773,Predicted
Muraenidae,Strophidon_sathete,400,FisCep,28.06955592,Benthic,0.034967041,Predicted
Muraenidae,Uropterygius_concolor,50,FisCep,27.74908286,Benthic,0.207583981,Predicted
Muraenidae,Uropterygius_fasciolatus,53,FisCep,28.73353491,Benthic,0.166873279,Predicted
Muraenidae,Uropterygius_fuscoguttatus,30,FisCep,28.0801609,Benthic,0.464040419,Predicted
Muraenidae,Uropterygius_inornatus,19,FisCep,27.67747687,Benthic,0.566961142,Predicted
Muraenidae,Uropterygius_kamar,37,FisCep,27.63827303,Benthic,0.292620517,Predicted
Muraenidae,Uropterygius_macrocephalus,47,FisCep,28.06420172,Benthic,0.170160577,Predicted
Muraenidae,Uropterygius_macularius,30,FisCep,27.15356354,Benthic,0.519518355,Predicted
Muraenidae,Uropterygius_marmoratus,62,FisCep,27.99450024,Benthic,0.152044239,Predicted
Muraenidae,Uropterygius_micropterus,30,FisCep,28.06730711,Benthic,0.461905837,Predicted
Muraenidae,Uropterygius_nagoensis,71.3,FisCep,27.82666891,Benthic,0.181917027,Predicted
Muraenidae,Uropterygius_oligospondylus,53.5,FisCep,27.94125403,Benthic,0.213479765,Predicted
Muraenidae,Uropterygius_polyspilus,78,FisCep,28.25100565,Benthic,0.124347699,Predicted
Muraenidae,Uropterygius_polystictus,72,FisCep,26.09766944,Benthic,0.144646729,Predicted
Muraenidae,Uropterygius_supraforatus,40,FisCep,28.24111402,Benthic,0.240855585,Predicted
Muraenidae,Uropterygius_versutus,56,FisCep,27.21711569,Benthic,0.162742399,Predicted
Muraenidae,Uropterygius_xanthopterus,62,FisCep,28.48243837,Benthic,0.179022434,Predicted
Muraenidae,Uropterygius_xenodontus,53,FisCep,27.69606228,Benthic,0.206416086,Predicted
Nemipteridae,Nemipterus_furcosus,24,InvMob,28.15735917,Benthic,0.610647203,Predicted
Nemipteridae,Nemipterus_japonicus,32,InvMob,28.43776274,Benthic,0.529417768,Original
Nemipteridae,Nemipterus_peronii,32,InvMob,27.92109108,Benthic,0.415770774,Original
Nemipteridae,Nemipterus_randalli,25,InvMob,27.97085011,Benthic,0.460669633,Predicted
Nemipteridae,Nemipterus_vitiensis,22,InvMob,26.793164,Benthopelagic,0.43651329,Predicted
Nemipteridae,Nemipterus_zysron,29.7,InvMob,27.88378469,Benthic,0.569590697,Predicted
Nemipteridae,Pentapodus_aureofasciatus,25,InvMob,27.72859801,Pelagic,0.581019302,Predicted
Nemipteridae,Pentapodus_bifasciatus,20,InvMob,28.79107346,Pelagic,0.895062072,Predicted
Nemipteridae,Pentapodus_caninus,35,InvMob,28.3514348,Pelagic,0.353974698,Predicted
Nemipteridae,Pentapodus_emeryii,35,InvMob,28.51099579,Pelagic,0.432993022,Predicted
Nemipteridae,Pentapodus_nagasakiensis,20,InvMob,28.11241397,Pelagic,0.90839487,Predicted
Nemipteridae,Pentapodus_paradiseus,30,InvMob,27.30262117,Pelagic,0.516296865,Predicted
Nemipteridae,Pentapodus_porosus,27,InvMob,28.186125,Pelagic,0.826399238,Predicted
Nemipteridae,Pentapodus_setosus,18,InvMob,28.71944834,Pelagic,0.687651363,Predicted
Nemipteridae,Pentapodus_trivittatus,28,InvMob,28.66996112,Pelagic,0.622214499,Predicted
Nemipteridae,Scaevius_milii,20,InvMob,28.06576883,Benthic,0.553327544,Predicted
Nemipteridae,Scolopsis_affinis,24,InvMob,28.24371137,Benthic,0.471739036,Predicted
Nemipteridae,Scolopsis_aurata,26,InvMob,28.85619872,Benthic,0.533917932,Predicted
Nemipteridae,Scolopsis_bilineata,23,InvMob,28.10808376,Benthic,0.678180498,Predicted
Nemipteridae,Scolopsis_bimaculata,31,InvMob,27.43642877,Benthic,0.263900611,Predicted
Nemipteridae,Scolopsis_ciliata,25,InvMob,28.45119063,Benthic,0.500458202,Predicted
Nemipteridae,Scolopsis_frenata,26,InvMob,27.18089589,Benthopelagic,0.489197819,Predicted
Nemipteridae,Scolopsis_ghanam,30,InvMob,27.48880451,Benthic,0.425789864,Predicted
Nemipteridae,Scolopsis_lineata,23,InvMob,29.36978579,Benthic,0.9676992,Original
Nemipteridae,Scolopsis_margaritifera,28,InvMob,28.40458028,Benthic,0.612971079,Predicted
Nemipteridae,Scolopsis_monogramma,31,InvMob,28.18942047,Benthic,0.414707558,Predicted
Nemipteridae,Scolopsis_taeniata,36,InvMob,28.10476513,Benthic,0.551879608,Original
Nemipteridae,Scolopsis_taenioptera,39.1,InvMob,29.29826832,Benthic,0.438579507,Original
Nemipteridae,Scolopsis_temporalis,35,InvMob,28.5583456,Benthic,0.338123297,Predicted
Nemipteridae,Scolopsis_trilineata,25,InvMob,28.33337387,Benthic,0.381321727,Predicted
Nemipteridae,Scolopsis_vosmeri,25,InvMob,28.06540831,Benthic,0.400061223,Predicted
Ophichthidae,Ophichthus_zophochir,98,FisCep,13.30574799,Benthic,0.172509454,Original
Opistognathidae,Opistognathus_aurifrons,10,Plktiv,27.14653381,Benthic,0.648681578,Predicted
Opistognathidae,Opistognathus_brasiliensis,12.92,InvMob,24.915475,Benthic,0.639344807,Predicted
Opistognathidae,Opistognathus_cyanospilotus,13,Plktiv,28.86265981,Benthic,0.956463384,Predicted
Opistognathidae,Opistognathus_darwiniensis,50,InvMob,27.77839946,Benthic,0.166092052,Predicted
Opistognathidae,Opistognathus_dendriticus,28,InvMob,28.86372298,Benthic,0.537280508,Predicted
Opistognathidae,Opistognathus_fenmutis,27.1,InvMob,28.55745,Benthic,0.554680367,Predicted
Opistognathidae,Opistognathus_macrognathus,20,FisCep,27.2775331,Benthic,0.457015774,Predicted
Opistognathidae,Opistognathus_maxillosus,13,InvMob,27.36567803,Benthic,0.537221365,Predicted
Opistognathidae,Opistognathus_muscatensis,45,InvMob,27.32046034,Benthic,0.164087013,Predicted
Opistognathidae,Opistognathus_papuensis,40,InvMob,28.14390345,Benthic,0.20939776,Predicted
Opistognathidae,Opistognathus_rosenbergii,14,Plktiv,28.74085408,Benthic,0.510126732,Predicted
Opistognathidae,Opistognathus_signatus,8.91,InvMob,27.58427358,Benthic,0.536655042,Predicted
Opistognathidae,Opistognathus_solorensis,4.8,Plktiv,28.39464943,Benthic,2.905542239,Predicted
Opistognathidae,Opistognathus_variabilis,9.62,Plktiv,27.99143476,Benthic,0.607147361,Predicted
Opistognathidae,Opistognathus_whitehursti,14,InvMob,27.20557394,Benthic,0.339907392,Predicted
Opistognathidae,Stalix_dicra,3.9,InvMob,28.89242652,Benthic,6.335558903,Predicted
Opistognathidae,Stalix_moenensis,7.2,InvMob,28.88225163,Benthic,2.048947437,Predicted
Opistognathidae,Stalix_versluysi,3.8,InvMob,28.78142984,Benthic,6.831465029,Predicted
Ostraciidae,Acanthostracion_guineensis,18,InvSes,27.03133667,Benthopelagic,0.41268576,Predicted
Ostraciidae,Acanthostracion_notacanthus,50,InvSes,25.66123784,Benthopelagic,0.217620864,Predicted
Ostraciidae,Acanthostracion_polygonius,50,InvSes,26.71560505,Benthopelagic,0.197027408,Predicted
Ostraciidae,Acanthostracion_quadricornis,55,InvSes,26.00624634,Benthic,0.167924912,Predicted
Ostraciidae,Anoplocapros_amygdaloides,30,Omnivr,18.70078723,Benthic,0.225266019,Predicted
Ostraciidae,Aracana_aurita,20,Omnivr,18.076016,Benthic,0.261273292,Predicted
Ostraciidae,Aracana_ornata,15,Omnivr,16.978816,Benthic,0.48744071,Predicted
Ostraciidae,Kentrocapros_flavofasciatus,14.59,Omnivr,25.02847626,Benthic,0.402757647,Predicted
Ostraciidae,Lactophrys_bicaudalis,48,Omnivr,27.34424599,Benthopelagic,0.165245479,Predicted
Ostraciidae,Lactophrys_trigonus,55,Omnivr,26.59394749,Benthopelagic,0.16093143,Predicted
Ostraciidae,Lactoria_cornuta,46,Omnivr,27.27988683,Benthic,0.157977716,Predicted
Ostraciidae,Lactoria_diaphana,34,Omnivr,27.51848337,Benthic,0.305025786,Predicted
Ostraciidae,Lactoria_fornasini,23,Omnivr,27.6375704,Benthic,0.49983756,Predicted
Ostraciidae,Ostracion_cubicus,45,Omnivr,27.78006709,Benthopelagic,0.144190558,Predicted
Ostraciidae,Ostracion_cyanurus,15,Omnivr,27.51339706,Benthic,0.528759408,Predicted
Ostraciidae,Ostracion_meleagris,35,InvSes,27.73176897,Benthopelagic,0.306982682,Predicted
Ostraciidae,Ostracion_rhinorhynchos,35,Omnivr,27.80149525,Benthic,0.257079936,Predicted
Ostraciidae,Ostracion_solorensis,12,Omnivr,28.77976919,Benthic,0.736909878,Predicted
Ostraciidae,Ostracion_trachys,11,Omnivr,25.67036667,Benthic,0.815733081,Predicted
Ostraciidae,Ostracion_whitleyi,15.5,Omnivr,26.95602128,Benthic,0.392110934,Predicted
Ostraciidae,Rhynchostracion_nasus,30,Omnivr,28.42810631,Benthic,0.613400849,Predicted
Ostraciidae,Tetrosomus_concatenatus,30,Omnivr,26.03293333,Benthic,0.44382847,Predicted
Ostraciidae,Tetrosomus_gibbosus,30,Omnivr,27.6907558,Benthic,0.492070827,Predicted
Pempheridae,Parapriacanthus_dispar,16,InvMob,28.07768595,Benthopelagic,0.433240444,Predicted
Pempheridae,Parapriacanthus_elongatus,14,InvMob,17.22874058,Benthopelagic,0.478919183,Predicted
Pempheridae,Parapriacanthus_ransonneti,10,Plktiv,28.23879523,Benthopelagic,0.740514573,Predicted
Pempheridae,Pempheris_adspersa,15,Plktiv,17.67171955,Benthopelagic,0.853984985,Original
Pempheridae,Pempheris_adusta,17,Plktiv,27.39720952,Benthopelagic,0.340132272,Predicted
Pempheridae,Pempheris_analis,20,Plktiv,26.18294688,Benthopelagic,0.57986142,Predicted
Pempheridae,Pempheris_compressa,20,Plktiv,19.39650698,Benthopelagic,0.289520792,Predicted
Pempheridae,Pempheris_japonica,18,InvMob,26.27007292,Benthopelagic,0.558822358,Predicted
Pempheridae,Pempheris_klunzingeri,18,InvMob,18.41742453,Benthopelagic,0.327209094,Predicted
Pempheridae,Pempheris_mangula,16,Plktiv,27.68607059,Benthopelagic,0.483669376,Predicted
Pempheridae,Pempheris_molucca,15,Plktiv,28.48075208,Benthopelagic,0.563059622,Predicted
Pempheridae,Pempheris_multiradiata,28,Plktiv,17.79624706,Benthopelagic,0.228259517,Predicted
Pempheridae,Pempheris_otaitensis,13.1,Plktiv,27.88777598,Benthopelagic,0.769454196,Predicted
Pempheridae,Pempheris_oualensis,22,Plktiv,27.98570258,Benthopelagic,0.506427261,Predicted
Pempheridae,Pempheris_schomburgkii,15,Plktiv,27.08862567,Benthopelagic,0.369123566,Predicted
Pempheridae,Pempheris_schwenkii,15,Plktiv,27.7476305,Benthopelagic,0.514597353,Predicted
Pempheridae,Pempheris_vanicolensis,20,Plktiv,28.18840627,Benthopelagic,0.709783345,Predicted
Pempheridae,Pempheris_ypsilychnus,12.06,Plktiv,27.60330198,Benthopelagic,0.835760116,Predicted
Pentacerotidae,Evistias_acutirostris,90,InvMob,22.15554,Benthopelagic,0.069332999,Predicted
Pentacerotidae,Histiopterus_typus,42,InvMob,26.09885019,Benthopelagic,0.128794764,Predicted
Pentacerotidae,Pentaceropsis_recurvirostris,50,InvMob,17.09863095,Benthopelagic,0.14563294,Predicted
Pentacerotidae,Pentaceros_decacanthus,25.5,InvMob,18.65283609,Benthopelagic,0.212192632,Predicted
Pinguipedidae,Parapercis_alboguttata,27,FisCep,27.89099413,Benthic,0.685290134,Predicted
Pinguipedidae,Parapercis_australis,11.6,FisCep,26.77345913,Benthic,1.0059856,Predicted
Pinguipedidae,Parapercis_clathrata,24,InvMob,25.60155381,Benthic,0.427305883,Original
Pinguipedidae,Parapercis_colemani,8.22,FisCep,24.87077191,Benthic,1.501932275,Predicted
Pinguipedidae,Parapercis_colias,45,FisCep,14.4118432,Benthic,0.161293717,Original
Pinguipedidae,Parapercis_cylindrica,23,InvMob,25.74942192,Benthic,0.581142966,Original
Pinguipedidae,Parapercis_diplospilus,10,FisCep,27.75874011,Benthic,0.796370535,Predicted
Pinguipedidae,Parapercis_dockinsi,17.2,FisCep,16.7969,Benthic,0.308052148,Predicted
Pinguipedidae,Parapercis_filamentosa,18,FisCep,28.21806407,Benthic,0.613987194,Predicted
Pinguipedidae,Parapercis_haackei,10,FisCep,18.09287451,Benthic,0.427664704,Predicted
Pinguipedidae,Parapercis_hexophtalma,29,InvMob,24.53452852,Benthic,0.241491285,Original
Pinguipedidae,Parapercis_lata,21.2,FisCep,27.74525714,Benthic,0.534130262,Predicted
Pinguipedidae,Parapercis_lineopunctata,8.7,FisCep,28.5427038,Benthic,0.561048367,Predicted
Pinguipedidae,Parapercis_maculata,20,FisCep,27.99438439,Benthic,0.561397425,Predicted
Pinguipedidae,Parapercis_millepunctata,18,InvMob,27.81188897,Benthic,0.529394948,Predicted
Pinguipedidae,Parapercis_multiplicata,15,FisCep,27.68598753,Benthic,0.561457396,Predicted
Pinguipedidae,Parapercis_nebulosa,25,FisCep,26.79652261,Benthic,0.375594819,Predicted
Pinguipedidae,Parapercis_pacifica,18.58,FisCep,28.21108233,Benthic,0.655833977,Predicted
Pinguipedidae,Parapercis_pulchella,20,FisCep,27.08248997,Benthic,0.454713278,Predicted
Pinguipedidae,Parapercis_punctulata,13,FisCep,27.08802414,Benthic,0.509276971,Predicted
Pinguipedidae,Parapercis_queenslandica,23.7,FisCep,26.7834645,Benthic,0.431688082,Predicted
Pinguipedidae,Parapercis_robinsoni,30,FisCep,26.89362735,Benthic,0.425310932,Predicted
Pinguipedidae,Parapercis_sagma,7.16,FisCep,28.62712903,Benthic,1.828057253,Predicted
Pinguipedidae,Parapercis_schauinslandii,18,FisCep,27.48208277,Benthic,0.518544333,Predicted
Pinguipedidae,Parapercis_sexfasciata,12,FisCep,26.74241516,Benthic,0.977996334,Predicted
Pinguipedidae,Parapercis_snyderi,11,FisCep,27.53241354,Benthic,0.659483212,Predicted
Pinguipedidae,Parapercis_striolata,20,FisCep,27.46964974,Benthic,0.468943563,Predicted
Pinguipedidae,Parapercis_tetracantha,26,FisCep,28.32607803,Benthic,0.546094048,Predicted
Pinguipedidae,Parapercis_xanthogramma,17.44,FisCep,26.96982466,Benthic,0.415438025,Predicted
Pinguipedidae,Parapercis_xanthozona,23,FisCep,27.88021819,Benthic,0.68460247,Predicted
Pinguipedidae,Pinguipes_brasilianus,70,FisCep,13.48065641,Benthic,0.149021733,Predicted
Pinguipedidae,Pseudopercis_numida,120,FisCep,22.76002414,Benthic,0.081351331,Predicted
Pinguipedidae,Pseudopercis_semifasciata,100,FisCep,13.66442,Benthic,0.134269052,Predicted
Pinguipedidae,Ryukyupercis_gushikeni,30,FisCep,26.10148384,Benthic,0.48091488,Predicted
Platycephalidae,Cociella_crocodilus,50,FisCep,26.8602886,Benthic,0.193206968,Predicted
Platycephalidae,Cociella_punctata,35,FisCep,27.6716413,Benthic,0.297011197,Predicted
Platycephalidae,Cymbacephalus_beauforti,50,FisCep,28.66633183,Benthic,0.227936279,Predicted
Platycephalidae,Cymbacephalus_bosschei,45,FisCep,28.18091532,Benthic,0.204773248,Predicted
Platycephalidae,Cymbacephalus_nematophthalmus,58,FisCep,27.925797,Benthic,0.174980965,Predicted
Platycephalidae,Leviprora_inops,29.2,FisCep,17.81570408,Benthic,0.201118334,Predicted
Platycephalidae,Onigocia_oligolepis,10,InvMob,27.54876847,Benthic,0.788237618,Predicted
Platycephalidae,Onigocia_pedimacula,11,InvMob,27.50230403,Benthic,0.668160818,Predicted
Platycephalidae,Papilloculiceps_longiceps,70,FisCep,27.66350569,Benthic,0.151659441,Predicted
Platycephalidae,Platycephalus_fuscus,120,FisCep,24.42933736,Benthic,0.090991175,Predicted
Platycephalidae,Platycephalus_indicus,100,FisCep,27.94843663,Benthic,0.103942662,Predicted
Platycephalidae,Rogadius_fehlmanni,11.2,FisCep,27.27102857,Benthic,0.473136735,Predicted
Platycephalidae,Rogadius_serratus,24,FisCep,28.22203783,Benthic,0.560810796,Predicted
Platycephalidae,Rogadius_welanderi,13,FisCep,28.78767041,Benthic,0.713304465,Predicted
Platycephalidae,Sunagocia_arenicola,37,FisCep,27.66184143,Benthic,0.297433879,Predicted
Platycephalidae,Sunagocia_otaitensis,30,FisCep,27.89254539,Benthic,0.571581256,Predicted
Platycephalidae,Thysanophrys_celebica,20,FisCep,27.78172824,Benthic,0.570215174,Predicted
Platycephalidae,Thysanophrys_chiltonae,25,FisCep,28.00707869,Benthic,0.470429954,Predicted
Platycephalidae,Thysanophrys_cirronasa,38,FisCep,18.86471389,Benthic,0.129669759,Predicted
Platycephalidae,Thysanophrys_randalli,9.9,FisCep,27.17136699,Benthic,0.534564991,Predicted
Platycephalidae,Thysanophrys_springeri,8.9,FisCep,28.69844,Benthic,0.578320456,Predicted
Plesiopidae,Acanthoplesiops_echinatus,4,InvMob,28.78425069,Benthic,5.898277049,Predicted
Plesiopidae,Acanthoplesiops_hiatti,2.4,InvMob,28.13925217,Benthic,9.671632015,Predicted
Plesiopidae,Acanthoplesiops_indicus,5,InvMob,27.62431429,Benthic,2.320305889,Predicted
Plesiopidae,Acanthoplesiops_psilogaster,2.26,InvMob,27.04178345,Benthic,7.777025266,Predicted
Plesiopidae,Assessor_flavissimus,6,Omnivr,27.63931233,Benthic,2.125321492,Predicted
Plesiopidae,Assessor_macneilli,6,Omnivr,26.87098765,Benthic,1.887113992,Predicted
Plesiopidae,Beliops_batanensis,2.4,InvMob,27.87836779,Benthic,10.23968674,Predicted
Plesiopidae,Belonepterygion_fasciolatum,5,InvMob,27.92868279,Benthic,2.446779692,Predicted
Plesiopidae,Calloplesiops_altivelis,20,InvMob,27.93592492,Benthic,0.718701641,Predicted
Plesiopidae,Notograptus_gregoryi,10,InvMob,25.2460125,Benthic,0.874830312,Predicted
Plesiopidae,Notograptus_guttatus,10.6,InvMob,28.00004455,Benthic,0.619357464,Predicted
Plesiopidae,Paraplesiops_meleagris,33,FisCep,17.677636,Benthic,0.178412925,Predicted
Plesiopidae,Paraplesiops_poweri,8.3,InvMob,26.4586938,Benthic,1.917953736,Predicted
Plesiopidae,Paraplesiops_sinclairi,22,FisCep,18.32334,Benthic,0.215253731,Predicted
Plesiopidae,Plesiops_auritus,7.59,InvMob,28.80897048,Benthic,2.075256284,Predicted
Plesiopidae,Plesiops_cephalotaenia,7.7,InvMob,28.35461974,Benthic,1.392454574,Predicted
Plesiopidae,Plesiops_coeruleolineatus,10,InvMob,27.85665467,Benthic,0.951774978,Predicted
Plesiopidae,Plesiops_corallicola,18,InvMob,28.18893345,Benthic,0.700003616,Predicted
Plesiopidae,Plesiops_gracilis,7,InvMob,28.24975775,Benthic,1.72240633,Predicted
Plesiopidae,Plesiops_insularis,9.82,InvMob,25.74496957,Benthic,1.346342234,Predicted
Plesiopidae,Plesiops_mystaxus,9,InvMob,27.42824661,Benthic,0.370721799,Predicted
Plesiopidae,Plesiops_nigricans,17,InvMob,27.43506766,Benthic,0.365592454,Predicted
Plesiopidae,Plesiops_oxycephalus,6,InvMob,28.45369253,Benthic,2.237065699,Predicted
Plesiopidae,Plesiops_polydactylus,4.58,InvMob,26.80948041,Benthic,2.467674657,Predicted
Plesiopidae,Plesiops_verecundus,9.45,InvMob,27.91089541,Benthic,0.755354378,Predicted
Plesiopidae,Steeneichthys_nativitatus,3.2,InvMob,28.66442109,Benthic,7.269551022,Predicted
Plesiopidae,Steeneichthys_plesiopsus,3,InvMob,27.77817448,Benthic,8.135608004,Predicted
Plesiopidae,Trachinops_brauni,8,FisCep,19.26471613,Benthic,0.744567792,Predicted
Pomacanthidae,Apolemichthys_arcuatus,18,InvSes,24.8945766,Benthic,0.4044955,Predicted
Pomacanthidae,Apolemichthys_griffisi,30,InvSes,28.87241905,Benthic,0.664268667,Predicted
Pomacanthidae,Apolemichthys_guezei,15,InvSes,25.4969,Benthic,0.422091118,Predicted
Pomacanthidae,Apolemichthys_kingi,21,InvSes,24.29959231,Benthic,0.385865706,Predicted
Pomacanthidae,Apolemichthys_trimaculatus,26,InvSes,27.94733188,Benthic,0.700090336,Predicted
Pomacanthidae,Apolemichthys_xanthopunctatus,25,InvSes,28.59763077,Benthic,0.508031862,Predicted
Pomacanthidae,Apolemichthys_xanthotis,20,Omnivr,27.25474615,Benthic,0.433404787,Predicted
Pomacanthidae,Apolemichthys_xanthurus,15,InvSes,28.0556967,Benthic,0.404235847,Predicted
Pomacanthidae,Centropyge_abei,9.08,HerDet,28.9942375,Benthic,0.71068574,Predicted
Pomacanthidae,Centropyge_acanthops,8,HerDet,27.02416326,Benthic,1.403435743,Predicted
Pomacanthidae,Centropyge_argi,8,HerDet,26.91702081,Benthic,1.693305627,Predicted
Pomacanthidae,Centropyge_aurantia,10,HerDet,28.71426637,Benthic,0.877780067,Predicted
Pomacanthidae,Centropyge_aurantonotus,7.5,HerDet,27.11175547,Benthic,1.490334094,Predicted
Pomacanthidae,Centropyge_bicolor,14,HerDet,26.40852255,Benthic,0.622885652,Original
Pomacanthidae,Centropyge_bispinosa,10,HerDet,27.72303854,Benthic,0.878455631,Predicted
Pomacanthidae,Centropyge_boylei,7,HerDet,25.74528333,Benthic,2.806517964,Predicted
Pomacanthidae,Centropyge_colini,9,HerDet,28.37142621,Benthic,0.606796772,Predicted
Pomacanthidae,Centropyge_debelius,9,HerDet,25.76040667,Benthic,1.010634286,Predicted
Pomacanthidae,Centropyge_eibli,15,HerDet,28.68607677,Benthic,0.543444349,Predicted
Pomacanthidae,Centropyge_ferrugata,10,HerDet,25.56154896,Benthic,0.947237653,Predicted
Pomacanthidae,Centropyge_fisheri,8.4,HerDet,27.95258625,Benthic,1.65505805,Predicted
Pomacanthidae,Centropyge_flavipectoralis,10,HerDet,28.72835,Benthic,0.814075088,Predicted
Pomacanthidae,Centropyge_flavissima,14,HerDet,27.61394722,Benthic,0.407958928,Predicted
Pomacanthidae,Centropyge_heraldi,12,HerDet,27.55298309,Benthic,0.811475965,Predicted
Pomacanthidae,Centropyge_hotumatua,10,HerDet,23.97559048,Benthic,0.619059515,Predicted
Pomacanthidae,Centropyge_interrupta,15,HerDet,23.48269296,Benthic,0.425182209,Predicted
Pomacanthidae,Centropyge_joculator,9,HerDet,27.7660375,Benthic,0.545826573,Predicted
Pomacanthidae,Centropyge_loriculus,15,HerDet,27.20100927,Benthic,0.222310366,Original
Pomacanthidae,Centropyge_multicolor,9,HerDet,28.22462813,Benthic,0.502986373,Predicted
Pomacanthidae,Centropyge_multispinis,14,HerDet,27.51881253,Benthic,0.420929172,Predicted
Pomacanthidae,Centropyge_nahackyi,9,HerDet,26.2734,Benthic,0.833980702,Predicted
Pomacanthidae,Centropyge_narcosis,5.51,HerDet,25.74528333,Benthic,3.174406211,Predicted
Pomacanthidae,Centropyge_nigriocella,6,HerDet,28.66116422,Benthic,2.313635485,Predicted
Pomacanthidae,Centropyge_nox,10,HerDet,28.1260742,Benthic,0.840662512,Predicted
Pomacanthidae,Centropyge_potteri,10,HerDet,24.8945766,Benthic,0.81290035,Predicted
Pomacanthidae,Centropyge_resplendens,6,HerDet,25.90723333,Benthic,2.804961575,Predicted
Pomacanthidae,Centropyge_shepardi,9,HerDet,27.27981667,Benthic,0.392437733,Predicted
Pomacanthidae,Centropyge_tibicen,19,HerDet,27.66213051,Benthic,0.483950702,Predicted
Pomacanthidae,Centropyge_venusta,12,HerDet,26.35140526,Benthic,1.318227615,Predicted
Pomacanthidae,Centropyge_vrolikii,12,HerDet,27.9078146,Benthic,0.815792888,Predicted
Pomacanthidae,Chaetodontoplus_caeruleopunctatus,20,InvSes,28.59599412,Benthic,0.619104146,Predicted
Pomacanthidae,Chaetodontoplus_chrysocephalus,22,InvSes,28.907725,Benthic,0.604734522,Predicted
Pomacanthidae,Chaetodontoplus_conspicillatus,10,InvSes,24.05064262,Benthic,0.640668755,Predicted
Pomacanthidae,Chaetodontoplus_dimidiatus,22,InvSes,28.80862927,Benthic,0.613874044,Predicted
Pomacanthidae,Chaetodontoplus_duboulayi,28,InvSes,27.6152708,Benthic,0.45763677,Predicted
Pomacanthidae,Chaetodontoplus_melanosoma,20,InvSes,28.69236038,Benthic,0.569702237,Predicted
Pomacanthidae,Chaetodontoplus_meredithi,25,InvSes,24.55922143,Benthic,0.306062216,Predicted
Pomacanthidae,Chaetodontoplus_mesoleucus,18,Omnivr,28.32745056,Benthic,0.517729522,Predicted
Pomacanthidae,Chaetodontoplus_niger,25,InvSes,25.067925,Benthic,0.31759243,Predicted
Pomacanthidae,Chaetodontoplus_personifer,35,InvSes,27.2075481,Benthic,0.292762697,Predicted
Pomacanthidae,Chaetodontoplus_poliourus,8.6,InvSes,28.82781038,Benthic,0.82346857,Predicted
Pomacanthidae,Chaetodontoplus_septentrionalis,22,InvSes,23.60571917,Benthic,0.273309376,Predicted
Pomacanthidae,Chaetodontoplus_vanderloosi,12.52,InvSes,27.8151,Benthic,0.737270771,Predicted
Pomacanthidae,Genicanthus_bellus,18,Plktiv,28.39380949,Benthopelagic,0.700844729,Predicted
Pomacanthidae,Genicanthus_caudovittatus,20,Plktiv,27.46021675,Benthopelagic,0.421756895,Predicted
Pomacanthidae,Genicanthus_lamarck,25,Plktiv,28.28101981,Pelagic,0.755458887,Predicted
Pomacanthidae,Genicanthus_melanospilos,18,Plktiv,28.03986544,Benthopelagic,0.425197492,Predicted
Pomacanthidae,Genicanthus_personatus,21,Plktiv,24.73338837,Benthopelagic,0.378282355,Predicted
Pomacanthidae,Genicanthus_semicinctus,21,Plktiv,21.31996875,Benthopelagic,0.272808542,Predicted
Pomacanthidae,Genicanthus_semifasciatus,21,Plktiv,25.46871532,Benthopelagic,0.326981357,Predicted
Pomacanthidae,Genicanthus_spinus,35,Plktiv,24.86294074,Benthopelagic,0.174599893,Predicted
Pomacanthidae,Genicanthus_takeuchii,25,Plktiv,25.41374167,Benthopelagic,0.307604963,Predicted
Pomacanthidae,Genicanthus_watanabei,15,Plktiv,26.74738047,Benthopelagic,0.485782379,Predicted
Pomacanthidae,Holacanthus_africanus,45,Omnivr,26.76595714,Benthopelagic,0.135966363,Predicted
Pomacanthidae,Holacanthus_bermudensis,45,Omnivr,26.00447009,Benthopelagic,0.121206337,Predicted
Pomacanthidae,Holacanthus_ciliaris,45,InvSes,26.60794824,Benthopelagic,0.176965315,Predicted
Pomacanthidae,Holacanthus_clarionensis,20,InvSes,23.40972581,Benthic,0.280077268,Predicted
Pomacanthidae,Holacanthus_limbaughi,25,InvSes,28.1831,Benthic,0.586484064,Predicted
Pomacanthidae,Holacanthus_passer,35.6,InvSes,24.62906656,Benthic,0.145939477,Original
Pomacanthidae,Holacanthus_tricolor,35,InvSes,26.90359225,Benthopelagic,0.232955722,Predicted
Pomacanthidae,Paracentropyge_multifasciata,12,HerDet,28.27649245,Benthic,0.74408371,Predicted
Pomacanthidae,Pomacanthus_annularis,45,InvSes,28.3653383,Benthic,0.215049553,Predicted
Pomacanthidae,Pomacanthus_arcuatus,60,InvSes,26.92012366,Benthopelagic,0.133555689,Predicted
Pomacanthidae,Pomacanthus_asfur,40,InvSes,27.556212,Benthic,0.195419438,Predicted
Pomacanthidae,Pomacanthus_chrysurus,33,InvSes,26.92253989,Benthic,0.303119286,Predicted
Pomacanthidae,Pomacanthus_imperator,45,InvSes,27.70892826,Benthic,0.18669199,Predicted
Pomacanthidae,Pomacanthus_maculosus,60.7,Omnivr,28.10476513,Benthopelagic,0.090324629,Original
Pomacanthidae,Pomacanthus_navarchus,28,InvSes,28.41083065,Benthic,0.697690495,Predicted
Pomacanthidae,Pomacanthus_paru,41.1,Omnivr,27.68530251,Benthopelagic,0.192862174,Original
Pomacanthidae,Pomacanthus_rhomboides,46,InvSes,22.72197391,Benthic,0.131140071,Predicted
Pomacanthidae,Pomacanthus_semicirculatus,48.9,Omnivr,27.53137383,Benthopelagic,0.131311905,Predicted
Pomacanthidae,Pomacanthus_sexstriatus,46,Omnivr,26.40852255,Benthic,0.055275165,Original
Pomacanthidae,Pomacanthus_xanthometopon,38,Omnivr,28.39453892,Benthopelagic,0.289630782,Predicted
Pomacanthidae,Pomacanthus_zonipectus,46,InvSes,25.66221966,Benthic,0.187305099,Predicted
Pomacanthidae,Pygoplites_diacanthus,30.9,InvSes,27.85855776,Benthic,0.52438153,Predicted
Pomacentridae,Abudefduf_abdominalis,30,Plktiv,24.93809583,Benthopelagic,0.338370351,Predicted
Pomacentridae,Abudefduf_bengalensis,17,Plktiv,27.49443069,Benthopelagic,0.480882511,Predicted
Pomacentridae,Abudefduf_concolor,19,Omnivr,26.82701311,Benthopelagic,0.443486055,Predicted
Pomacentridae,Abudefduf_conformis,13.1,Plktiv,27.983075,Benthopelagic,0.58315518,Predicted
Pomacentridae,Abudefduf_declivifrons,18,Omnivr,26.91528246,Benthopelagic,0.442745069,Predicted
Pomacentridae,Abudefduf_hoefleri,20,Omnivr,26.61227097,Benthopelagic,0.496918823,Predicted
Pomacentridae,Abudefduf_lorenzi,18,Omnivr,28.73063142,Benthopelagic,0.444670604,Predicted
Pomacentridae,Abudefduf_margariteus,16,Omnivr,25.49544737,Benthopelagic,0.373122124,Predicted
Pomacentridae,Abudefduf_natalensis,17,Omnivr,25.39376944,Benthopelagic,0.453659324,Predicted
Pomacentridae,Abudefduf_notatus,17,Omnivr,27.69946982,Benthopelagic,0.612842891,Predicted
Pomacentridae,Abudefduf_saxatilis,22.9,Omnivr,26.55785842,Benthopelagic,0.453111214,Predicted
Pomacentridae,Abudefduf_septemfasciatus,23,Omnivr,27.881282,Benthopelagic,0.606564185,Predicted
Pomacentridae,Abudefduf_sexfasciatus,16,Plktiv,27.52062674,Benthopelagic,0.420320195,Predicted
Pomacentridae,Abudefduf_sordidus,24,Omnivr,27.5182944,Benthopelagic,0.42487543,Predicted
Pomacentridae,Abudefduf_sparoides,16,Omnivr,26.50914485,Benthopelagic,0.457814259,Predicted
Pomacentridae,Abudefduf_taurus,25,Omnivr,26.96709739,Benthopelagic,0.364196289,Predicted
Pomacentridae,Abudefduf_troschelii,20,Plktiv,24.68612973,Benthopelagic,0.433377709,Predicted
Pomacentridae,Abudefduf_vaigiensis,20,Plktiv,28.85118227,Benthopelagic,0.745730471,Original
Pomacentridae,Abudefduf_whitleyi,19.4,Plktiv,25.71019012,Benthopelagic,0.682358078,Predicted
Pomacentridae,Acanthochromis_polyacanthus,14,Plktiv,25.74942192,Benthopelagic,0.672378447,Original
Pomacentridae,Altrichthys_azurelineatus,6.5,Plktiv,28.71111667,Benthopelagic,2.357547226,Predicted
Pomacentridae,Altrichthys_curatus,6.5,Plktiv,28.71111667,Benthopelagic,2.357547226,Predicted
Pomacentridae,Amblyglyphidodon_aureus,13,Omnivr,28.52206452,Benthopelagic,0.682656227,Predicted
Pomacentridae,Amblyglyphidodon_batunai,10,Plktiv,28.7139132,Benthopelagic,0.910918496,Predicted
Pomacentridae,Amblyglyphidodon_curacao,11,Omnivr,28.2271795,Benthopelagic,0.487625148,Predicted
Pomacentridae,Amblyglyphidodon_flavilatus,10,Plktiv,27.77027586,Benthopelagic,0.832314032,Predicted
Pomacentridae,Amblyglyphidodon_flavopurpureus,9.4,Plktiv,28.89424444,Benthopelagic,0.966207799,Predicted
Pomacentridae,Amblyglyphidodon_indicus,8.3,Plktiv,27.62907029,Benthopelagic,1.86142945,Predicted
Pomacentridae,Amblyglyphidodon_leucogaster,13,Omnivr,28.45739191,Benthopelagic,0.680585223,Predicted
Pomacentridae,Amblyglyphidodon_melanopterus,13.12514577,Omnivr,26.06028462,Benthopelagic,1.005727601,Predicted
Pomacentridae,Amblyglyphidodon_ternatensis,10,Plktiv,28.73998494,Benthopelagic,0.865349919,Predicted
Pomacentridae,Amblypomacentrus_breviceps,8.5,Plktiv,28.70291226,Benthopelagic,0.618757292,Predicted
Pomacentridae,Amblypomacentrus_clarus,6,Plktiv,28.71776064,Benthopelagic,2.657605336,Predicted
Pomacentridae,Amphiprion_akallopisos,11,Plktiv,27.59418255,Benthic,0.627711374,Predicted
Pomacentridae,Amphiprion_akindynos,9,Plktiv,25.71378506,Benthic,0.915135776,Predicted
Pomacentridae,Amphiprion_allardi,15,Plktiv,26.55609292,Benthic,0.533185822,Predicted
Pomacentridae,Amphiprion_barberi,8.58,Plktiv,26.92342805,Benthic,0.536996397,Predicted
Pomacentridae,Amphiprion_bicinctus,14,Plktiv,27.71676056,Benthic,0.541063923,Predicted
Pomacentridae,Amphiprion_chagosensis,11,Plktiv,28.3468625,Benthic,0.542906837,Predicted
Pomacentridae,Amphiprion_chrysogaster,15,Plktiv,25.484675,Benthic,0.401835511,Predicted
Pomacentridae,Amphiprion_chrysopterus,17,Plktiv,28.54432993,Benthic,0.322603144,Original
Pomacentridae,Amphiprion_clarkii,21.2,Plktiv,28.05996183,Benthic,0.414937148,Predicted
Pomacentridae,Amphiprion_ephippium,14,Plktiv,28.98573839,Benthic,0.622287203,Predicted
Pomacentridae,Amphiprion_frenatus,14,Plktiv,26.84938941,Benthic,0.416539346,Predicted
Pomacentridae,Amphiprion_fuscocaudatus,14,Plktiv,27.68193462,Benthic,0.499441243,Predicted
Pomacentridae,Amphiprion_latezonatus,14,Plktiv,22.92481111,Benthic,0.367016501,Predicted
Pomacentridae,Amphiprion_latifasciatus,13,Plktiv,27.31770714,Benthic,0.471631403,Predicted
Pomacentridae,Amphiprion_leucokranos,12,Plktiv,28.63741899,Benthic,0.776517023,Predicted
Pomacentridae,Amphiprion_mccullochi,12,Plktiv,21.2886,Benthic,0.691785568,Predicted
Pomacentridae,Amphiprion_melanopus,12,Plktiv,28.54432993,Benthic,0.278418173,Original
Pomacentridae,Amphiprion_nigripes,11,Plktiv,28.83926087,Benthic,0.984439844,Predicted
Pomacentridae,Amphiprion_ocellaris,11,Plktiv,28.57264289,Benthic,0.610967983,Predicted
Pomacentridae,Amphiprion_omanensis,14,Plktiv,26.67732143,Benthic,0.459019345,Predicted
Pomacentridae,Amphiprion_pacificus,6.338452197,Plktiv,27.50499095,Benthic,2.206556464,Predicted
Pomacentridae,Amphiprion_percula,11,Plktiv,28.47320056,Benthic,0.665796923,Predicted
Pomacentridae,Amphiprion_perideraion,10,Plktiv,28.54432993,Benthic,0.447859482,Original
Pomacentridae,Amphiprion_polymnus,13,Plktiv,28.36824596,Benthic,0.770393526,Predicted
Pomacentridae,Amphiprion_rubrocinctus,12,Plktiv,27.88466533,Benthic,0.9310739,Predicted
Pomacentridae,Amphiprion_sandaracinos,14,Plktiv,28.51087393,Benthic,0.551460261,Predicted
Pomacentridae,Amphiprion_sebae,16,Plktiv,28.52798323,Benthic,0.538514885,Predicted
Pomacentridae,Amphiprion_tricinctus,12,Plktiv,28.54432993,Benthic,0.737628395,Original
Pomacentridae,Azurina_eupalama,15,Plktiv,23.743775,Pelagic,0.489901554,Predicted
Pomacentridae,Azurina_hirundo,14,Plktiv,19.90230417,Pelagic,0.351193757,Predicted
Pomacentridae,Cheiloprion_labiatus,6,InvSes,28.4983331,Benthic,2.552305285,Predicted
Pomacentridae,Chromis_abrupta,5.36,Plktiv,27.983075,Benthopelagic,2.35399365,Predicted
Pomacentridae,Chromis_abyssicola,12.5,Plktiv,22.40884,Benthopelagic,0.633862957,Predicted
Pomacentridae,Chromis_abyssus,9.8,Plktiv,28.78044593,Benthopelagic,0.924101758,Predicted
Pomacentridae,Chromis_acares,5.4,Plktiv,27.62764075,Benthopelagic,2.558271195,Predicted
Pomacentridae,Chromis_agilis,10.8,Plktiv,27.64578875,Benthopelagic,0.719779486,Predicted
Pomacentridae,Chromis_albomaculata,15,Plktiv,23.34982203,Benthopelagic,0.498938737,Predicted
Pomacentridae,Chromis_alleni,6.5,Plktiv,23.85651081,Benthopelagic,1.407288476,Predicted
Pomacentridae,Chromis_alpha,12,Plktiv,27.78511514,Benthopelagic,0.864679758,Predicted
Pomacentridae,Chromis_alta,13,Plktiv,24.07431319,Pelagic,0.660646136,Predicted
Pomacentridae,Chromis_amboinensis,10,Plktiv,28.4491963,Benthopelagic,0.820916227,Predicted
Pomacentridae,Chromis_analis,17,Plktiv,28.00603976,Benthopelagic,0.485549171,Predicted
Pomacentridae,Chromis_atrilobata,13.4,Plktiv,25.38357619,Pelagic,0.531033269,Predicted
Pomacentridae,Chromis_atripectoralis,12,Plktiv,27.84859011,Benthopelagic,1.03313308,Predicted
Pomacentridae,Chromis_atripes,9,Plktiv,28.01764896,Benthopelagic,0.435783806,Predicted
Pomacentridae,Chromis_axillaris,10,Plktiv,26.32160137,Benthopelagic,1.366580375,Predicted
Pomacentridae,Chromis_bami,7.924471586,Plktiv,26.48999651,Benthopelagic,2.340699155,Predicted
Pomacentridae,Chromis_brevirostris,6.85,Plktiv,28.44211346,Benthopelagic,2.221053035,Predicted
Pomacentridae,Chromis_cadenati,16.5,Plktiv,27.14174872,Pelagic,0.460506184,Predicted
Pomacentridae,Chromis_caudalis,10,Plktiv,28.60111856,Benthopelagic,0.766548521,Predicted
Pomacentridae,Chromis_chromis,25,Plktiv,18.88273239,Benthopelagic,0.070443553,Original
Pomacentridae,Chromis_chrysura,18.5,Plktiv,28.85118227,Benthopelagic,0.190958005,Original
Pomacentridae,Chromis_cinerascens,13,Plktiv,28.33167024,Benthopelagic,0.571833242,Predicted
Pomacentridae,Chromis_crusma,14,Plktiv,15.2735957,Pelagic,0.356755133,Predicted
Pomacentridae,Chromis_cyanea,15,Plktiv,26.94913891,Pelagic,0.422028962,Predicted
Pomacentridae,Chromis_dasygenys,12,Plktiv,26.52438857,Benthopelagic,1.098277314,Predicted
Pomacentridae,Chromis_degruyi,8.24,Plktiv,28.89488831,Benthopelagic,2.312145427,Predicted
Pomacentridae,Chromis_delta,7,Plktiv,28.52064764,Benthopelagic,2.211137092,Predicted
Pomacentridae,Chromis_dimidiata,9,Plktiv,27.57846826,Benthopelagic,0.531213366,Predicted
Pomacentridae,Chromis_dispilus,21,Plktiv,18.64326522,Benthopelagic,0.2608448,Predicted
Pomacentridae,Chromis_earina,6.63,Plktiv,28.39532385,Benthopelagic,2.598906482,Predicted
Pomacentridae,Chromis_elerae,7,Plktiv,28.53757467,Benthopelagic,2.168516849,Predicted
Pomacentridae,Chromis_enchrysura,10,Plktiv,26.4773935,Benthopelagic,1.007187302,Predicted
Pomacentridae,Chromis_fieldi,5.1,Plktiv,27.62008949,Benthopelagic,2.495221094,Predicted
Pomacentridae,Chromis_flavapicis,10.1,Plktiv,27.983075,Benthopelagic,0.685086766,Predicted
Pomacentridae,Chromis_flavaxilla,7.2,Plktiv,27.5966382,Benthopelagic,2.078900746,Predicted
Pomacentridae,Chromis_flavicauda,7,Plktiv,25.48296929,Benthopelagic,1.584013852,Predicted
Pomacentridae,Chromis_flavipectoralis,8,Plktiv,28.94044808,Benthopelagic,2.278513819,Predicted
Pomacentridae,Chromis_flavomaculata,16,Plktiv,26.26729871,Benthopelagic,0.581449758,Predicted
Pomacentridae,Chromis_fumea,10,Plktiv,24.3253129,Benthopelagic,1.172423327,Predicted
Pomacentridae,Chromis_hanui,6,Plktiv,25.36435,Benthopelagic,1.977145741,Predicted
Pomacentridae,Chromis_howsoni,5.62,Plktiv,28.66677619,Benthopelagic,2.452351286,Predicted
Pomacentridae,Chromis_hypsilepis,16,Plktiv,19.59067857,Benthopelagic,0.323956984,Predicted
Pomacentridae,Chromis_insolata,16,Plktiv,26.86380672,Benthopelagic,0.402211098,Predicted
Pomacentridae,Chromis_intercrusma,29,Plktiv,15.2735957,Pelagic,0.254118732,Predicted
Pomacentridae,Chromis_iomelas,10.2,Plktiv,27.43555333,Benthopelagic,0.581757886,Predicted
Pomacentridae,Chromis_jubauna,7.42,Plktiv,26.69018571,Benthopelagic,2.397447631,Predicted
Pomacentridae,Chromis_klunzingeri,6.5,Plktiv,18.85984848,Benthopelagic,0.858265237,Predicted
Pomacentridae,Chromis_lepidolepis,9,Plktiv,27.8717206,Benthopelagic,0.614304871,Predicted
Pomacentridae,Chromis_leucura,8.5,Plktiv,27.64640223,Benthopelagic,0.576852872,Predicted
Pomacentridae,Chromis_limbata,12,Plktiv,24.45389906,Pelagic,1.003989297,Predicted
Pomacentridae,Chromis_limbaughi,11.3,Plktiv,24.73262,Pelagic,0.923195046,Predicted
Pomacentridae,Chromis_lineata,7,Plktiv,28.72514786,Benthopelagic,2.094022964,Predicted
Pomacentridae,Chromis_lubbocki,12.5,Plktiv,24.38993077,Pelagic,0.773230986,Predicted
Pomacentridae,Chromis_margaritifer,9,Plktiv,27.20100927,Benthopelagic,0.293304768,Original
Pomacentridae,Chromis_multilineata,20,Plktiv,26.78290377,Pelagic,0.585006543,Predicted
Pomacentridae,Chromis_nigroanalis,12,Plktiv,28.1677866,Benthopelagic,0.980264648,Predicted
Pomacentridae,Chromis_nigrura,6,Plktiv,27.21152979,Benthopelagic,2.075019126,Predicted
Pomacentridae,Chromis_nitida,7,Plktiv,25.53099439,Benthopelagic,1.612217804,Predicted
Pomacentridae,Chromis_notata,17,Plktiv,25.6678985,Benthopelagic,0.724117611,Predicted
Pomacentridae,Chromis_okamurai,9.4,Plktiv,23.77803214,Benthopelagic,0.621551889,Predicted
Pomacentridae,Chromis_onumai,12.58,Plktiv,24.05572105,Benthopelagic,0.80344103,Predicted
Pomacentridae,Chromis_opercularis,17,Plktiv,27.76807897,Benthopelagic,0.520081242,Predicted
Pomacentridae,Chromis_ovalis,15,Plktiv,25.05421379,Benthopelagic,0.444804864,Predicted
Pomacentridae,Chromis_ovatiformes,10,Plktiv,28.16624195,Benthopelagic,0.940398226,Predicted
Pomacentridae,Chromis_pamae,10.38,Plktiv,24.7304,Benthopelagic,1.065262897,Predicted
Pomacentridae,Chromis_pelloura,14,Plktiv,25.3826,Benthopelagic,0.345990584,Predicted
Pomacentridae,Chromis_pembae,13,Plktiv,27.58583519,Benthopelagic,0.658422361,Predicted
Pomacentridae,Chromis_punctipinnis,25,Plktiv,17.99600556,Benthopelagic,0.196134748,Predicted
Pomacentridae,Chromis_retrofasciata,8.8,Plktiv,28.10167022,Benthopelagic,0.633885082,Predicted
Pomacentridae,Chromis_sanctaehelenae,13,Plktiv,22.5662,Pelagic,0.535209911,Predicted
Pomacentridae,Chromis_scotochiloptera,16,Plktiv,28.80247031,Benthopelagic,0.567334595,Predicted
Pomacentridae,Chromis_scotti,10,Plktiv,26.89956985,Benthopelagic,0.867082101,Predicted
Pomacentridae,Chromis_struhsakeri,13,Plktiv,25.26698889,Benthopelagic,0.682260585,Predicted
Pomacentridae,Chromis_ternatensis,10,Plktiv,24.33595976,Benthopelagic,2.387066351,Original
Pomacentridae,Chromis_trialpha,6,Plktiv,27.97451692,Benthopelagic,2.365758284,Predicted
Pomacentridae,Chromis_unipa,5.04,Plktiv,28.91625652,Benthopelagic,3.236381771,Predicted
Pomacentridae,Chromis_vanderbilti,6,Plktiv,27.2642079,Benthopelagic,2.060589645,Predicted
Pomacentridae,Chromis_verater,19.904,Plktiv,25.09206154,Benthopelagic,0.606008168,Original
Pomacentridae,Chromis_viridis,8,Plktiv,28.85118227,Benthopelagic,5.223340985,Original
Pomacentridae,Chromis_weberi,13.5,Plktiv,28.08367779,Benthopelagic,0.492610129,Predicted
Pomacentridae,Chromis_westaustralis,8.5,Plktiv,21.644575,Benthopelagic,0.395037372,Predicted
Pomacentridae,Chromis_woodsi,9.5,Plktiv,27.04517879,Benthopelagic,0.649854532,Predicted
Pomacentridae,Chromis_xanthochira,14,Plktiv,28.65004626,Benthopelagic,0.498365785,Predicted
Pomacentridae,Chromis_xanthopterygia,11.5,Plktiv,27.53108649,Benthopelagic,0.86843395,Predicted
Pomacentridae,Chromis_xanthura,17,Plktiv,27.90862319,Benthopelagic,0.557452595,Predicted
Pomacentridae,Chromis_xouthos,9.23,Plktiv,28.68004397,Benthopelagic,0.584886729,Predicted
Pomacentridae,Chromis_xutha,7,Omnivr,27.88703333,Benthic,1.859658622,Predicted
Pomacentridae,Chrysiptera_annulata,8,Omnivr,27.32544475,Benthic,1.109062263,Predicted
Pomacentridae,Chrysiptera_arnazae,3.91,Plktiv,29.18808,Benthic,7.881588876,Predicted
Pomacentridae,Chrysiptera_biocellata,12.5,Omnivr,28.85118227,Benthic,0.851783856,Original
Pomacentridae,Chrysiptera_bleekeri,8,Plktiv,28.8184729,Benthic,2.5534254,Predicted
Pomacentridae,Chrysiptera_brownriggii,8,Omnivr,27.94231465,Benthic,1.335615922,Predicted
Pomacentridae,Chrysiptera_caeruleolineata,6,Plktiv,28.48036726,Benthic,2.455857125,Predicted
Pomacentridae,Chrysiptera_cyanea,8.5,Omnivr,28.23690063,Benthic,0.387756601,Predicted
Pomacentridae,Chrysiptera_cymatilis,3.62,Plktiv,28.74447632,Benthic,8.046568749,Predicted
Pomacentridae,Chrysiptera_flavipinnis,8,Omnivr,26.31506263,Benthic,2.102159486,Predicted
Pomacentridae,Chrysiptera_galba,7,Omnivr,25.05279048,Benthic,1.20744688,Predicted
Pomacentridae,Chrysiptera_giti,3.6,Plktiv,28.81387818,Benthic,10.0731654,Predicted
Pomacentridae,Chrysiptera_glauca,10,Omnivr,28.85118227,Benthic,1.098346411,Original
Pomacentridae,Chrysiptera_hemicyanea,7,Omnivr,27.86216697,Benthic,1.983788296,Predicted
Pomacentridae,Chrysiptera_kuiteri,7.5,Plktiv,28.71673893,Benthic,2.006581811,Predicted
Pomacentridae,Chrysiptera_niger,7,Omnivr,28.60962,Benthic,1.51077647,Predicted
Pomacentridae,Chrysiptera_oxycephala,9,Plktiv,28.86351965,Benthic,0.832622396,Predicted
Pomacentridae,Chrysiptera_parasema,7,Plktiv,28.57298578,Benthic,1.908591415,Predicted
Pomacentridae,Chrysiptera_rapanui,5.5,Omnivr,20.94565,Benthic,0.86788154,Predicted
Pomacentridae,Chrysiptera_rex,7,Omnivr,28.14048502,Benthic,1.769689648,Predicted
Pomacentridae,Chrysiptera_rollandi,7.5,Plktiv,28.27013824,Benthic,1.742616099,Predicted
Pomacentridae,Chrysiptera_sheila,10.3,Omnivr,27.63373036,Benthic,0.661808061,Predicted
Pomacentridae,Chrysiptera_sinclairi,5,Omnivr,29.17596286,Benthic,2.334191232,Predicted
Pomacentridae,Chrysiptera_springeri,5.5,Omnivr,28.80910676,Benthic,2.498527303,Predicted
Pomacentridae,Chrysiptera_starcki,8.6,Omnivr,27.10298414,Benthic,0.342527055,Predicted
Pomacentridae,Chrysiptera_talboti,6,Plktiv,28.23200101,Benthic,2.25559938,Predicted
Pomacentridae,Chrysiptera_taupou,8,Omnivr,27.5854937,Benthic,1.510257447,Predicted
Pomacentridae,Chrysiptera_traceyi,4.5,Omnivr,28.74808713,Benthic,2.285099349,Predicted
Pomacentridae,Chrysiptera_tricincta,6,Omnivr,27.65837945,Benthic,2.127208566,Predicted
Pomacentridae,Chrysiptera_unimaculata,10,HerDet,27.88058323,Benthic,0.918536718,Predicted
Pomacentridae,Dascyllus_albisella,13,Plktiv,25.09206154,Benthopelagic,1.031565526,Original
Pomacentridae,Dascyllus_aruanus,10,Plktiv,28.85118227,Benthic,3.599709892,Original
Pomacentridae,Dascyllus_carneus,7,Plktiv,27.87087904,Benthic,2.364140517,Predicted
Pomacentridae,Dascyllus_flavicaudus,12,Plktiv,27.47029133,Benthic,0.761931452,Predicted
Pomacentridae,Dascyllus_marginatus,6,Plktiv,27.10684331,Benthic,2.03069758,Predicted
Pomacentridae,Dascyllus_melanurus,8,Plktiv,28.06642239,Benthic,1.473146782,Predicted
Pomacentridae,Dascyllus_reticulatus,9,Plktiv,28.85118227,Benthic,0.66193586,Original
Pomacentridae,Dascyllus_strasburgi,9,Plktiv,28.004675,Benthic,0.408654108,Predicted
Pomacentridae,Dascyllus_trimaculatus,14,Plktiv,27.84280943,Benthic,0.601428225,Predicted
Pomacentridae,Dischistodus_chrysopoecilus,15,HerDet,28.68358863,Benthic,0.543795706,Predicted
Pomacentridae,Dischistodus_fasciatus,11.5,HerDet,28.62988706,Benthic,0.76070213,Predicted
Pomacentridae,Dischistodus_melanotus,16,HerDet,28.06336564,Benthic,0.385050791,Predicted
Pomacentridae,Dischistodus_perspicillatus,18,HerDet,28.18773559,Benthic,0.620244444,Predicted
Pomacentridae,Dischistodus_prosopotaenia,17,HerDet,28.1764924,Benthic,0.660351066,Predicted
Pomacentridae,Dischistodus_pseudochrysopoecilus,18,HerDet,28.18477738,Benthic,0.620253575,Predicted
Pomacentridae,Hemiglyphidodon_plagiometopon,18,HerDet,28.1993529,Benthic,0.6191321,Predicted
Pomacentridae,Hypsypops_rubicundus,30,Omnivr,18.83118043,Benthic,0.223107013,Predicted
Pomacentridae,Lepidozygus_tapeinosoma,10.5,Plktiv,28.25323488,Pelagic,0.788527466,Predicted
Pomacentridae,Mecaenichthys_immaculatus,12,HerDet,21.69974286,Benthic,0.581191943,Predicted
Pomacentridae,Microspathodon_bairdii,25,HerDet,27.01933736,Benthic,0.36230515,Predicted
Pomacentridae,Microspathodon_chrysurus,21,HerDet,26.90707747,Benthopelagic,0.375006593,Predicted
Pomacentridae,Microspathodon_dorsalis,31,HerDet,26.79622165,Benthic,0.29639358,Predicted
Pomacentridae,Microspathodon_frontatus,17,HerDet,27.36242609,Benthopelagic,0.362786458,Predicted
Pomacentridae,Neoglyphidodon_bonang,13.5,Omnivr,28.74225286,Benthic,0.562643787,Predicted
Pomacentridae,Neoglyphidodon_carlsoni,12,Omnivr,26.21888806,Benthopelagic,1.282550738,Predicted
Pomacentridae,Neoglyphidodon_crossi,12,Omnivr,28.86417308,Benthopelagic,0.898797336,Predicted
Pomacentridae,Neoglyphidodon_melas,18,Omnivr,27.92448529,Benthopelagic,0.615689857,Predicted
Pomacentridae,Neoglyphidodon_mitratus,6.23,Omnivr,29.04843008,Benthic,1.922952262,Predicted
Pomacentridae,Neoglyphidodon_nigroris,13,Omnivr,28.11951225,Benthopelagic,0.762932821,Predicted
Pomacentridae,Neoglyphidodon_oxyodon,15,Omnivr,28.3986155,Benthic,0.692884158,Predicted
Pomacentridae,Neoglyphidodon_polyacanthus,12,Omnivr,25.73359242,Benthic,1.341324957,Predicted
Pomacentridae,Neoglyphidodon_thoracotaeniatus,13.5,Omnivr,28.61669973,Benthic,0.567679466,Predicted
Pomacentridae,Neopomacentrus_anabatoides,10.5,Plktiv,28.4543039,Benthopelagic,0.799556074,Predicted
Pomacentridae,Neopomacentrus_aquadulcis,6.5,Plktiv,28.68022273,Benthopelagic,2.390950959,Predicted
Pomacentridae,Neopomacentrus_azysron,7.5,Plktiv,28.41429649,Benthopelagic,2.003299075,Predicted
Pomacentridae,Neopomacentrus_bankieri,8,Plktiv,28.00659305,Benthopelagic,1.599155255,Predicted
Pomacentridae,Neopomacentrus_cyanomos,10,Plktiv,27.97594471,Benthopelagic,0.697188089,Predicted
Pomacentridae,Neopomacentrus_filamentosus,11,Plktiv,28.00555818,Benthopelagic,0.53622605,Predicted
Pomacentridae,Neopomacentrus_fuliginosus,11,Plktiv,27.17290364,Benthopelagic,0.530030873,Predicted
Pomacentridae,Neopomacentrus_metallicus,7.513072018,Plktiv,27.33537849,Benthopelagic,1.571172018,Predicted
Pomacentridae,Neopomacentrus_miryae,11,Plktiv,27.32277793,Benthopelagic,0.504963187,Predicted
Pomacentridae,Neopomacentrus_nemurus,8,Plktiv,28.00503427,Benthopelagic,1.599155255,Predicted
Pomacentridae,Neopomacentrus_sindensis,10,Plktiv,27.58881622,Benthopelagic,0.800229447,Predicted
Pomacentridae,Neopomacentrus_sororius,6.44,Plktiv,28.1755263,Benthopelagic,2.812696486,Predicted
Pomacentridae,Neopomacentrus_taeniurus,10,Plktiv,28.18171862,Benthic,0.832182602,Predicted
Pomacentridae,Neopomacentrus_violascens,7.5,Plktiv,28.23797657,Benthopelagic,1.832258849,Predicted
Pomacentridae,Neopomacentrus_xanthurus,6,Plktiv,27.62513115,Benthopelagic,2.549005245,Predicted
Pomacentridae,Nexilosus_latifrons,30,Omnivr,23.28269059,Benthic,0.249536586,Predicted
Pomacentridae,Parma_alboscapularis,22,HerDet,19.23766667,Benthic,0.233123871,Predicted
Pomacentridae,Parma_bicolor,14,HerDet,18.18099474,Benthic,0.310404839,Predicted
Pomacentridae,Parma_kermadecensis,22,HerDet,20.0929,Benthic,0.220099193,Predicted
Pomacentridae,Parma_mccullochi,20,HerDet,18.90226667,Benthic,0.190565935,Predicted
Pomacentridae,Parma_microlepis,17.8,HerDet,20.41143909,Benthic,0.39073513,Original
Pomacentridae,Parma_occidentalis,13,HerDet,21.56436429,Benthic,0.490613281,Predicted
Pomacentridae,Parma_oligolepis,16.5,HerDet,26.99069474,Benthic,0.342150997,Predicted
Pomacentridae,Parma_polylepis,21,HerDet,24.89845269,Benthic,0.318145952,Predicted
Pomacentridae,Parma_unifasciata,18,HerDet,23.61454667,Benthic,0.340630632,Predicted
Pomacentridae,Parma_victoriae,20,HerDet,17.12506207,Benthic,0.250788293,Predicted
Pomacentridae,Plectroglyphidodon_dickii,11,Omnivr,27.20100927,Benthic,0.177362161,Original
Pomacentridae,Plectroglyphidodon_flaviventris,7,Omnivr,27.82649032,Benthic,2.029564298,Predicted
Pomacentridae,Plectroglyphidodon_imparipennis,6,Omnivr,27.6786412,Benthic,2.175902965,Predicted
Pomacentridae,Plectroglyphidodon_johnstonianus,9,Omnivr,27.6715004,Benthic,0.46534438,Predicted
Pomacentridae,Plectroglyphidodon_lacrymatus,10,Omnivr,27.8316785,Benthic,0.741015577,Predicted
Pomacentridae,Plectroglyphidodon_leucozonus,12,HerDet,27.72643142,Benthic,0.917367726,Predicted
Pomacentridae,Plectroglyphidodon_phoenixensis,9,Omnivr,27.90538558,Benthic,0.405572131,Predicted
Pomacentridae,Plectroglyphidodon_randalli,9,Omnivr,25.5769,Benthic,0.507981276,Predicted
Pomacentridae,Plectroglyphidodon_sagmarius,4.55,Omnivr,28.0475,Benthic,1.726309113,Predicted
Pomacentridae,Plectroglyphidodon_sindonis,10,Omnivr,25.3725,Benthic,0.53472567,Predicted
Pomacentridae,Pomacentrus_adelus,8.5,Omnivr,28.30665178,Benthic,0.385623362,Predicted
Pomacentridae,Pomacentrus_agassizii,11,Omnivr,27.52518605,Benthic,0.544480064,Predicted
Pomacentridae,Pomacentrus_albicaudatus,10.2,Omnivr,27.2895986,Benthic,0.446207971,Predicted
Pomacentridae,Pomacentrus_albimaculus,7,HerDet,28.84307537,Benthic,2.598362355,Predicted
Pomacentridae,Pomacentrus_alexanderae,9,Plktiv,28.18972511,Benthopelagic,0.597675552,Predicted
Pomacentridae,Pomacentrus_alleni,6,Plktiv,28.84164286,Benthic,3.318522701,Predicted
Pomacentridae,Pomacentrus_amboinensis,9,Omnivr,28.05256196,Benthic,0.281778084,Predicted
Pomacentridae,Pomacentrus_aquilus,12,Omnivr,27.39355281,Benthic,0.542249687,Predicted
Pomacentridae,Pomacentrus_arabicus,11,HerDet,27.52029861,Benthic,0.647373223,Predicted
Pomacentridae,Pomacentrus_armillatus,8,Omnivr,28.83995795,Benthic,1.860794275,Predicted
Pomacentridae,Pomacentrus_aurifrons,6.15,Plktiv,28.3739705,Benthopelagic,2.795571662,Predicted
Pomacentridae,Pomacentrus_auriventris,6.6,Omnivr,28.7556271,Benthic,1.679557998,Predicted
Pomacentridae,Pomacentrus_australis,8,HerDet,25.98187816,Benthic,2.296110329,Predicted
Pomacentridae,Pomacentrus_azuremaculatus,12,Omnivr,28.83925833,Benthic,0.928367366,Predicted
Pomacentridae,Pomacentrus_baenschi,10,Omnivr,27.48244545,Benthic,0.64909454,Predicted
Pomacentridae,Pomacentrus_bankanensis,9,Omnivr,28.15244812,Benthic,0.453841762,Predicted
Pomacentridae,Pomacentrus_bintanensis,7.88,HerDet,28.89300543,Benthic,2.159170768,Predicted
Pomacentridae,Pomacentrus_bipunctatus,5.53,Plktiv,28.90316186,Benthic,3.00581419,Predicted
Pomacentridae,Pomacentrus_brachialis,9.4,Plktiv,28.06364597,Benthopelagic,0.602690415,Predicted
Pomacentridae,Pomacentrus_burroughi,8.5,Omnivr,28.70462165,Benthic,0.464143929,Predicted
Pomacentridae,Pomacentrus_caeruleus,10,Plktiv,27.74666394,Benthic,0.845662371,Predicted
Pomacentridae,Pomacentrus_callainus,11.5,Plktiv,26.7400375,Benthic,0.994903625,Predicted
Pomacentridae,Pomacentrus_cheraphilus,6.1,Omnivr,28.85209548,Benthic,2.485295871,Predicted
Pomacentridae,Pomacentrus_chrysurus,9,Omnivr,28.09077331,Benthic,0.471457446,Predicted
Pomacentridae,Pomacentrus_coelestis,9,Omnivr,27.92045726,Benthic,0.442256784,Predicted
Pomacentridae,Pomacentrus_colini,7,Omnivr,28.49701856,Benthic,1.679997444,Predicted
Pomacentridae,Pomacentrus_cuneatus,7.5,Omnivr,28.85827471,Benthic,1.993661267,Predicted
Pomacentridae,Pomacentrus_emarginatus,10,Omnivr,28.71752127,Benthic,0.645892095,Predicted
Pomacentridae,Pomacentrus_fakfakensis,7.4,Omnivr,28.72914267,Benthic,1.449955041,Predicted
Pomacentridae,Pomacentrus_geminospilus,8,Omnivr,28.84527755,Benthic,1.871974036,Predicted
Pomacentridae,Pomacentrus_grammorhynchus,11.4,HerDet,28.22538646,Benthic,0.692725126,Predicted
Pomacentridae,Pomacentrus_imitator,11,Omnivr,27.08849805,Benthic,0.403657358,Predicted
Pomacentridae,Pomacentrus_indicus,11,Omnivr,28.26268761,Benthic,0.448559313,Predicted
Pomacentridae,Pomacentrus_javanicus,8,Omnivr,28.94599804,Benthic,1.649827078,Predicted
Pomacentridae,Pomacentrus_lepidogenys,11.5,Plktiv,28.02719146,Benthic,0.580999102,Predicted
Pomacentridae,Pomacentrus_leptus,7,Omnivr,27.76986696,Benthic,1.758712943,Predicted
Pomacentridae,Pomacentrus_limosus,4.57,Omnivr,24.82981368,Benthopelagic,2.422550021,Predicted
Pomacentridae,Pomacentrus_littoralis,11,Omnivr,28.53299742,Benthic,0.509494131,Predicted
Pomacentridae,Pomacentrus_melanochir,7.5,Omnivr,27.87455886,Benthic,1.735235147,Predicted
Pomacentridae,Pomacentrus_microspilus,9.42,Omnivr,27.26277083,Benthic,0.409056572,Predicted
Pomacentridae,Pomacentrus_milleri,7.5,Omnivr,27.21923636,Benthic,1.170574181,Predicted
Pomacentridae,Pomacentrus_moluccensis,9,Omnivr,24.17939377,Benthic,0.199818843,Original
Pomacentridae,Pomacentrus_nagasakiensis,10,Plktiv,28.05074666,Benthic,0.525143409,Predicted
Pomacentridae,Pomacentrus_nigromanus,9,Omnivr,28.50241953,Benthic,0.449156915,Predicted
Pomacentridae,Pomacentrus_nigromarginatus,8,Omnivr,28.01899889,Benthic,1.153383895,Predicted
Pomacentridae,Pomacentrus_opisthostigma,6.5,Omnivr,28.84875231,Benthic,2.209824998,Predicted
Pomacentridae,Pomacentrus_pavo,11,Omnivr,28.0354245,Benthic,0.343970815,Predicted
Pomacentridae,Pomacentrus_philippinus,10,Plktiv,27.96973408,Benthopelagic,0.713623529,Predicted
Pomacentridae,Pomacentrus_pikei,11,Omnivr,26.96819024,Benthopelagic,0.447382769,Predicted
Pomacentridae,Pomacentrus_polyspinus,7,Omnivr,28.8475,Benthic,2.116386799,Predicted
Pomacentridae,Pomacentrus_reidi,9,Omnivr,28.28994088,Benthic,0.401242573,Predicted
Pomacentridae,Pomacentrus_similis,7,Plktiv,28.70672061,Benthic,2.206595153,Predicted
Pomacentridae,Pomacentrus_simsiang,7,HerDet,28.46174266,Benthic,2.001643648,Predicted
Pomacentridae,Pomacentrus_smithi,7,Plktiv,28.78490138,Benthopelagic,2.36337454,Predicted
Pomacentridae,Pomacentrus_spilotoceps,9,Omnivr,27.90648601,Benthic,0.405572131,Predicted
Pomacentridae,Pomacentrus_stigma,13,Omnivr,28.744476,Benthic,0.615674916,Predicted
Pomacentridae,Pomacentrus_sulfureus,11,Omnivr,27.52395985,Benthic,0.544480064,Predicted
Pomacentridae,Pomacentrus_taeniometopon,12,Omnivr,27.95202191,Benthic,0.671899336,Predicted
Pomacentridae,Pomacentrus_trichrourus,11,Omnivr,27.36748415,Benthic,0.410604647,Predicted
Pomacentridae,Pomacentrus_trilineatus,10,Omnivr,27.90852186,Benthic,0.579078214,Predicted
Pomacentridae,Pomacentrus_tripunctatus,7.5,HerDet,27.76965323,Benthic,1.817335307,Predicted
Pomacentridae,Pomacentrus_vaiuli,10,Omnivr,28.03429127,Benthic,0.408147197,Predicted
Pomacentridae,Pomacentrus_wardi,9.9,HerDet,24.17939377,Benthic,0.401016599,Original
Pomacentridae,Pomacentrus_xanthosternus,10,Omnivr,28.98110133,Benthic,0.773255002,Predicted
Pomacentridae,Pomachromis_exilis,5,Plktiv,28.8932913,Benthopelagic,3.141223156,Predicted
Pomacentridae,Pomachromis_fuscidorsalis,6,Plktiv,27.03924706,Benthopelagic,2.200006582,Predicted
Pomacentridae,Pomachromis_richardsoni,7,InvMob,26.71226849,Benthic,2.089913377,Predicted
Pomacentridae,Premnas_biaculeatus,17,Plktiv,28.40614072,Benthic,0.734050218,Predicted
Pomacentridae,Pristotis_cyanostigma,11,Plktiv,28.06015688,Benthopelagic,0.46024141,Predicted
Pomacentridae,Pristotis_obtusirostris,14,Plktiv,29.20857792,Benthopelagic,1.240707831,Original
Pomacentridae,Stegastes_acapulcoensis,17,Omnivr,23.92761066,Benthic,0.657145972,Original
Pomacentridae,Stegastes_adustus,15,HerDet,27.27405566,Benthopelagic,0.316376741,Predicted
Pomacentridae,Stegastes_albifasciatus,13,HerDet,27.85189006,Benthic,0.791257107,Predicted
Pomacentridae,Stegastes_altus,15,HerDet,21.76492143,Benthic,0.41264254,Predicted
Pomacentridae,Stegastes_apicalis,15,HerDet,26.42114867,Benthic,0.617699285,Predicted
Pomacentridae,Stegastes_arcifrons,16.35387,Omnivr,23.92761066,Benthic,0.449418551,Original
Pomacentridae,Stegastes_aureus,11,HerDet,28.13491181,Benthic,0.7033496,Predicted
Pomacentridae,Stegastes_baldwini,9,Omnivr,28.1831,Benthic,0.448760552,Predicted
Pomacentridae,Stegastes_beebei,18.61695,Omnivr,24.85882742,Benthic,0.345905929,Original
Pomacentridae,Stegastes_diencaeus,12.5,HerDet,27.44460051,Benthopelagic,0.535411829,Predicted
Pomacentridae,Stegastes_emeryi,10,HerDet,25.8182125,Benthic,1.4645275,Predicted
Pomacentridae,Stegastes_fasciolatus,15,HerDet,26.81256113,Benthic,0.394843907,Predicted
Pomacentridae,Stegastes_flavilatus,12.3434,Omnivr,27.48790064,Benthic,1.277532775,Original
Pomacentridae,Stegastes_fuscus,16,HerDet,27.39186567,Benthic,0.09818172,Original
Pomacentridae,Stegastes_gascoynei,15,HerDet,22.59017917,Benthic,0.444058686,Predicted
Pomacentridae,Stegastes_imbricatus,10,HerDet,26.469432,Benthopelagic,1.054404109,Predicted
Pomacentridae,Stegastes_insularis,11,HerDet,27.11238684,Benthic,0.526755629,Predicted
Pomacentridae,Stegastes_leucorus,14,Omnivr,24.25005143,Benthic,0.482748473,Predicted
Pomacentridae,Stegastes_leucostictus,10,Omnivr,27.17137336,Benthopelagic,0.49715832,Predicted
Pomacentridae,Stegastes_limbatus,15,HerDet,26.50676667,Benthic,0.473768406,Predicted
Pomacentridae,Stegastes_lividus,11,HerDet,27.569102,Benthic,0.654794483,Predicted
Pomacentridae,Stegastes_nigricans,14,Omnivr,27.72629095,Benthic,1.424612228,Original
Pomacentridae,Stegastes_obreptus,12,HerDet,27.88946185,Benthic,0.945605079,Predicted
Pomacentridae,Stegastes_otophorus,13,HerDet,27.80531964,Benthopelagic,0.574384162,Predicted
Pomacentridae,Stegastes_partitus,10,Omnivr,26.87602716,Benthopelagic,0.657229173,Predicted
Pomacentridae,Stegastes_pelicieri,14,HerDet,25.87856667,Benthic,0.718997336,Predicted
Pomacentridae,Stegastes_planifrons,13,HerDet,28.34001119,Benthopelagic,0.683248285,Original
Pomacentridae,Stegastes_punctatus,16.1,HerDet,27.88175662,Benthic,0.54016162,Predicted
Pomacentridae,Stegastes_rectifraenum,13.5,Omnivr,25.7471323,Benthic,1.143104931,Original
Pomacentridae,Stegastes_redemptus,12,Omnivr,24.72156364,Benthic,0.829737232,Predicted
Pomacentridae,Stegastes_rocasensis,8.5,HerDet,27.46261429,Benthopelagic,0.493812199,Predicted
Pomacentridae,Stegastes_sanctaehelenae,9,HerDet,22.5662,Benthopelagic,0.515522625,Predicted
Pomacentridae,Stegastes_sanctipauli,9,HerDet,27.434025,Benthopelagic,0.3956166,Predicted
Pomacentridae,Stegastes_variabilis,12.5,HerDet,25.28747576,Benthopelagic,0.795084106,Predicted
Pomacentridae,Teixeirichthys_jordani,14,Plktiv,25.64161241,Benthopelagic,0.680708507,Predicted
Priacanthidae,Cookeolus_japonicus,69,FisCep,26.15577428,Benthopelagic,0.155654687,Predicted
Priacanthidae,Heteropriacanthus_cruentatus,50.7,FisCep,27.35417402,Benthopelagic,0.223685836,Predicted
Priacanthidae,Priacanthus_alalaua,26,FisCep,25.23397636,Benthopelagic,0.482786251,Predicted
Priacanthidae,Priacanthus_arenatus,50,FisCep,26.78853016,Benthopelagic,0.616151224,Original
Priacanthidae,Priacanthus_blochii,35,InvMob,27.90070882,Benthopelagic,0.326162946,Predicted
Priacanthidae,Priacanthus_hamrur,45,InvMob,27.8315877,Benthopelagic,0.459380333,Original
Priacanthidae,Priacanthus_macracanthus,34.2,InvMob,29.09364128,Benthopelagic,0.572906892,Original
Priacanthidae,Priacanthus_meeki,33,FisCep,24.90422128,Benthopelagic,0.26106506,Predicted
Priacanthidae,Priacanthus_prolixus,25,FisCep,27.36748046,Benthopelagic,0.394192262,Predicted
Priacanthidae,Priacanthus_tayenus,35,InvMob,28.29970455,Benthopelagic,0.59281875,Original
Priacanthidae,Priacanthus_zaiserae,25,FisCep,27.42144675,Benthopelagic,0.31083839,Predicted
Priacanthidae,Pristigenys_alta,30,FisCep,25.81025381,Benthopelagic,0.535503964,Predicted
Priacanthidae,Pristigenys_meyeri,22.5,FisCep,27.6241712,Benthopelagic,0.466753811,Predicted
Priacanthidae,Pristigenys_niphonia,27.4,FisCep,27.40555838,Benthopelagic,0.387896085,Predicted
Priacanthidae,Pristigenys_refulgens,27.4,FisCep,27.27784002,Benthopelagic,0.503554835,Predicted
Priacanthidae,Pristigenys_serrula,34,FisCep,25.0574575,Benthopelagic,0.206536819,Predicted
Pseudochromidae,Amsichthys_knighti,4.5,InvMob,28.17309085,Benthic,2.972600179,Predicted
Pseudochromidae,Anisochromis_kenyae,3.1,InvMob,27.59344074,Benthic,7.589705864,Predicted
Pseudochromidae,Anisochromis_mascarenensis,2.52,InvMob,25.67036667,Benthic,8.330926719,Predicted
Pseudochromidae,Anisochromis_straussi,2.83,InvMob,26.68956667,Benthic,7.826343864,Predicted
Pseudochromidae,Assiculus_punctatus,8,InvMob,27.64392655,Benthic,1.732139576,Predicted
Pseudochromidae,Blennodesmus_scapularis,8.9,InvMob,25.90437742,Benthic,0.818335365,Predicted
Pseudochromidae,Chlidichthys_abruptus,4.65,InvMob,27.24531765,Benthic,1.934994267,Predicted
Pseudochromidae,Chlidichthys_auratus,3.9,InvMob,26.70094231,Benthic,6.558508718,Predicted
Pseudochromidae,Chlidichthys_chagosensis,3.13,InvMob,28.41898,Benthic,7.863146989,Predicted
Pseudochromidae,Chlidichthys_clibanarius,4.2,InvMob,27.72474394,Benthic,4.005682167,Predicted
Pseudochromidae,Chlidichthys_johnvoelckeri,6,InvMob,27.39533516,Benthic,1.662521551,Predicted
Pseudochromidae,Chlidichthys_pembae,5,InvMob,27.17393101,Benthic,1.914115066,Predicted
Pseudochromidae,Congrogadus_spinifer,13,FisCep,27.95222642,Benthic,0.659499946,Predicted
Pseudochromidae,Congrogadus_subducens,45,FisCep,28.12291581,Benthic,0.186410971,Predicted
Pseudochromidae,Cypho_purpurascens,7.5,InvMob,27.55496423,Benthic,1.751467972,Predicted
Pseudochromidae,Cypho_zaps,5.1,InvMob,28.43802292,Benthic,2.264401767,Predicted
Pseudochromidae,Halidesmus_scapularis,20,InvMob,20.14158182,Benthic,0.295698954,Predicted
Pseudochromidae,Halimuraena_hexagonata,6,InvMob,27.04187167,Benthic,1.873618268,Predicted
Pseudochromidae,Halimuraena_lepopareia,7.4,InvMob,27.41237143,Benthic,1.343651504,Predicted
Pseudochromidae,Halimuraena_shakai,6,FisCep,26.57326333,Benthic,2.769713309,Predicted
Pseudochromidae,Haliophis_guttatus,15.5,FisCep,27.436848,Benthic,0.3359812,Predicted
Pseudochromidae,Labracinus_cyclophthalmus,23.5,FisCep,28.26758667,Benthic,0.514812811,Predicted
Pseudochromidae,Labracinus_lineatus,25,InvMob,25.51793696,Benthic,0.301991447,Predicted
Pseudochromidae,Lubbockichthys_multisquamatus,7.5,InvMob,27.91520179,Benthic,1.874944269,Predicted
Pseudochromidae,Lubbockichthys_tanakai,5.33,InvMob,27.88653101,Benthic,2.533151905,Predicted
Pseudochromidae,Manonichthys_alleni,5.06,InvMob,28.8470404,Benthic,2.677923654,Predicted
Pseudochromidae,Manonichthys_paranox,8.6,InvMob,28.19886226,Benthic,0.567187274,Predicted
Pseudochromidae,Manonichthys_polynemus,12,InvMob,28.93670097,Benthic,0.872443284,Predicted
Pseudochromidae,Manonichthys_splendens,13,InvMob,28.74990783,Benthic,0.624197315,Predicted
Pseudochromidae,Ogilbyina_queenslandiae,15,InvMob,26.70886923,Benthic,0.520454714,Predicted
Pseudochromidae,Ogilbyina_salvati,5.9,InvMob,25.381975,Benthic,1.657019428,Predicted
Pseudochromidae,Oxycercichthys_veliferus,12,InvMob,26.52704242,Benthic,1.113091247,Predicted
Pseudochromidae,Pholidochromis_marginatus,4.93,InvMob,28.95424304,Benthic,2.166088253,Predicted
Pseudochromidae,Pictichromis_aurifrons,6.5,InvMob,28.69383051,Benthic,1.698729484,Predicted
Pseudochromidae,Pictichromis_caitlinae,4.34,InvMob,28.621998,Benthic,3.107333455,Predicted
Pseudochromidae,Pictichromis_coralensis,5.22,InvMob,26.53776949,Benthic,2.638172553,Predicted
Pseudochromidae,Pictichromis_diadema,6.2,InvMob,28.76505652,Benthic,1.885618511,Predicted
Pseudochromidae,Pictichromis_ephippiata,4.03,InvMob,28.63934847,Benthic,5.710286677,Predicted
Pseudochromidae,Pictichromis_paccagnellae,7,InvMob,28.16705053,Benthic,2.109325681,Predicted
Pseudochromidae,Pictichromis_porphyrea,6,InvMob,28.32369237,Benthic,1.868147488,Predicted
Pseudochromidae,Pseudochromis_alticaudex,4.58,InvMob,28.89607819,Benthic,2.702185626,Predicted
Pseudochromidae,Pseudochromis_ammeri,5.96,InvMob,28.9296,Benthic,2.31338768,Predicted
Pseudochromidae,Pseudochromis_andamanensis,7,InvMob,28.35917457,Benthic,1.557243804,Predicted
Pseudochromidae,Pseudochromis_bitaeniatus,12,FisCep,28.35407291,Benthic,0.702530484,Predicted
Pseudochromidae,Pseudochromis_caudalis,11,InvMob,27.77065105,Benthic,0.710469127,Predicted
Pseudochromidae,Pseudochromis_coccinicauda,3.9,InvMob,28.89480042,Benthic,6.335558903,Predicted
Pseudochromidae,Pseudochromis_cyanotaenia,6.2,InvMob,28.04582455,Benthic,1.533640549,Predicted
Pseudochromidae,Pseudochromis_dixurus,9,InvMob,27.053456,Benthic,0.42870536,Predicted
Pseudochromidae,Pseudochromis_dutoiti,9,InvMob,27.28340237,Benthic,0.391385946,Predicted
Pseudochromidae,Pseudochromis_eichleri,6.83,InvMob,28.78315,Benthic,1.845220865,Predicted
Pseudochromidae,Pseudochromis_elongatus,6.5,InvMob,28.773248,Benthic,1.829878611,Predicted
Pseudochromidae,Pseudochromis_flammicauda,5.5,InvMob,26.69155037,Benthic,2.438274241,Predicted
Pseudochromidae,Pseudochromis_flavivertex,7.2,InvMob,27.4553381,Benthic,1.653601994,Predicted
Pseudochromidae,Pseudochromis_fowleri,5.3,InvMob,28.80736,Benthic,2.621856183,Predicted
Pseudochromidae,Pseudochromis_fridmani,6.3,InvMob,27.4149675,Benthic,1.538895987,Predicted
Pseudochromidae,Pseudochromis_fuligifinis,3.23,InvMob,28.6533,Benthic,7.25607347,Predicted
Pseudochromidae,Pseudochromis_fuscus,10,FisCep,25.60155381,Benthic,0.563053366,Original
Pseudochromidae,Pseudochromis_jamesi,5.5,InvMob,27.46490685,Benthic,2.079663043,Predicted
Pseudochromidae,Pseudochromis_kristinae,6.99,InvMob,27.11581849,Benthic,1.627652069,Predicted
Pseudochromidae,Pseudochromis_leucorhynchus,9,InvMob,27.29032593,Benthic,0.391169159,Predicted
Pseudochromidae,Pseudochromis_linda,8.1,InvMob,27.72747724,Benthic,1.832495935,Predicted
Pseudochromidae,Pseudochromis_litus,6.3,InvMob,28.70604919,Benthic,1.950381481,Predicted
Pseudochromidae,Pseudochromis_lugubris,8.2,InvMob,28.30853878,Benthic,1.431405821,Predicted
Pseudochromidae,Pseudochromis_luteus,4.65,InvMob,27.81395282,Benthic,2.347853638,Predicted
Pseudochromidae,Pseudochromis_marshallensis,8,InvMob,28.32216503,Benthic,1.342022985,Predicted
Pseudochromidae,Pseudochromis_melanurus,4.03,InvMob,26.720625,Benthic,6.534519858,Predicted
Pseudochromidae,Pseudochromis_melas,8,InvMob,26.7110519,Benthic,1.844634018,Predicted
Pseudochromidae,Pseudochromis_moorei,12,InvMob,28.62129497,Benthic,0.762822925,Predicted
Pseudochromidae,Pseudochromis_natalensis,9,InvMob,26.91036667,Benthic,0.536589817,Predicted
Pseudochromidae,Pseudochromis_nigrovittatus,9,InvMob,27.6986963,Benthic,0.592766685,Predicted
Pseudochromidae,Pseudochromis_olivaceus,9,InvMob,27.50349412,Benthic,0.518283091,Predicted
Pseudochromidae,Pseudochromis_omanensis,12,InvMob,27.34213636,Benthic,0.662660704,Predicted
Pseudochromidae,Pseudochromis_persicus,15.4,InvMob,27.56918243,Benthic,0.566784443,Predicted
Pseudochromidae,Pseudochromis_perspicillatus,12,InvMob,27.97896152,Benthic,0.738070377,Predicted
Pseudochromidae,Pseudochromis_pesi,10,InvMob,27.55101724,Benthic,0.776743339,Predicted
Pseudochromidae,Pseudochromis_punctatus,10.4,InvMob,27.20309559,Benthic,0.605204131,Predicted
Pseudochromidae,Pseudochromis_pylei,8,InvMob,28.77596429,Benthic,1.575886765,Predicted
Pseudochromidae,Pseudochromis_quinquedentatus,9.5,InvMob,27.77911462,Benthic,0.773029926,Predicted
Pseudochromidae,Pseudochromis_ransonneti,7,InvMob,28.57327752,Benthic,1.684182307,Predicted
Pseudochromidae,Pseudochromis_sankeyi,7,InvMob,28.372486,Benthic,2.033891873,Predicted
Pseudochromidae,Pseudochromis_springeri,5.5,InvMob,26.739475,Benthic,2.408902193,Predicted
Pseudochromidae,Pseudochromis_tapeinosoma,7.4,InvMob,28.54088772,Benthic,1.777199826,Predicted
Pseudochromidae,Pseudochromis_tauberae,8,InvMob,27.18104135,Benthic,1.337833741,Predicted
Pseudochromidae,Pseudochromis_wilsoni,8,InvMob,27.40078211,Benthic,1.207708296,Predicted
Pseudochromidae,Pseudoplesiops_annae,3.7,InvMob,28.40988069,Benthic,8.527342541,Predicted
Pseudochromidae,Pseudoplesiops_howensis,2.8,InvMob,25.36940714,Benthic,5.269376692,Predicted
Pseudochromidae,Pseudoplesiops_immaculatus,4,InvMob,28.09493463,Benthic,7.360279465,Predicted
Pseudochromidae,Pseudoplesiops_revellei,3.5,InvMob,27.9635446,Benthic,7.173819925,Predicted
Pseudochromidae,Pseudoplesiops_rosae,2.3,InvMob,28.03436331,Benthic,7.172916635,Predicted
Pseudochromidae,Pseudoplesiops_typus,4.6,InvMob,28.46167396,Benthic,2.458733954,Predicted
Pseudochromidae,Pseudoplesiops_wassi,2.88,InvMob,28.21413038,Benthic,7.700541663,Predicted
Rachycentridae,Rachycentron_canadum,200,FisCep,26.66445568,Pelagic,0.125420287,Original
Sciaenidae,Argyrosomus_japonicus,181,FisCep,17.31043386,Benthic,0.054129961,Original
Sciaenidae,Argyrosomus_regius,210,FisCep,22.93644693,Benthic,0.089,Original
Sciaenidae,Atractoscion_nobilis,166,FisCep,15.82028937,Benthic,0.094831079,Original
Sciaenidae,Cheilotrema_saturnum,45,InvMob,23.77958536,Benthic,0.202769908,Original
Sciaenidae,Dendrophysa_russelii,29.6,InvMob,29.20775042,Benthic,0.304433418,Original
Sciaenidae,Johnius_coitor,22.8,InvMob,29.12678385,Benthic,1.497147339,Original
Sciaenidae,Johnius_dussumieri,40,FisCep,27.8315877,Benthic,0.371849492,Original
Sciaenidae,Menticirrhus_americanus,50,InvMob,22.44345558,Benthic,0.246101018,Original
Sciaenidae,Otolithes_ruber,90,InvMob,28.6700428,Benthic,0.056748628,Original
Sciaenidae,Pennahia_anea,34.3,FisCep,28.6700428,Benthic,0.593631575,Original
Sciaenidae,Pseudotolithus_senegalensis,114,FisCep,25.6397419,Benthic,0.058154124,Original
Sciaenidae,Roncador_stearnsii,70,InvMob,16.43877077,Benthic,0.116567503,Original
Sciaenidae,Sciaena_umbra,70,InvMob,21.40501595,Benthic,0.097903696,Original
Sciaenidae,Umbrina_cirrosa,73,InvMob,19.60259581,Benthic,0.414735801,Original
Sciaenidae,Umbrina_ronchus,100,InvMob,19.60259581,Benthic,0.21320729,Original
Scombridae,Euthynnus_affinis,106.8,FisCep,28.11066389,Pelagic,0.334345146,Original
Scombridae,Euthynnus_alletteratus,122,FisCep,27.38018847,Pelagic,0.1862998,Original
Scombridae,Rastrelliger_kanagurta,37.2,Plktiv,28.90059895,Pelagic,0.69520321,Original
Scombridae,Sarda_sarda,98.5,FisCep,19.60259581,Pelagic,0.282794973,Original
Scombridae,Scomberomorus_brasiliensis,139.1,FisCep,27.49049244,Pelagic,0.08755302,Original
Scombridae,Scomberomorus_cavalla,170,FisCep,27.73163366,Pelagic,0.108465391,Original
Scombridae,Scomberomorus_commerson,258.7,FisCep,27.72831202,Pelagic,0.123442442,Original
Scombridae,Scomberomorus_guttatus,85.5,FisCep,28.36963749,Pelagic,0.45083811,Original
Scombridae,Scomberomorus_maculatus,101.2,FisCep,27.73163366,Pelagic,0.19253658,Original
Scombridae,Scomberomorus_regalis,183,FisCep,27.41446514,Pelagic,0.02800388,Original
Scombridae,Scomberomorus_semifasciatus,140,FisCep,28.10891342,Pelagic,0.3387907,Original
Scorpaenidae,Caracanthus_maculatus,5,InvMob,27.92484894,Benthic,2.448228622,Predicted
Scorpaenidae,Caracanthus_madagascariensis,5,InvMob,27.15551859,Benthic,2.041861057,Predicted
Scorpaenidae,Caracanthus_unipinna,5,InvMob,27.94400786,Benthic,2.258448075,Predicted
Scorpaenidae,Dendrochirus_barberi,16.5,FisCep,24.92371333,Benthopelagic,0.477388716,Predicted
Scorpaenidae,Dendrochirus_bellus,15,FisCep,24.33955976,Benthopelagic,0.656875821,Predicted
Scorpaenidae,Dendrochirus_biocellatus,13,FisCep,28.39111928,Benthopelagic,0.770711731,Predicted
Scorpaenidae,Dendrochirus_brachypterus,17,FisCep,27.71356046,Benthopelagic,0.616630451,Predicted
Scorpaenidae,Dendrochirus_zebra,25,FisCep,27.8022616,Benthic,0.424381923,Predicted
Scorpaenidae,Ebosia_bleekeri,22,FisCep,27.20721188,Benthic,0.442330248,Predicted
Scorpaenidae,Ebosia_falcata,9.33,FisCep,27.63744126,Benthic,0.536367282,Predicted
Scorpaenidae,Hipposcorpaena_filamentosus,2.9,FisCep,28.90380556,Benthic,9.102770532,Predicted
Scorpaenidae,Idiastion_kyphos,5.3,FisCep,25.35550741,Benthic,1.710631573,Predicted
Scorpaenidae,Idiastion_pacificum,12.84,FisCep,24.93028077,Benthic,0.570432082,Predicted
Scorpaenidae,Iracundus_signifer,13,FisCep,27.35215301,Benthic,0.511053104,Predicted
Scorpaenidae,Neomerinthe_amplisquamiceps,16.2,FisCep,27.93602526,Benthic,0.567088496,Predicted
Scorpaenidae,Neomerinthe_bauchotae,10.1,FisCep,14.92226667,Benthic,0.408619701,Predicted
Scorpaenidae,Neomerinthe_beanorum,15.5,FisCep,27.41851071,Benthic,0.33672528,Predicted
Scorpaenidae,Neomerinthe_folgori,59,FisCep,21.2813383,Benthic,0.119377906,Predicted
Scorpaenidae,Neomerinthe_hemingwayi,40,FisCep,25.92325333,Benthic,0.158451682,Predicted
Scorpaenidae,Neomerinthe_megalepis,9.4,FisCep,27.64040496,Benthic,0.721471118,Predicted
Scorpaenidae,Neomerinthe_procurva,7.1,FisCep,27.37873679,Benthic,1.643928535,Predicted
Scorpaenidae,Neomerinthe_rufescens,10,FisCep,25.26698889,Benthic,0.827104279,Predicted
Scorpaenidae,Neoscorpaena_nielseni,21.61,FisCep,23.3422,Benthic,0.254339629,Predicted
Scorpaenidae,Parapterois_heterura,38,FisCep,27.08565667,Benthic,0.187915545,Predicted
Scorpaenidae,Parapterois_macrura,12.4,FisCep,27.72142353,Benthic,1.016190947,Predicted
Scorpaenidae,Parascorpaena_aurita,15,FisCep,27.89183412,Benthic,0.557219058,Predicted
Scorpaenidae,Parascorpaena_bandanensis,10,FisCep,28.89462249,Benthic,1.042470475,Predicted
Scorpaenidae,Parascorpaena_maculipinnis,5,FisCep,27.72755623,Benthic,2.712853441,Predicted
Scorpaenidae,Parascorpaena_mcadamsi,8,FisCep,27.68522969,Benthic,1.875717989,Predicted
Scorpaenidae,Parascorpaena_mossambica,12,FisCep,27.62680774,Benthic,0.854984987,Predicted
Scorpaenidae,Parascorpaena_picta,16,FisCep,27.89699109,Benthic,0.507684004,Predicted
Scorpaenidae,Phenacoscorpius_adenensis,10,FisCep,23.88679724,Benthic,0.541313112,Predicted
Scorpaenidae,Phenacoscorpius_longilineatus,10.5,FisCep,20.155531,Benthic,0.541086186,Predicted
Scorpaenidae,Phenacoscorpius_megalops,13.5,FisCep,28.15518601,Benthic,0.681817777,Predicted
Scorpaenidae,Phenacoscorpius_nebris,10,FisCep,26.94164088,Benthic,0.613410995,Predicted
Scorpaenidae,Pontinus_accraensis,40,FisCep,27.06025345,Benthic,0.210707214,Predicted
Scorpaenidae,Pontinus_castor,46,FisCep,27.19378875,Benthic,0.204955935,Predicted
Scorpaenidae,Pontinus_furcirhinus,27,FisCep,26.20623151,Benthic,0.520941544,Predicted
Scorpaenidae,Pontinus_helena,16.8,FisCep,27.51822647,Benthic,0.498696622,Predicted
Scorpaenidae,Pontinus_kuhlii,52,FisCep,23.83474417,Benthic,0.164858039,Predicted
Scorpaenidae,Pontinus_leda,27,FisCep,21.5098,Benthic,0.231790031,Predicted
Scorpaenidae,Pontinus_longispinis,31.6,FisCep,26.91743435,Benthic,0.268478988,Predicted
Scorpaenidae,Pontinus_macrocephalus,36.5,FisCep,27.44803058,Benthic,0.255325187,Predicted
Scorpaenidae,Pontinus_nematophthalmus,14,FisCep,27.43849889,Benthic,0.304867941,Predicted
Scorpaenidae,Pontinus_rathbuni,25,FisCep,26.65284878,Benthic,0.429106837,Predicted
Scorpaenidae,Pontinus_rhodochrous,28,FisCep,26.28907964,Benthic,0.485514099,Predicted
Scorpaenidae,Pteroidichthys_amboinensis,12,FisCep,27.94316913,Benthic,0.789242293,Predicted
Scorpaenidae,Pterois_andover,23,FisCep,28.68990822,Benthopelagic,0.486294883,Predicted
Scorpaenidae,Pterois_antennata,20,FisCep,27.82919278,Benthopelagic,0.768361234,Predicted
Scorpaenidae,Pterois_lunulata,35,FisCep,27.5921803,Benthopelagic,0.256064376,Predicted
Scorpaenidae,Pterois_miles,35,FisCep,27.56452062,Benthopelagic,0.269244091,Predicted
Scorpaenidae,Pterois_mombasae,20,FisCep,27.72400881,Benthopelagic,0.619255803,Predicted
Scorpaenidae,Pterois_radiata,24,InvMob,27.88634922,Benthic,0.613802578,Predicted
Scorpaenidae,Pterois_russelii,30,FisCep,27.94521473,Benthopelagic,0.546194334,Predicted
Scorpaenidae,Pterois_sphex,22,FisCep,25.36435,Benthopelagic,0.356637976,Predicted
Scorpaenidae,Pterois_volitans,38,FisCep,27.5759411,Benthic,0.189837208,Predicted
Scorpaenidae,Rhinopias_aphanes,25,FisCep,27.2817146,Benthic,0.411607653,Predicted
Scorpaenidae,Rhinopias_eschmeyeri,23,FisCep,27.4610634,Benthic,0.401429014,Predicted
Scorpaenidae,Rhinopias_frondosa,23,FisCep,27.30021684,Benthic,0.447948405,Predicted
Scorpaenidae,Rhinopias_xenops,15.3,FisCep,24.77799263,Benthic,0.567082744,Predicted
Scorpaenidae,Scorpaena_agassizii,20,FisCep,26.95627384,Benthic,0.459338372,Predicted
Scorpaenidae,Scorpaena_albifimbria,9,FisCep,27.31075833,Benthic,0.377955318,Predicted
Scorpaenidae,Scorpaena_angolensis,25,FisCep,27.06423387,Benthic,0.396835479,Predicted
Scorpaenidae,Scorpaena_annobonae,4.4,FisCep,27.57903462,Benthic,2.819616075,Predicted
Scorpaenidae,Scorpaena_bergii,10,FisCep,26.58454345,Benthic,0.964164792,Predicted
Scorpaenidae,Scorpaena_brachyptera,7.5,FisCep,27.24846241,Benthic,1.422839208,Predicted
Scorpaenidae,Scorpaena_brasiliensis,35,FisCep,26.62351165,Benthic,0.252236443,Predicted
Scorpaenidae,Scorpaena_bulacephala,8.75,FisCep,25.41408298,Benthic,0.44077792,Predicted
Scorpaenidae,Scorpaena_calcarata,13,FisCep,26.5629722,Benthic,0.783280255,Predicted
Scorpaenidae,Scorpaena_cardinalis,41,FisCep,20.72625017,Benthic,0.119083721,Original
Scorpaenidae,Scorpaena_cocosensis,6.2,FisCep,27.39304,Benthic,1.620429932,Predicted
Scorpaenidae,Scorpaena_colorata,9.5,FisCep,25.19777273,Benthic,0.808702759,Predicted
Scorpaenidae,Scorpaena_dispar,23,FisCep,26.81957403,Benthic,0.42843472,Predicted
Scorpaenidae,Scorpaena_elachys,6.4,FisCep,27.30525,Benthic,1.705619906,Predicted
Scorpaenidae,Scorpaena_elongata,50,FisCep,21.66680778,Benthic,0.121104844,Predicted
Scorpaenidae,Scorpaena_gasta,8.36,FisCep,21.56436429,Benthic,0.708324078,Predicted
Scorpaenidae,Scorpaena_grandicornis,30,FisCep,27.21688152,Benthic,0.460196148,Predicted
Scorpaenidae,Scorpaena_guttata,43,FisCep,16.43877077,Benthic,0.170769377,Original
Scorpaenidae,Scorpaena_histrio,26,FisCep,25.25907436,Benthic,0.473825226,Predicted
Scorpaenidae,Scorpaena_inermis,11,FisCep,27.3207799,Benthic,0.471658342,Predicted
Scorpaenidae,Scorpaena_isthmensis,16,FisCep,26.74733926,Benthic,0.419822921,Predicted
Scorpaenidae,Scorpaena_izensis,44.5,FisCep,25.70635229,Benthic,0.192510597,Predicted
Scorpaenidae,Scorpaena_laevis,35,FisCep,27.11187667,Benthic,0.294676231,Predicted
Scorpaenidae,Scorpaena_loppei,15,InvMob,19.96023354,Benthic,0.281832313,Original
Scorpaenidae,Scorpaena_maderensis,14,FisCep,19.98901968,Benthic,0.244677478,Original
Scorpaenidae,Scorpaena_mystes,45.7,FisCep,26.01636944,Benthic,0.155858483,Predicted
Scorpaenidae,Scorpaena_neglecta,37.5,FisCep,27.23484454,Benthic,0.370342439,Predicted
Scorpaenidae,Scorpaena_normani,20,FisCep,26.78932388,Benthic,0.493233862,Predicted
Scorpaenidae,Scorpaena_notata,24,InvMob,19.96023354,Benthic,0.158356032,Original
Scorpaenidae,Scorpaena_onaria,30,FisCep,26.82644125,Benthic,0.417798075,Predicted
Scorpaenidae,Scorpaena_papillosa,30,FisCep,17.482404,Benthic,0.231299487,Predicted
Scorpaenidae,Scorpaena_pele,13.5,FisCep,25.30695,Benthic,0.565144106,Predicted
Scorpaenidae,Scorpaena_plumieri,45,FisCep,26.58578566,Benthic,0.184336795,Predicted
Scorpaenidae,Scorpaena_porcus,37,FisCep,21.69787121,Benthic,0.096501066,Original
Scorpaenidae,Scorpaena_russula,15,FisCep,26.96715091,Benthic,0.379895342,Predicted
Scorpaenidae,Scorpaena_scrofa,50,FisCep,21.69787121,Benthic,0.162891016,Original
Scorpaenidae,Scorpaena_sonorae,15.8,FisCep,23.71511304,Benthic,0.355651279,Predicted
Scorpaenidae,Scorpaena_stephanica,40,FisCep,26.19726234,Benthic,0.208219709,Predicted
Scorpaenidae,Scorpaenodes_africanus,90,FisCep,27.21422885,Benthic,0.102028584,Predicted
Scorpaenidae,Scorpaenodes_albaiensis,12,FisCep,27.87624568,Benthic,0.975663595,Predicted
Scorpaenidae,Scorpaenodes_arenai,11,FisCep,19.34191429,Benthic,0.552212974,Predicted
Scorpaenidae,Scorpaenodes_caribbaeus,12,FisCep,27.2742328,Benthic,0.631027813,Predicted
Scorpaenidae,Scorpaenodes_corallinus,10.5,FisCep,27.71310927,Benthic,0.871387777,Predicted
Scorpaenidae,Scorpaenodes_englerti,9,FisCep,19.68746667,Benthic,0.269112251,Predicted
Scorpaenidae,Scorpaenodes_evides,10.5,FisCep,27.01368724,Benthic,0.618212922,Predicted
Scorpaenidae,Scorpaenodes_guamensis,14,FisCep,27.61438319,Benthic,0.463272474,Predicted
Scorpaenidae,Scorpaenodes_hirsutus,5.6,FisCep,27.79221608,Benthic,2.399188042,Predicted
Scorpaenidae,Scorpaenodes_insularis,10,FisCep,27.02268571,Benthic,0.60764137,Predicted
Scorpaenidae,Scorpaenodes_kelloggi,5,FisCep,27.67809757,Benthic,2.616130764,Predicted
Scorpaenidae,Scorpaenodes_minor,5.2,FisCep,28.1053755,Benthic,2.756608617,Predicted
Scorpaenidae,Scorpaenodes_muciparus,8.74,FisCep,27.35222132,Benthic,0.408094447,Predicted
Scorpaenidae,Scorpaenodes_parvipinnis,14,FisCep,27.78077753,Benthic,0.511545294,Predicted
Scorpaenidae,Scorpaenodes_quadrispinosus,9.98,FisCep,28.18663456,Benthic,0.81762746,Predicted
Scorpaenidae,Scorpaenodes_rubrivinctus,10.08,FisCep,26.62115,Benthic,0.941722381,Predicted
Scorpaenidae,Scorpaenodes_scaber,12,FisCep,27.39564893,Benthic,0.600106314,Predicted
Scorpaenidae,Scorpaenodes_smithi,7.7,FisCep,28.58443426,Benthic,1.672546406,Predicted
Scorpaenidae,Scorpaenodes_steinitzi,5.5,FisCep,24.5629,Benthic,1.874770213,Predicted
Scorpaenidae,Scorpaenodes_tribulosus,5.14,FisCep,27.40494737,Benthic,1.789843141,Predicted
Scorpaenidae,Scorpaenodes_varipinnis,13,FisCep,27.73987177,Benthic,0.757802726,Predicted
Scorpaenidae,Scorpaenodes_xyris,15,FisCep,25.60816923,Benthic,0.692417401,Predicted
Scorpaenidae,Scorpaenopsis_barbata,22,FisCep,27.30074123,Benthic,0.439811144,Predicted
Scorpaenidae,Scorpaenopsis_brevifrons,13.3,FisCep,25.07078182,Benthic,0.546817143,Predicted
Scorpaenidae,Scorpaenopsis_cacopsis,51,FisCep,24.85220667,Benthic,0.197747307,Predicted
Scorpaenidae,Scorpaenopsis_cirrosa,23.1,FisCep,24.46486822,Benthic,0.357459883,Predicted
Scorpaenidae,Scorpaenopsis_cotticeps,6.29,FisCep,27.72699581,Benthic,2.484909387,Predicted
Scorpaenidae,Scorpaenopsis_diabolus,30,FisCep,27.78808654,Benthic,0.475590444,Predicted
Scorpaenidae,Scorpaenopsis_eschmeyeri,7.55,FisCep,26.45624194,Benthic,2.181996879,Predicted
Scorpaenidae,Scorpaenopsis_furneauxi,9.6,FisCep,25.37168,Benthic,0.64694217,Predicted
Scorpaenidae,Scorpaenopsis_gibbosa,21,FisCep,27.19223421,Benthic,0.412961069,Predicted
Scorpaenidae,Scorpaenopsis_longispina,9.2,FisCep,26.70330206,Benthic,0.60894212,Predicted
Scorpaenidae,Scorpaenopsis_macrochir,13.6,FisCep,27.98114214,Benthic,0.514181817,Predicted
Scorpaenidae,Scorpaenopsis_neglecta,19,FisCep,27.82592254,Benthic,0.743373907,Predicted
Scorpaenidae,Scorpaenopsis_obtusa,10,FisCep,28.45882436,Benthic,0.8049324,Predicted
Scorpaenidae,Scorpaenopsis_orientalis,27.8,FisCep,22.56305556,Benthic,0.22038314,Predicted
Scorpaenidae,Scorpaenopsis_oxycephala,36,FisCep,27.77005939,Benthic,0.306174903,Predicted
Scorpaenidae,Scorpaenopsis_papuensis,25,FisCep,27.93405508,Benthic,0.590918497,Predicted
Scorpaenidae,Scorpaenopsis_possi,19.4,FisCep,28.06448365,Benthic,0.520519397,Predicted
Scorpaenidae,Scorpaenopsis_ramaraoi,20.8,FisCep,27.95196602,Benthic,0.571315546,Predicted
Scorpaenidae,Scorpaenopsis_venosa,25,FisCep,27.74750269,Benthic,0.488162805,Predicted
Scorpaenidae,Scorpaenopsis_vittapinna,8.5,FisCep,27.75282135,Benthic,0.544783214,Predicted
Scorpaenidae,Sebastapistes_ballieui,11.7,FisCep,24.89081818,Benthic,0.947090924,Predicted
Scorpaenidae,Sebastapistes_coniorta,10,FisCep,25.08252727,Benthic,0.699062456,Predicted
Scorpaenidae,Sebastapistes_cyanostigma,10,FisCep,27.92488104,Benthic,0.775567727,Predicted
Scorpaenidae,Sebastapistes_fowleri,4.7,FisCep,27.9972502,Benthic,2.230375049,Predicted
Scorpaenidae,Sebastapistes_mauritiana,9.5,FisCep,27.81835438,Benthic,0.899298615,Predicted
Scorpaenidae,Sebastapistes_nuchalis,10.16,FisCep,27.20620968,Benthic,0.563187885,Predicted
Scorpaenidae,Sebastapistes_strongia,9.5,FisCep,27.93823759,Benthic,0.737612233,Predicted
Scorpaenidae,Sebastapistes_tinkhami,10,FisCep,27.39778808,Benthic,0.533020174,Predicted
Scorpaenidae,Taenianotus_triacanthus,10,FisCep,27.70319656,Benthic,0.854252873,Predicted
Scorpaenidae,Thysanichthys_crossotus,8.4,FisCep,23.45538298,Benthic,0.841309855,Predicted
Sebastidae,Sebastes_caurinus,58,InvMob,10.27447064,Benthic,0.084837914,Original
Sebastidae,Sebastes_constellatus,46,InvMob,16.43877077,Benthic,0.071353663,Original
Sebastidae,Sebastes_emphaeus,18,InvMob,9.580249184,Benthic,0.473694853,Original
Sebastidae,Sebastes_goodei,56,Plktiv,11.61327028,Benthopelagic,0.174703003,Original
Sebastidae,Sebastes_hopkinsi,29,InvMob,16.43877077,Benthic,0.084484422,Original
Sebastidae,Sebastes_inermis,35,Plktiv,15.41633237,Pelagic,0.169010951,Original
Sebastidae,Sebastes_melanops,63,FisCep,11.75680566,Benthopelagic,0.139934315,Original
Sebastidae,Sebastes_mystinus,61,Plktiv,11.63891768,Benthopelagic,0.054837272,Original
Sebastidae,Sebastes_paucispinis,91,FisCep,11.61327028,Benthopelagic,0.105625727,Original
Sebastidae,Sebastes_serranoides,61,FisCep,13.30574799,Pelagic,0.128572435,Original
Sebastidae,Sebastes_steindachneri,37,InvMob,7.019567227,Benthopelagic,0.151200412,Original
Sebastidae,Sebastes_taczanowskii,32,InvMob,8.582207918,Benthopelagic,0.110791236,Original
Sebastidae,Sebastiscus_marmoratus,30,FisCep,21.28205091,Benthic,0.266272564,Original
Serranidae,Acanthistius_brasilianus,60,FisCep,14.44610377,Benthic,0.143146732,Predicted
Serranidae,Acanthistius_ocellatus,45,FisCep,21.5601,Benthic,0.123383296,Predicted
Serranidae,Acanthistius_sebastoides,35,FisCep,21.02404375,Benthic,0.151379956,Predicted
Serranidae,Acanthistius_serratus,50,FisCep,18.35339375,Benthic,0.136395908,Predicted
Serranidae,Aethaloperca_rogaa,60,FisCep,27.89535246,Benthic,0.162246822,Predicted
Serranidae,Alphestes_afer,33,FisCep,27.03169292,Benthopelagic,0.344261701,Predicted
Serranidae,Alphestes_immaculatus,30,FisCep,25.24019402,Benthic,0.428407224,Predicted
Serranidae,Alphestes_multiguttatus,30,FisCep,26.72735806,Benthic,0.437378793,Predicted
Serranidae,Anthias_anthias,27,Plktiv,21.38094201,Benthopelagic,0.249537634,Predicted
Serranidae,Anthias_asperilinguis,15.6,Plktiv,27.7265,Benthopelagic,0.57591617,Predicted
Serranidae,Anthias_menezesi,28,Plktiv,24.57309063,Benthopelagic,0.366142584,Predicted
Serranidae,Anthias_nicholsi,25,Plktiv,26.64645923,Benthopelagic,0.42238617,Predicted
Serranidae,Anthias_noeli,29,Plktiv,23.9243,Benthopelagic,0.38360756,Predicted
Serranidae,Anthias_woodsi,20.8,Plktiv,25.75952642,Benthopelagic,0.55836696,Predicted
Serranidae,Anyperodon_leucogrammicus,65,FisCep,28.08556752,Benthic,0.099324005,Predicted
Serranidae,Aporops_bilinearis,9.9,FisCep,27.59238969,Benthic,0.679633307,Predicted
Serranidae,Aulacocephalus_temminckii,40,FisCep,27.66274411,Benthic,0.223234165,Predicted
Serranidae,Baldwinella_aureorubens,30,Plktiv,27.26975859,Benthic,0.467743122,Predicted
Serranidae,Baldwinella_vivanus,25,Plktiv,26.12977071,Benthic,0.459684992,Predicted
Serranidae,Belonoperca_chabanaudi,15,FisCep,27.9433238,Benthopelagic,0.535496329,Predicted
Serranidae,Caprodon_krasyukovae,47,Plktiv,21.8068,Benthopelagic,0.108342869,Predicted
Serranidae,Caprodon_longimanus,55,Plktiv,19.69328246,Benthopelagic,0.090295849,Predicted
Serranidae,Caprodon_schlegelii,35,Plktiv,26.13035586,Benthopelagic,0.246966124,Predicted
Serranidae,Centropristis_ocyurus,30,FisCep,25.87665326,Benthic,0.496916061,Predicted
Serranidae,Centropristis_philadelphica,30,FisCep,24.2402475,Benthic,0.363774907,Predicted
Serranidae,Centropristis_striata,66,InvMob,13.70511933,Benthic,0.054871943,Original
Serranidae,Cephalopholis_aitha,40,FisCep,28.78447802,Benthic,0.250078418,Predicted
Serranidae,Cephalopholis_argus,60,FisCep,27.78164757,Benthic,0.149980017,Predicted
Serranidae,Cephalopholis_aurantia,60,FisCep,27.90765439,Benthic,0.162226826,Predicted
Serranidae,Cephalopholis_cyanostigma,40,FisCep,28.55062719,Benthic,0.273397149,Predicted
Serranidae,Cephalopholis_formosa,34,FisCep,28.37561515,Benthic,0.456387226,Predicted
Serranidae,Cephalopholis_igarashiensis,43,FisCep,26.97014271,Benthic,0.173730078,Predicted
Serranidae,Cephalopholis_leopardus,24,FisCep,28.26957741,Benthic,0.537527085,Predicted
Serranidae,Cephalopholis_microprion,25,FisCep,28.44035694,Benthic,0.581821082,Predicted
Serranidae,Cephalopholis_miniata,50,FisCep,27.81654192,Benthic,0.277405325,Predicted
Serranidae,Cephalopholis_nigri,30.5,FisCep,26.69298293,Benthic,0.308477805,Predicted
Serranidae,Cephalopholis_nigripinnis,28,FisCep,27.53652202,Benthic,0.513690361,Predicted
Serranidae,Cephalopholis_oligosticta,30,FisCep,27.48916111,Benthic,0.474746042,Predicted
Serranidae,Cephalopholis_polleni,43,FisCep,28.41965799,Benthic,0.203961389,Predicted
Serranidae,Cephalopholis_polyspila,18.8,FisCep,29.20663077,Benthic,0.689954994,Predicted
Serranidae,Cephalopholis_sonnerati,57,FisCep,27.77855811,Benthic,0.140313641,Predicted
Serranidae,Cephalopholis_spiloparaea,30,FisCep,27.85480434,Benthic,0.691660267,Predicted
Serranidae,Chelidoperca_pleurospilus,13,FisCep,27.23578326,Benthic,0.477575048,Predicted
Serranidae,Dermatolepis_dermatolepis,100,FisCep,25.7404374,Benthic,0.144797632,Predicted
Serranidae,Dermatolepis_inermis,91,FisCep,26.78588952,Benthopelagic,0.079184724,Predicted
Serranidae,Dermatolepis_striolata,85,FisCep,26.93414833,Benthic,0.13702556,Predicted
Serranidae,Diplectrum_bivittatum,25,FisCep,26.86609021,Benthic,0.391330985,Predicted
Serranidae,Diplectrum_formosum,30,InvMob,24.73517942,Benthic,0.776394179,Original
Serranidae,Diplectrum_pacificum,34,FisCep,25.696175,Benthic,0.333539297,Predicted
Serranidae,Diplectrum_radiale,26,FisCep,26.53457852,Benthic,0.556381092,Predicted
Serranidae,Diploprion_bifasciatum,25,FisCep,28.07995408,Benthopelagic,0.427561188,Predicted
Serranidae,Diploprion_drachi,14,FisCep,27.77686667,Benthopelagic,0.498198637,Predicted
Serranidae,Dules_auriga,19.5,FisCep,16.29989077,Benthopelagic,0.265553666,Predicted
Serranidae,Epinephelus_akaara,58,FisCep,21.60720394,Benthic,0.096215074,Predicted
Serranidae,Epinephelus_albomarginatus,100,FisCep,24.75677391,Benthic,0.138698408,Predicted
Serranidae,Epinephelus_amblycephalus,50,FisCep,28.36670438,Benthic,0.244135078,Predicted
Serranidae,Epinephelus_analogus,114,FisCep,24.58778841,Benthic,0.079399545,Predicted
Serranidae,Epinephelus_andersoni,87,FisCep,23.12172222,Benthic,0.105914252,Predicted
Serranidae,Epinephelus_awoara,60,FisCep,22.68533066,Benthic,0.115545642,Predicted
Serranidae,Epinephelus_bilobatus,33,FisCep,27.78949891,Benthic,0.392764962,Predicted
Serranidae,Epinephelus_bleekeri,76,FisCep,28.38574637,Benthic,0.152851762,Predicted
Serranidae,Epinephelus_bontoides,30,FisCep,28.59710638,Benthic,0.628085091,Predicted
Serranidae,Epinephelus_bruneus,136,FisCep,21.99298099,Benthic,0.071679188,Predicted
Serranidae,Epinephelus_chabaudi,137,FisCep,25.81022273,Benthic,0.090697751,Predicted
Serranidae,Epinephelus_chlorocephalus,17.1,FisCep,25.9803375,Benthic,0.609146938,Predicted
Serranidae,Epinephelus_cifuentesi,100,FisCep,26.88902,Benthic,0.106386234,Predicted
Serranidae,Epinephelus_clippertonensis,61,FisCep,28.1831,Benthic,0.168261081,Predicted
Serranidae,Epinephelus_coeruleopunctatus,76,FisCep,27.76630537,Benthic,0.122414926,Predicted
Serranidae,Epinephelus_corallicola,49,FisCep,28.14631527,Benthic,0.204581711,Predicted
Serranidae,Epinephelus_daemelii,200,FisCep,18.55196471,Benthic,0.054373021,Predicted
Serranidae,Epinephelus_epistictus,80,FisCep,26.87824318,Benthic,0.145047742,Predicted
Serranidae,Epinephelus_erythrurus,45,FisCep,28.68910813,Benthic,0.201476542,Predicted
Serranidae,Epinephelus_fasciatomaculosus,30,FisCep,25.48486667,Benthic,0.320423416,Predicted
Serranidae,Epinephelus_fasciatus,40,InvMob,27.04056783,Benthic,0.174650635,Predicted
Serranidae,Epinephelus_faveatus,32,FisCep,28.34735714,Benthic,0.37224431,Predicted
Serranidae,Epinephelus_flavocaeruleus,90,FisCep,27.51644016,Benthic,0.073012042,Predicted
Serranidae,Epinephelus_gabriellae,52,FisCep,26.7302871,Benthic,0.191954475,Predicted
Serranidae,Epinephelus_goreensis,140,FisCep,26.517111,Benthic,0.102920895,Predicted
Serranidae,Epinephelus_heniochus,35,FisCep,27.77110245,Benthic,0.289660148,Predicted
Serranidae,Epinephelus_howlandi,55,FisCep,27.91948674,Benthic,0.260886258,Predicted
Serranidae,Epinephelus_irroratus,34,FisCep,27.983075,Benthic,0.381882178,Predicted
Serranidae,Epinephelus_lanceolatus,270,FisCep,27.82242602,Benthic,0.050139324,Predicted
Serranidae,Epinephelus_longispinis,55,FisCep,27.65310288,Benthic,0.208750664,Predicted
Serranidae,Epinephelus_macrospilos,51,InvMob,28.05367136,Benthic,0.139314769,Predicted
Serranidae,Epinephelus_magniscuttis,150,FisCep,27.05444048,Benthic,0.070486858,Predicted
Serranidae,Epinephelus_melanostigma,35,FisCep,28.31179281,Benthic,0.328360432,Predicted
Serranidae,Epinephelus_miliaris,53,FisCep,28.15314983,Benthic,0.189650893,Predicted
Serranidae,Epinephelus_poecilonotus,65,FisCep,26.1079176,Benthic,0.11614617,Predicted
Serranidae,Epinephelus_posteli,100,FisCep,25.10287667,Benthic,0.120735834,Predicted
Serranidae,Epinephelus_quinquefasciatus,250,FisCep,26.36788125,Benthic,0.063368784,Predicted
Serranidae,Epinephelus_quoyanus,40,FisCep,27.49989376,Benthic,0.201002728,Predicted
Serranidae,Epinephelus_radiatus,70,FisCep,26.621925,Benthic,0.158809582,Predicted
Serranidae,Epinephelus_retouti,50,FisCep,26.84577669,Benthic,0.192189941,Predicted
Serranidae,Epinephelus_socialis,52,FisCep,27.71828665,Benthic,0.212572829,Predicted
Serranidae,Epinephelus_spilotoceps,35,InvMob,28.34817692,Benthic,0.28151927,Predicted
Serranidae,Epinephelus_stictus,33,FisCep,25.73417882,Benthic,0.410674613,Predicted
Serranidae,Epinephelus_stoliczkae,38,FisCep,27.36058381,Benthic,0.226533576,Predicted
Serranidae,Epinephelus_summana,52,FisCep,27.53320476,Benthic,0.164811032,Predicted
Serranidae,Epinephelus_timorensis,26.5,FisCep,28.08778293,Benthic,0.851975292,Predicted
Serranidae,Epinephelus_trimaculatus,50,FisCep,22.32050714,Benthic,0.163210525,Predicted
Serranidae,Epinephelus_undulatostriatus,61,FisCep,22.86807059,Benthic,0.126721936,Predicted
Serranidae,Epinephelus_undulosus,120,FisCep,28.49183897,Benthic,0.080587055,Predicted
Serranidae,Gonioplectrus_hispanus,30,FisCep,26.89961182,Benthic,0.426718822,Predicted
Serranidae,Gracila_albomarginata,40,FisCep,28.12816093,Benthic,0.256157972,Predicted
Serranidae,Grammistes_sexlineatus,30,InvMob,27.92497649,Benthic,0.563055703,Predicted
Serranidae,Grammistops_ocellatus,13.2,FisCep,28.39888865,Benthic,0.836147944,Predicted
Serranidae,Hemanthias_leptus,50,Plktiv,27.02927303,Benthopelagic,0.1805433,Predicted
Serranidae,Hemanthias_peruanus,45,Plktiv,24.83005684,Benthopelagic,0.154855762,Predicted
Serranidae,Hemanthias_signifer,42,Plktiv,25.38467356,Benthopelagic,0.128335492,Predicted
Serranidae,Hemilutjanus_macrophthalmos,50,FisCep,21.84838966,Benthopelagic,0.138843669,Predicted
Serranidae,Hypoplectrodes_cardinalis,10,FisCep,19.13540769,Benthic,0.495438698,Predicted
Serranidae,Hypoplectrodes_jamesoni,12,FisCep,25.43190333,Benthic,0.751605782,Predicted
Serranidae,Hypoplectrodes_maccullochi,45,FisCep,21.08136875,Benthic,0.140438716,Predicted
Serranidae,Hypoplectrodes_nigroruber,30,FisCep,18.82663514,Benthic,0.184179387,Predicted
Serranidae,Hypoplectrodes_wilsoni,20,FisCep,18.40234571,Benthic,0.237276301,Predicted
Serranidae,Hypoplectrus_aberrans,13,FisCep,27.50580803,Benthic,0.672789959,Predicted
Serranidae,Hypoplectrus_chlorurus,12.7,FisCep,27.15627296,Benthic,0.540941801,Predicted
Serranidae,Hypoplectrus_gummigutta,13.2,FisCep,27.43003496,Benthic,0.44980666,Predicted
Serranidae,Hypoplectrus_guttavarius,13,FisCep,27.44044752,Benthic,0.506869001,Predicted
Serranidae,Hypoplectrus_indigo,14.25,FisCep,27.38880735,Benthic,0.30479661,Predicted
Serranidae,Hypoplectrus_nigricans,15.24,FisCep,27.9761619,Benthic,0.507174813,Predicted
Serranidae,Hypoplectrus_puella,15.24,FisCep,27.18272357,Benthic,0.380709905,Predicted
Serranidae,Hypoplectrus_unicolor,12.7,FisCep,27.26670479,Benthic,0.476631742,Predicted
Serranidae,Hyporthodus_acanthistius,100,FisCep,25.2227958,Benthic,0.12962188,Predicted
Serranidae,Hyporthodus_ergastularius,157,FisCep,23.94926579,Benthic,0.076766821,Predicted
Serranidae,Hyporthodus_exsul,125,FisCep,26.98278219,Benthic,0.07507492,Predicted
Serranidae,Hyporthodus_haifensis,125,FisCep,24.78634202,Benthic,0.090330783,Predicted
Serranidae,Hyporthodus_mystacinus,160,FisCep,26.3945243,Benthic,0.058333953,Predicted
Serranidae,Hyporthodus_niphobles,48,FisCep,24.95141308,Benthic,0.144433888,Predicted
Serranidae,Hyporthodus_octofasciatus,130,FisCep,26.31841181,Benthic,0.071566951,Predicted
Serranidae,Hyporthodus_septemfasciatus,155,FisCep,20.60427927,Benthic,0.061264985,Predicted
Serranidae,Lepidoperca_occidentalis,15,FisCep,18.27158085,Benthic,0.406219032,Predicted
Serranidae,Liopropoma_africanum,8,FisCep,28.37236724,Benthic,1.895843207,Predicted
Serranidae,Liopropoma_carmabi,6,FisCep,27.28993911,Benthic,1.853037919,Predicted
Serranidae,Liopropoma_collettei,7.5,FisCep,28.0927339,Benthic,2.070846759,Predicted
Serranidae,Liopropoma_eukrines,13,FisCep,24.96996341,Benthic,0.493669803,Predicted
Serranidae,Liopropoma_fasciatum,17.8,FisCep,21.75850417,Benthic,0.318100774,Predicted
Serranidae,Liopropoma_lemniscatum,17.5,FisCep,28.55564498,Benthic,0.670123832,Predicted
Serranidae,Liopropoma_lunulatum,18.7,FisCep,27.06103888,Benthic,0.434898856,Predicted
Serranidae,Liopropoma_maculatum,21.7,FisCep,25.97855,Benthic,0.491825763,Predicted
Serranidae,Liopropoma_mitratum,9,FisCep,28.02427722,Benthic,0.406219427,Predicted
Serranidae,Liopropoma_mowbrayi,9,FisCep,27.39574225,Benthic,0.359427982,Predicted
Serranidae,Liopropoma_multilineatum,8,FisCep,28.40065074,Benthic,1.974753929,Predicted
Serranidae,Liopropoma_pallidum,6.4,FisCep,28.04470221,Benthic,1.606667374,Predicted
Serranidae,Liopropoma_randalli,13.2,FisCep,28.6312396,Benthic,0.644354397,Predicted
Serranidae,Liopropoma_rubre,10,FisCep,27.26551962,Benthic,0.560589415,Predicted
Serranidae,Liopropoma_susumi,9.1,FisCep,27.90833325,Benthic,0.504508702,Predicted
Serranidae,Liopropoma_swalesi,5.6,FisCep,28.533497,Benthic,2.340280784,Predicted
Serranidae,Liopropoma_tonstrinum,8,FisCep,27.01526286,Benthic,1.437817161,Predicted
Serranidae,Luzonichthys_earlei,5.5,Plktiv,27.73499586,Benthopelagic,2.81782829,Predicted
Serranidae,Luzonichthys_microlepis,6.3,Plktiv,27.13932105,Benthopelagic,2.114533826,Predicted
Serranidae,Luzonichthys_taeniatus,5.5,Plktiv,28.87475172,Benthopelagic,3.122908648,Predicted
Serranidae,Luzonichthys_waitei,7,Plktiv,28.0953424,Benthopelagic,2.547286909,Predicted
Serranidae,Luzonichthys_whitleyi,5.8,Plktiv,28.84106972,Benthopelagic,3.354396958,Predicted
Serranidae,Meganthias_natalensis,37.4,Plktiv,26.55231923,Benthopelagic,0.303941159,Predicted
Serranidae,Mycteroperca_acutirostris,80,FisCep,26.49916268,Benthic,0.15849691,Predicted
Serranidae,Mycteroperca_cidi,114,FisCep,27.58033182,Benthic,0.055952891,Predicted
Serranidae,Mycteroperca_fusca,80,FisCep,21.0454102,Benthic,0.126658066,Predicted
Serranidae,Mycteroperca_jordani,198,FisCep,20.93561364,Benthic,0.080425537,Predicted
Serranidae,Mycteroperca_prionura,105,FisCep,24.881125,Benthic,0.099158219,Predicted
Serranidae,Mycteroperca_xenarcha,150,FisCep,23.36877609,Benthic,0.075094895,Predicted
Serranidae,Nemanthias_carberryi,13,Plktiv,27.11363125,Benthopelagic,0.537805133,Predicted
Serranidae,Niphon_spinosus,100,FisCep,23.01321386,Benthic,0.109903568,Predicted
Serranidae,Odontanthias_borbonius,15,Plktiv,26.98965547,Benthopelagic,0.379986322,Predicted
Serranidae,Odontanthias_chrysostictus,20,Plktiv,28.1951572,Benthopelagic,0.708054743,Predicted
Serranidae,Odontanthias_elizabethae,10.9,Plktiv,25.63586667,Benthopelagic,1.098613061,Predicted
Serranidae,Odontanthias_flagris,20,Plktiv,23.34040571,Benthopelagic,0.323448625,Predicted
Serranidae,Odontanthias_fuscipinnis,15.3,Plktiv,25.63586667,Benthopelagic,0.79435589,Predicted
Serranidae,Odontanthias_rhodopeplus,16,Plktiv,27.64977872,Benthopelagic,0.461892408,Predicted
Serranidae,Odontanthias_tapui,14.5,Plktiv,27.41026087,Benthopelagic,0.305896434,Predicted
Serranidae,Odontanthias_unimaculatus,20,Plktiv,25.85122297,Benthopelagic,0.655580413,Predicted
Serranidae,Othos_dentex,75,FisCep,17.40451489,Benthic,0.097326185,Predicted
Serranidae,Paralabrax_albomaculatus,50.8,FisCep,24.24035556,Benthic,0.19218151,Predicted
Serranidae,Paralabrax_auroguttatus,71,FisCep,22.796988,Benthic,0.119244223,Predicted
Serranidae,Paralabrax_clathratus,72,FisCep,16.43877077,Benthopelagic,0.078503353,Original
Serranidae,Paralabrax_dewegeri,43,FisCep,27.50934734,Benthic,0.151847552,Predicted
Serranidae,Paralabrax_humeralis,54.5,FisCep,23.54472625,Benthic,0.167795926,Predicted
Serranidae,Paralabrax_loro,38,FisCep,28.01565556,Benthic,0.23728202,Predicted
Serranidae,Paralabrax_maculatofasciatus,60,InvMob,21.82011623,Benthic,0.08400002,Original
Serranidae,Paralabrax_nebulifer,67,FisCep,20.25751429,Benthic,0.109083402,Predicted
Serranidae,Paranthias_colonus,35.6,Plktiv,26.48429134,Benthopelagic,0.256292612,Predicted
Serranidae,Plectranthias_alleni,6.3,FisCep,20.89276667,Benthic,0.897847237,Predicted
Serranidae,Plectranthias_anthioides,25,FisCep,28.19904,Benthic,0.600963023,Predicted
Serranidae,Plectranthias_fourmanoiri,4.7,FisCep,27.90204208,Benthic,2.600742762,Predicted
Serranidae,Plectranthias_gardineri,3.2,FisCep,28.19854286,Benthic,8.721249794,Predicted
Serranidae,Plectranthias_inermis,4.5,FisCep,28.10951969,Benthic,3.151108951,Predicted
Serranidae,Plectranthias_longimanus,3.5,FisCep,27.87765549,Benthic,9.224487148,Predicted
Serranidae,Plectranthias_morgansi,5,FisCep,26.61110916,Benthic,2.793444242,Predicted
Serranidae,Plectranthias_nanus,3.98,FisCep,27.79304491,Benthic,6.825267608,Predicted
Serranidae,Plectranthias_pelicieri,4.8,FisCep,26.09563,Benthic,3.449349133,Predicted
Serranidae,Plectranthias_randalli,11.07,FisCep,26.27957902,Benthic,1.046552194,Predicted
Serranidae,Plectranthias_rubrifasciatus,4.9,FisCep,27.52640879,Benthic,2.469152775,Predicted
Serranidae,Plectranthias_sagamiensis,6,FisCep,27.88999225,Benthic,2.697718038,Predicted
Serranidae,Plectranthias_wheeleri,8.28,FisCep,26.8737461,Benthic,1.722320251,Predicted
Serranidae,Plectranthias_winniensis,4,FisCep,27.8579445,Benthic,7.945676143,Predicted
Serranidae,Plectranthias_yamakawai,20,FisCep,24.9576914,Benthic,0.360393689,Predicted
Serranidae,Plectropomus_oligacanthus,75,FisCep,28.77544558,Benthic,0.128245254,Predicted
Serranidae,Plectropomus_pessuliferus,120,FisCep,28.21839709,Benthic,0.077385317,Predicted
Serranidae,Plectropomus_punctatus,96,FisCep,26.81688291,Benthic,0.110639962,Predicted
Serranidae,Pogonoperca_ocellata,30,FisCep,27.98109862,Benthic,0.522702083,Predicted
Serranidae,Pogonoperca_punctata,35,FisCep,27.93227922,Benthic,0.393665239,Predicted
Serranidae,Pronotogrammus_eos,18,Plktiv,27.69001585,Benthopelagic,0.557867107,Predicted
Serranidae,Pronotogrammus_martinicensis,20,Plktiv,23.583529,Benthopelagic,0.330514321,Original
Serranidae,Pronotogrammus_multifasciatus,28.5,Plktiv,24.74885195,Benthopelagic,0.430414744,Predicted
Serranidae,Pseudanthias_bartlettorum,9,Plktiv,28.86211333,Benthopelagic,0.807631037,Predicted
Serranidae,Pseudanthias_bicolor,13,Plktiv,27.86593719,Benthopelagic,0.823610325,Predicted
Serranidae,Pseudanthias_bimaculatus,14,Plktiv,28.13779375,Benthopelagic,0.55501642,Predicted
Serranidae,Pseudanthias_bimarginatus,7,Plktiv,27.54387564,Benthopelagic,2.170400772,Predicted
Serranidae,Pseudanthias_charleneae,7.53,Plktiv,28.92485571,Benthopelagic,2.521108564,Predicted
Serranidae,Pseudanthias_cichlops,9.5,Plktiv,27.99813946,Benthopelagic,0.643485273,Predicted
Serranidae,Pseudanthias_cooperi,14,Plktiv,27.8069263,Benthopelagic,0.431984399,Predicted
Serranidae,Pseudanthias_dispar,9.5,Plktiv,27.14870777,Benthopelagic,0.671241619,Predicted
Serranidae,Pseudanthias_elongatus,14,Plktiv,26.2665799,Benthopelagic,0.740201175,Predicted
Serranidae,Pseudanthias_engelhardi,10,Plktiv,27.94676947,Benthopelagic,0.75907744,Predicted
Serranidae,Pseudanthias_evansi,12,Plktiv,27.5763933,Benthic,0.849339777,Predicted
Serranidae,Pseudanthias_fasciatus,21,Plktiv,27.89773917,Benthopelagic,0.523991886,Predicted
Serranidae,Pseudanthias_flavicauda,6.58,Plktiv,27.16134655,Benthopelagic,2.023369474,Predicted
Serranidae,Pseudanthias_flavoguttatus,10.2,Plktiv,28.05368293,Benthopelagic,0.563087457,Predicted
Serranidae,Pseudanthias_heemstrai,13,Plktiv,27.63647885,Benthopelagic,0.703781426,Predicted
Serranidae,Pseudanthias_hiva,10.04,Plktiv,28.01878571,Benthopelagic,0.650151523,Predicted
Serranidae,Pseudanthias_huchtii,12,Plktiv,28.52908411,Benthopelagic,0.817721531,Predicted
Serranidae,Pseudanthias_hutomoi,12,Plktiv,28.64033913,Benthopelagic,0.774725528,Predicted
Serranidae,Pseudanthias_hypselosoma,19,Plktiv,27.94186687,Benthopelagic,0.609133501,Predicted
Serranidae,Pseudanthias_ignitus,9,Plktiv,28.89204212,Benthopelagic,0.752006446,Predicted
Serranidae,Pseudanthias_lori,12,Plktiv,28.26553062,Benthopelagic,0.747236961,Predicted
Serranidae,Pseudanthias_lunulatus,8,Plktiv,27.86001384,Benthopelagic,2.257531872,Predicted
Serranidae,Pseudanthias_luzonensis,14.5,Plktiv,27.94089742,Benthopelagic,0.520030063,Predicted
Serranidae,Pseudanthias_marcia,16,Plktiv,27.40465938,Benthopelagic,0.289419396,Predicted
Serranidae,Pseudanthias_olivaceus,12,Plktiv,27.35209787,Benthopelagic,0.697921121,Predicted
Serranidae,Pseudanthias_parvirostris,7.5,Plktiv,27.73216533,Benthopelagic,2.169296708,Predicted
Serranidae,Pseudanthias_pascalus,20,Plktiv,27.98061465,Benthopelagic,0.558192094,Predicted
Serranidae,Pseudanthias_pictilis,13.5,Plktiv,25.67096992,Benthopelagic,0.843637097,Predicted
Serranidae,Pseudanthias_pleurotaenia,20,Plktiv,28.04640237,Benthopelagic,0.455173099,Predicted
Serranidae,Pseudanthias_pulcherrimus,7,Plktiv,27.40494914,Benthopelagic,1.65088541,Predicted
Serranidae,Pseudanthias_randalli,9.5,Plktiv,28.90780577,Benthopelagic,1.108218558,Predicted
Serranidae,Pseudanthias_regalis,8,Plktiv,28.14058,Benthopelagic,2.120187166,Predicted
Serranidae,Pseudanthias_rubrizonatus,12,Plktiv,27.82484454,Benthopelagic,1.042513571,Predicted
Serranidae,Pseudanthias_rubrolineatus,9.22,Plktiv,26.09724096,Benthopelagic,0.941238823,Predicted
Serranidae,Pseudanthias_sheni,10.48,Plktiv,23.3814625,Benthopelagic,0.690351662,Predicted
Serranidae,Pseudanthias_smithvanizi,9.5,Plktiv,28.4538157,Benthopelagic,0.797682941,Predicted
Serranidae,Pseudanthias_squamipinnis,15,Plktiv,24.33595976,Benthopelagic,0.773731529,Original
Serranidae,Pseudanthias_taeniatus,13,Plktiv,26.84485833,Benthopelagic,0.679802145,Predicted
Serranidae,Pseudanthias_thompsoni,22,Plktiv,25.06008571,Benthopelagic,0.382583234,Predicted
Serranidae,Pseudanthias_townsendi,9,Plktiv,27.67377308,Benthopelagic,0.585749128,Predicted
Serranidae,Pseudanthias_tuka,12,Plktiv,28.27840045,Benthopelagic,0.778451439,Predicted
Serranidae,Pseudanthias_ventralis,7,Plktiv,27.82519922,Benthopelagic,2.65292688,Predicted
Serranidae,Pseudogramma_astigma,7.4,FisCep,28.02802585,Benthic,1.427179254,Predicted
Serranidae,Pseudogramma_gregoryi,7.5,FisCep,27.3600674,Benthic,1.514299842,Predicted
Serranidae,Pseudogramma_polyacantha,8.6,FisCep,27.78163943,Benthic,0.528416957,Predicted
Serranidae,Pseudogramma_thaumasia,9,FisCep,26.77095893,Benthic,0.602813069,Predicted
Serranidae,Rabaulichthys_altipinnis,6,Plktiv,28.53578961,Benthopelagic,2.578024013,Predicted
Serranidae,Rabaulichthys_squirei,6.22,Plktiv,26.66256,Benthopelagic,2.817280903,Predicted
Serranidae,Rabaulichthys_stigmaticus,6,Plktiv,27.86062933,Benthopelagic,3.102383799,Predicted
Serranidae,Rypticus_bicolor,28,FisCep,26.01727123,Benthic,0.510521993,Predicted
Serranidae,Rypticus_bistrispinus,15,FisCep,26.93377475,Benthic,0.379598562,Predicted
Serranidae,Rypticus_carpenteri,8.6,FisCep,27.27345733,Benthic,0.382080572,Predicted
Serranidae,Rypticus_courtenayi,19,FisCep,26.74525,Benthic,0.487733009,Predicted
Serranidae,Rypticus_maculatus,20,FisCep,24.5981449,Benthic,0.384009311,Predicted
Serranidae,Rypticus_nigripinnis,20.3,FisCep,25.67453797,Benthic,0.649496007,Predicted
Serranidae,Rypticus_saponaceus,35,FisCep,26.83257179,Benthic,0.226799891,Predicted
Serranidae,Rypticus_subbifrenatus,18,FisCep,27.1866249,Benthic,0.383869789,Predicted
Serranidae,Sacura_margaritacea,13,Plktiv,23.17621975,Benthopelagic,0.572162608,Predicted
Serranidae,Saloptia_powelli,39,FisCep,27.08737764,Benthic,0.223746741,Predicted
Serranidae,Schultzea_beta,10,FisCep,26.99925429,Benthopelagic,0.660105757,Predicted
Serranidae,Serraniculus_pumilio,7.5,FisCep,26.76387466,Benthic,2.062125286,Predicted
Serranidae,Serranocirrhitus_latus,13,Plktiv,27.92543906,Benthopelagic,0.707439914,Predicted
Serranidae,Serranus_accraensis,20,FisCep,27.01591034,Benthic,0.459725949,Predicted
Serranidae,Serranus_aequidens,20,FisCep,26.10508082,Benthic,0.582365221,Predicted
Serranidae,Serranus_africanus,14,FisCep,27.04515085,Benthic,0.347103494,Predicted
Serranidae,Serranus_annularis,9,FisCep,27.10902545,Benthic,0.417302454,Predicted
Serranidae,Serranus_atricauda,43.2,InvMob,20.89482512,Benthic,0.15150124,Original
Serranidae,Serranus_atrobranchus,19,FisCep,26.81645948,Benthic,0.455904464,Predicted
Serranidae,Serranus_baldwini,12,FisCep,27.05949571,Benthic,0.687034284,Predicted
Serranidae,Serranus_cabrilla,47,FisCep,18.82390976,Benthic,0.070600717,Original
Serranidae,Serranus_chionaraia,5,FisCep,27.50147885,Benthic,2.443971517,Predicted
Serranidae,Serranus_flaviventris,8,FisCep,26.9216375,Benthic,1.72380825,Predicted
Serranidae,Serranus_hepatus,25,InvMob,20.71572065,Benthic,0.056851615,Original
Serranidae,Serranus_luciopercanus,12,FisCep,27.65989469,Benthic,0.911472955,Predicted
Serranidae,Serranus_notospilus,10,FisCep,26.99924561,Benthic,0.612403673,Predicted
Serranidae,Serranus_phoebe,20,FisCep,27.11989808,Benthic,0.4828187,Predicted
Serranidae,Serranus_psittacinus,18,FisCep,25.78599041,Benthic,0.677660343,Predicted
Serranidae,Serranus_scriba,45,InvMob,22.55747623,Benthic,0.074525161,Original
Serranidae,Serranus_subligarius,10,InvMob,24.46590681,Benthic,0.434531624,Original
Serranidae,Serranus_tabacarius,22,FisCep,27.25206047,Benthic,0.441296576,Predicted
Serranidae,Serranus_tigrinus,29,FisCep,27.3597291,Benthic,0.536639353,Predicted
Serranidae,Serranus_tortugarum,8,Plktiv,27.26013067,Benthopelagic,1.499947529,Predicted
Serranidae,Suttonia_lineata,8.1,FisCep,27.78260165,Benthic,1.775108161,Predicted
Serranidae,Suttonia_suttoni,7.8,FisCep,28.06405313,Benthic,1.49517402,Predicted
Serranidae,Trachypoma_macracanthus,22,FisCep,20.22109259,Benthic,0.253320293,Predicted
Serranidae,Variola_albimarginata,65,FisCep,27.94959346,Benthic,0.130147377,Predicted
Serranidae,Zalanthias_kelloggi,12,FisCep,24.06607906,Benthopelagic,1.122174924,Predicted
Siganidae,Siganus_argenteus,40,HerDet,29.19970699,Benthopelagic,0.518688382,Original
Siganidae,Siganus_canaliculatus,30,HerMac,28.10476513,Benthic,1.148273517,Original
Siganidae,Siganus_corallinus,43.8,HerDet,28.00021636,Benthic,0.192738671,Predicted
Siganidae,Siganus_doliatus,31.6,HerDet,28.21228031,Benthic,0.391409781,Predicted
Siganidae,Siganus_fuscescens,40,HerMac,28.81993389,Benthic,0.292765375,Original
Siganidae,Siganus_guttatus,42,HerDet,28.23614943,Benthic,0.189121156,Predicted
Siganidae,Siganus_javus,53,HerMac,28.21936784,Pelagic,0.349808394,Predicted
Siganidae,Siganus_labyrinthodes,25,HerDet,28.89062557,Benthic,0.509537396,Predicted
Siganidae,Siganus_lineatus,43,HerDet,29.19970699,Benthic,0.374786981,Original
Siganidae,Siganus_luridus,30,HerMac,22.95862637,Benthic,0.240542463,Original
Siganidae,Siganus_magnificus,24,HerDet,28.99445,Benthic,0.454973979,Predicted
Siganidae,Siganus_puelloides,31,HerDet,28.68926485,Benthic,0.448447759,Predicted
Siganidae,Siganus_puellus,38,InvSes,28.0368312,Benthic,0.200574384,Predicted
Siganidae,Siganus_punctatissimus,43.6,HerDet,28.09640966,Benthic,0.218861369,Predicted
Siganidae,Siganus_punctatus,40,HerDet,28.0552949,Benthic,0.216818442,Predicted
Siganidae,Siganus_randalli,33.5,HerDet,29.08453077,Benthic,0.382629969,Predicted
Siganidae,Siganus_rivulatus,27,HerMac,22.54970455,Benthic,0.287641017,Original
Siganidae,Siganus_spinus,28,HerDet,27.92039871,Benthic,0.714752189,Predicted
Siganidae,Siganus_stellatus,40,HerDet,28.02485547,Benthic,0.253803784,Predicted
Siganidae,Siganus_sutor,54.4,HerMac,27.20927504,Benthic,0.529334116,Original
Siganidae,Siganus_trispilos,25,HerDet,21.50691481,Benthic,0.187246301,Predicted
Siganidae,Siganus_unimaculatus,20,HerDet,28.22427671,Benthic,0.56836916,Predicted
Siganidae,Siganus_vermiculatus,45,HerMac,27.13541529,Benthic,0.38,Original
Siganidae,Siganus_virgatus,30,HerDet,28.16704684,Benthic,0.66929985,Predicted
Siganidae,Siganus_vulpinus,29.9,HerDet,28.091637,Benthic,0.670589401,Predicted
Solenostomidae,Solenostomus_armatus,5.7,InvMob,27.8569778,Benthic,2.780045043,Predicted
Solenostomidae,Solenostomus_cyanopterus,17,InvMob,27.46942519,Benthic,0.469058179,Predicted
Solenostomidae,Solenostomus_leptosoma,10,InvMob,27.72780312,Benthic,0.866945908,Predicted
Solenostomidae,Solenostomus_paegnius,12,InvMob,28.0352787,Benthic,0.614012706,Predicted
Solenostomidae,Solenostomus_paradoxus,12,InvMob,27.43037246,Benthic,0.634368307,Predicted
Sparidae,Acanthopagrus_arabicus,45.1,InvMob,24.8418421,Benthic,0.199147696,Original
Sparidae,Acanthopagrus_australis,78.3,InvMob,23.00580463,Benthic,0.062771253,Original
Sparidae,Acanthopagrus_berda,90,InvMob,27.42297375,Benthic,0.065274593,Predicted
Sparidae,Acanthopagrus_bifasciatus,32.6,InvMob,28.10476513,Benthic,0.288912073,Original
Sparidae,Acanthopagrus_catenula,36.4,InvMob,26.04189819,Benthic,0.264719094,Predicted
Sparidae,Acanthopagrus_palmaris,40,InvMob,26.7048175,Benthic,0.167645313,Predicted
Sparidae,Acanthopagrus_schlegelii,50,InvMob,19.54769026,Benthic,0.126353048,Predicted
Sparidae,Archosargus_pourtalesii,35.6,Omnivr,24.64045385,Benthopelagic,0.189416322,Predicted
Sparidae,Archosargus_probatocephalus,91,Omnivr,24.1355257,Benthopelagic,0.082763655,Original
Sparidae,Archosargus_rhomboidalis,33,Omnivr,27.49011202,Benthopelagic,0.719644223,Original
Sparidae,Argyrops_filamentosus,70,InvMob,28.51112509,Benthic,0.087296953,Original
Sparidae,Argyrops_spinifer,70,InvMob,28.10476513,Benthic,0.166761476,Original
Sparidae,Argyrozona_argyrozona,90,FisCep,16.84473419,Benthopelagic,0.043678543,Original
Sparidae,Boops_boops,36,Plktiv,21.40501595,Pelagic,0.148761131,Original
Sparidae,Boops_lineatus,25,Omnivr,27.031225,Benthopelagic,0.362263908,Predicted
Sparidae,Boopsoidea_inornata,40,Omnivr,20.56915263,Benthopelagic,0.221391331,Predicted
Sparidae,Calamus_arctifrons,25,InvMob,24.97961852,Benthopelagic,0.301861996,Predicted
Sparidae,Calamus_bajonado,76,InvMob,26.32893703,Benthopelagic,0.120572792,Predicted
Sparidae,Calamus_brachysomus,61,InvMob,25.12067535,Benthopelagic,0.119585663,Predicted
Sparidae,Calamus_calamus,56,InvMob,26.88536032,Benthopelagic,0.111716804,Predicted
Sparidae,Calamus_cervigoni,20,InvMob,27.21090909,Benthopelagic,0.47069036,Predicted
Sparidae,Calamus_leucosteus,46,InvMob,22.44345558,Benthopelagic,0.140948449,Original
Sparidae,Calamus_mu,26.5,InvMob,23.3947,Benthopelagic,0.262789991,Predicted
Sparidae,Calamus_nodosus,54.4,InvMob,24.69118309,Benthopelagic,0.163235022,Original
Sparidae,Calamus_penna,46,InvMob,27.67957464,Benthopelagic,0.506711679,Original
Sparidae,Calamus_pennatula,37,InvMob,26.80756925,Benthopelagic,0.227374864,Predicted
Sparidae,Calamus_proridens,46,InvMob,25.0961628,Benthopelagic,0.137406488,Original
Sparidae,Calamus_taurinus,40,InvMob,24.64045385,Benthopelagic,0.160916486,Predicted
Sparidae,Cheimerius_nufar,75,InvMob,28.51112509,Benthic,0.133441735,Original
Sparidae,Chrysoblephus_anglicus,100,InvMob,24.26913929,Benthic,0.132761935,Predicted
Sparidae,Chrysoblephus_cristiceps,75,InvMob,14.97296119,Benthic,0.073266626,Original
Sparidae,Chrysoblephus_gibbiceps,54.10170078,InvMob,17.77303948,Benthic,0.054254593,Original
Sparidae,Chrysoblephus_laticeps,51.2,InvMob,16.84473419,Benthic,0.107779531,Original
Sparidae,Chrysoblephus_lophus,50,InvMob,24.608216,Benthic,0.149253537,Predicted
Sparidae,Chrysoblephus_puniceus,85,InvMob,23.91870588,Benthic,0.139495839,Predicted
Sparidae,Cymatoceps_nasutus,150,InvMob,16.84473419,Benthic,0.031200548,Original
Sparidae,Dentex_angolensis,37,InvMob,20.14840021,Benthopelagic,0.318319168,Original
Sparidae,Dentex_barnardi,40,InvMob,23.82870645,Benthopelagic,0.166655556,Predicted
Sparidae,Dentex_canariensis,122.7,FisCep,26.85843229,Benthopelagic,0.066885953,Original
Sparidae,Dentex_dentex,100,FisCep,21.40501595,Benthopelagic,0.068824702,Original
Sparidae,Dentex_gibbosus,117.1,InvMob,20.72703733,Benthopelagic,0.102844523,Original
Sparidae,Dentex_macrophthalmus,65,InvMob,20.14840021,Benthopelagic,0.05049962,Original
Sparidae,Dentex_maroccanus,45,InvMob,21.40501595,Benthopelagic,0.09638394,Original
Sparidae,Diplodus_annularis,24,InvMob,21.01102629,Benthopelagic,0.171386203,Original
Sparidae,Diplodus_argenteus,37.8,Omnivr,26.30442642,Benthopelagic,0.172480925,Predicted
Sparidae,Diplodus_bellottii,35.8,InvMob,19.32074594,Benthopelagic,0.157535831,Original
Sparidae,Diplodus_bermudensis,30,Omnivr,23.07035,Benthopelagic,0.275928205,Predicted
Sparidae,Diplodus_cadenati,45,InvMob,21.01102629,Benthopelagic,0.15445738,Original
Sparidae,Diplodus_capensis,45,Omnivr,18.55556107,Benthopelagic,0.148122552,Original
Sparidae,Diplodus_cervinus,55,Omnivr,21.01102629,Benthopelagic,0.188335909,Original
Sparidae,Diplodus_fasciatus,45,InvMob,24.38993077,Benthopelagic,0.128248296,Predicted
Sparidae,Diplodus_holbrookii,46,InvMob,23.818675,Benthopelagic,0.134956226,Predicted
Sparidae,Diplodus_hottentotus,60,InvMob,18.55556107,Benthopelagic,0.080325252,Original
Sparidae,Diplodus_noct,25,InvMob,27.5772359,Benthopelagic,0.378989057,Predicted
Sparidae,Diplodus_prayensis,35,InvMob,24.38993077,Benthopelagic,0.202927396,Predicted
Sparidae,Diplodus_puntazzo,60,Omnivr,21.69787121,Benthopelagic,0.052392641,Original
Sparidae,Diplodus_sargus,45,InvMob,16.53011322,Benthopelagic,0.152305897,Original
Sparidae,Diplodus_vulgaris,45,InvMob,18.66040249,Benthopelagic,0.123160731,Original
Sparidae,Evynnis_cardinalis,40,InvMob,20.7976297,Benthopelagic,0.185797545,Predicted
Sparidae,Gymnocrotaphus_curvidens,50,InvMob,20.11855625,Benthic,0.137840369,Predicted
Sparidae,Lagodon_rhomboides,40,InvMob,24.58071899,Benthopelagic,0.124963907,Original
Sparidae,Lithognathus_aureti,100,InvMob,18.53748611,Benthopelagic,0.096744436,Predicted
Sparidae,Lithognathus_mormyrus,27.5,InvMob,20.09816123,Benthopelagic,0.397358656,Original
Sparidae,Oblada_melanura,34,Plktiv,18.51092262,Pelagic,0.211158515,Original
Sparidae,Pachymetopon_aeneum,60,InvSes,16.84473419,Benthopelagic,0.090043226,Original
Sparidae,Pachymetopon_blochii,54,Omnivr,16.84473419,Benthopelagic,0.107296368,Original
Sparidae,Pachymetopon_grande,74,Omnivr,18.04972458,Benthopelagic,0.066482772,Original
Sparidae,Pagellus_acarne,36,InvMob,18.85703964,Benthopelagic,0.136077766,Predicted
Sparidae,Pagellus_affinis,67,Omnivr,28.51112509,Benthopelagic,0.140730314,Original
Sparidae,Pagellus_bellottii,52.8,Omnivr,26.7891511,Benthopelagic,0.110433498,Original
Sparidae,Pagellus_bogaraveo,70,InvMob,15.93564269,Benthopelagic,0.120084944,Predicted
Sparidae,Pagellus_erythrinus,73.7,Omnivr,18.92903709,Benthopelagic,0.03470908,Original
Sparidae,Pagellus_natalensis,30,InvMob,25.66522824,Benthopelagic,0.496440016,Predicted
Sparidae,Pagrus_africanus,75,InvMob,26.2224,Benthopelagic,0.124908937,Predicted
Sparidae,Pagrus_auratus,120,InvMob,17.67171955,Benthic,0.047197098,Original
Sparidae,Pagrus_auriga,80,InvMob,22.77081633,Benthopelagic,0.106740682,Predicted
Sparidae,Pagrus_caeruleostictus,113.3,InvMob,27.24423275,Benthopelagic,0.038910804,Original
Sparidae,Pagrus_major,123.5,InvMob,18.62682371,Benthic,0.046394847,Original
Sparidae,Pagrus_pagrus,91,InvMob,21.19930458,Benthopelagic,0.06097049,Original
Sparidae,Polyamblyodon_germanum,45,Omnivr,23.25525294,Benthic,0.114611474,Predicted
Sparidae,Polyamblyodon_gibbosum,60,InvMob,25.45648605,Benthic,0.106263776,Predicted
Sparidae,Polysteganus_coeruleopunctatus,60,FisCep,26.91959889,Benthic,0.135464893,Predicted
Sparidae,Polysteganus_praeorbitalis,90,FisCep,24.26913929,Benthic,0.103863233,Predicted
Sparidae,Polysteganus_undulosus,120,FisCep,18.55556107,Benthopelagic,0.156370649,Original
Sparidae,Porcostoma_dentata,36,InvMob,24.7153625,Pelagic,0.232573923,Predicted
Sparidae,Pterogymnus_laniarius,45,InvMob,19.70295263,Benthic,0.075488353,Predicted
Sparidae,Rhabdosargus_haffara,35,InvMob,27.51392982,Benthic,0.259068866,Predicted
Sparidae,Rhabdosargus_holubi,40,InvMob,21.24985938,Benthic,0.160767717,Predicted
Sparidae,Rhabdosargus_sarba,80,InvMob,28.10476513,Benthic,0.09134753,Original
Sparidae,Sarpa_salpa,59.5,HerDet,21.01102629,Pelagic,0.126147755,Original
Sparidae,Sparidentex_belayewi,19.3,InvMob,26.78928462,Benthic,0.505374937,Predicted
Sparidae,Sparodon_durbanensis,120,InvMob,18.04972458,Benthic,0.070007024,Original
Sparidae,Sparus_aurata,70,InvMob,16.7906168,Benthopelagic,0.142429064,Original
Sparidae,Spondyliosoma_cantharus,71.4,InvMob,19.32074594,Benthopelagic,0.080153896,Original
Sparidae,Spondyliosoma_emarginatum,45,InvMob,20.017404,Benthopelagic,0.119081947,Predicted
Sparidae,Stenotomus_caprinus,30,InvMob,24.75922192,Benthopelagic,0.353696584,Predicted
Sparidae,Stenotomus_chrysops,46,InvMob,15.434824,Benthopelagic,0.13517508,Predicted
Sparidae,Virididentex_acromegalus,52,InvMob,24.38993077,Pelagic,0.179635459,Predicted
Sphyraenidae,Sphyraena_acutipinnis,80,FisCep,27.99282951,Pelagic,0.189481938,Predicted
Sphyraenidae,Sphyraena_afra,205,FisCep,26.88415484,Pelagic,0.109570896,Predicted
Sphyraenidae,Sphyraena_barracuda,200,FisCep,24.73517942,Pelagic,0.079299679,Original
Sphyraenidae,Sphyraena_borealis,46,FisCep,24.0766716,Pelagic,0.201856986,Predicted
Sphyraenidae,Sphyraena_flavicauda,60,FisCep,22.55747623,Pelagic,0.1527798,Original
Sphyraenidae,Sphyraena_forsteri,75,FisCep,28.01186623,Pelagic,0.172718287,Predicted
Sphyraenidae,Sphyraena_guachancho,200,FisCep,25.75306907,Pelagic,0.12652486,Predicted
Sphyraenidae,Sphyraena_helleri,80,FisCep,27.66567314,Pelagic,0.197324055,Predicted
Sphyraenidae,Sphyraena_idiastes,91,FisCep,23.32804286,Pelagic,0.142148593,Predicted
Sphyraenidae,Sphyraena_jello,150,FisCep,28.51112509,Pelagic,0.122680262,Original
Sphyraenidae,Sphyraena_novaehollandiae,100,FisCep,20.08060138,Pelagic,0.223858382,Predicted
Sphyraenidae,Sphyraena_obtusata,55,FisCep,28.68526936,Pelagic,0.247927055,Original
Sphyraenidae,Sphyraena_picudilla,61,FisCep,26.80096167,Pelagic,0.170947045,Predicted
Sphyraenidae,Sphyraena_pinguis,50,FisCep,22.46329594,Pelagic,0.18417178,Original
Sphyraenidae,Sphyraena_putnamae,90,FisCep,24.53452852,Pelagic,0.284535226,Original
Sphyraenidae,Sphyraena_qenie,170,FisCep,28.18627346,Pelagic,0.1173132,Predicted
Sphyraenidae,Sphyraena_sphyraena,165,FisCep,22.55747623,Pelagic,0.011111503,Original
Sphyraenidae,Sphyraena_viridensis,71.4,FisCep,22.55747623,Pelagic,0.190661568,Original
Syngnathidae,Acentronura_breviperula,5,InvMob,28.11859246,Benthic,2.540410657,Predicted
Syngnathidae,Acentronura_tentaculata,6.3,InvMob,27.85696937,Benthic,2.567250285,Predicted
Syngnathidae,Amphelikturus_dendriticus,7.5,InvMob,26.4587,Benthic,2.025235916,Predicted
Syngnathidae,Anarchopterus_tectus,12.5,InvMob,27.02401174,Benthic,0.624339173,Predicted
Syngnathidae,Apterygocampus_epinnulatus,3,InvMob,28.86036387,Benthic,8.50972455,Predicted
Syngnathidae,Bhanotia_nuda,7,InvMob,29.01846789,Benthic,1.67575762,Predicted
Syngnathidae,Bhanotia_pauciradiata,3.21,InvMob,28.78738904,Benthic,7.132753415,Predicted
Syngnathidae,Bryx_randalli,10,Plktiv,27.75905952,Benthic,0.804026237,Predicted
Syngnathidae,Bryx_veleronis,6,Plktiv,26.67909459,Benthic,2.696117256,Predicted
Syngnathidae,Bulbonaricus_brauni,5.5,InvMob,28.49128225,Benthic,2.2407422,Predicted
Syngnathidae,Bulbonaricus_davaoensis,4.3,InvMob,27.89856986,Benthic,3.467293903,Predicted
Syngnathidae,Campichthys_tricarinatus,4.4,InvMob,27.63878464,Benthic,2.799494027,Predicted
Syngnathidae,Choeroichthys_brachysoma,7,InvMob,28.11303993,Benthic,2.052834768,Predicted
Syngnathidae,Choeroichthys_cinctus,8,InvMob,28.12822468,Benthic,1.690341141,Predicted
Syngnathidae,Choeroichthys_sculptus,8.5,InvMob,27.95892174,Benthic,0.461817351,Predicted
Syngnathidae,Choeroichthys_suillus,6.75,InvMob,25.37793375,Benthic,1.451891968,Predicted
Syngnathidae,Corythoichthys_amplexus,10,InvMob,27.91532933,Benthic,0.823915586,Predicted
Syngnathidae,Corythoichthys_flavofasciatus,12,InvMob,27.83613409,Benthic,1.09994579,Predicted
Syngnathidae,Corythoichthys_haematopterus,19.8,InvMob,28.12580573,Benthic,0.760724968,Predicted
Syngnathidae,Corythoichthys_insularis,10,InvMob,27.64990741,Benthic,0.818167122,Predicted
Syngnathidae,Corythoichthys_intestinalis,16.7,InvMob,28.24346209,Benthic,0.559322031,Predicted
Syngnathidae,Corythoichthys_nigripectus,11,InvMob,28.1086116,Benthic,0.7296717,Predicted
Syngnathidae,Corythoichthys_ocellatus,10.3,InvMob,28.36765213,Benthic,0.869095785,Predicted
Syngnathidae,Corythoichthys_polynotatus,16,InvMob,28.8481922,Benthic,0.554235008,Predicted
Syngnathidae,Corythoichthys_schultzi,16,InvMob,27.78230256,Benthic,0.504527312,Predicted
Syngnathidae,Cosmocampus_albirostris,20,InvMob,27.04233575,Benthic,0.488133055,Predicted
Syngnathidae,Cosmocampus_arctus,12,InvMob,20.81951379,Benthic,0.773190221,Predicted
Syngnathidae,Cosmocampus_banneri,5.8,InvMob,27.96807166,Benthic,2.032992435,Predicted
Syngnathidae,Cosmocampus_brachycephalus,10,InvMob,27.39783457,Benthic,0.543194191,Predicted
Syngnathidae,Cosmocampus_darrosanus,7.4,InvMob,28.15360262,Benthic,1.955255334,Predicted
Syngnathidae,Cosmocampus_elucens,15,InvMob,26.91352917,Benthic,0.484928068,Predicted
Syngnathidae,Cosmocampus_investigatoris,7.15,InvMob,28.11127712,Benthic,2.049723182,Predicted
Syngnathidae,Cosmocampus_maxweberi,10,InvMob,27.84857799,Benthic,0.921820969,Predicted
Syngnathidae,Doryrhamphus_excisus,7,InvMob,27.77021625,Benthic,1.988198208,Predicted
Syngnathidae,Doryrhamphus_janssi,14,InvMob,28.29697832,Benthic,0.526725429,Predicted
Syngnathidae,Doryrhamphus_japonicus,8.5,InvMob,27.62728227,Benthic,0.531295523,Predicted
Syngnathidae,Doryrhamphus_negrosensis,4.7,InvMob,28.55411116,Benthic,2.427437083,Predicted
Syngnathidae,Dunckerocampus_baldwini,14,InvMob,25.36435,Benthic,0.386600551,Predicted
Syngnathidae,Dunckerocampus_boylei,16,InvMob,27.42297072,Benthic,0.308983781,Predicted
Syngnathidae,Dunckerocampus_dactyliophorus,19,InvMob,27.91597457,Benthic,0.700074563,Predicted
Syngnathidae,Dunckerocampus_multiannulatus,19,InvMob,27.38328109,Benthic,0.443946519,Predicted
Syngnathidae,Dunckerocampus_pessuliferus,16,InvMob,27.83050391,Benthic,0.661206944,Predicted
Syngnathidae,Festucalex_erythraeus,8.2,InvMob,27.22888922,Benthic,1.277871964,Predicted
Syngnathidae,Festucalex_gibbsi,8,InvMob,28.11967306,Benthic,1.753918317,Predicted
Syngnathidae,Festucalex_kulbickii,6.35,InvMob,27.73664722,Benthic,2.294541879,Predicted
Syngnathidae,Festucalex_prolixus,3.6,InvMob,28.78732446,Benthic,7.1071317,Predicted
Syngnathidae,Festucalex_wassi,7.4,InvMob,26.33315851,Benthic,2.511129892,Predicted
Syngnathidae,Filicampus_tigris,29.6,InvMob,23.36288907,Benthic,0.204478472,Predicted
Syngnathidae,Halicampus_boothae,17.5,InvMob,26.74530075,Benthic,0.505028643,Predicted
Syngnathidae,Halicampus_brocki,12,InvMob,28.29215246,Benthic,0.818017048,Predicted
Syngnathidae,Halicampus_dunckeri,15,InvMob,27.94901414,Benthic,0.560298156,Predicted
Syngnathidae,Halicampus_grayi,20,InvMob,27.76640329,Benthic,0.599170425,Predicted
Syngnathidae,Halicampus_macrorhynchus,18,InvMob,27.90122997,Benthic,0.605291506,Predicted
Syngnathidae,Halicampus_mataafae,14,InvMob,27.79940241,Benthic,0.499080882,Predicted
Syngnathidae,Halicampus_nitidus,7.3,InvMob,28.16074692,Benthic,1.987012486,Predicted
Syngnathidae,Halicampus_spinirostris,12,InvMob,27.66170777,Benthic,0.969280008,Predicted
Syngnathidae,Haliichthys_taeniophorus,30,InvMob,27.9833748,Benthic,0.463919731,Predicted
Syngnathidae,Heraldia_nocturna,9.2,Plktiv,18.38805222,Benthic,0.348428996,Predicted
Syngnathidae,Hippocampus_abdominalis,35,Plktiv,16.46325542,Benthic,0.094547205,Predicted
Syngnathidae,Hippocampus_algiricus,19.2,Plktiv,27.20649388,Benthic,0.435209227,Predicted
Syngnathidae,Hippocampus_angustus,22,Plktiv,27.56808757,Benthic,0.498576355,Predicted
Syngnathidae,Hippocampus_barbouri,15,Plktiv,28.80941855,Benthic,0.753899823,Predicted
Syngnathidae,Hippocampus_bargibanti,2.4,Plktiv,28.21627158,Benthic,9.268674472,Predicted
Syngnathidae,Hippocampus_biocellatus,10.8,Plktiv,21.7719,Benthic,0.488501311,Predicted
Syngnathidae,Hippocampus_colemani,2.65,Plktiv,27.23715604,Benthic,6.877294363,Predicted
Syngnathidae,Hippocampus_comes,18.7,Plktiv,28.80188057,Benthic,0.712373083,Predicted
Syngnathidae,Hippocampus_denise,2.15,Plktiv,28.59609483,Benthic,9.072128253,Predicted
Syngnathidae,Hippocampus_erectus,19,Plktiv,24.09111887,Benthic,0.428793026,Predicted
Syngnathidae,Hippocampus_fuscus,14.4,Plktiv,27.62772232,Benthic,0.460132921,Predicted
Syngnathidae,Hippocampus_guttulatus,21.5,Plktiv,18.75285721,Benthic,0.217686815,Predicted
Syngnathidae,Hippocampus_hippocampus,15,Plktiv,19.32015189,Benthic,0.505142838,Predicted
Syngnathidae,Hippocampus_histrix,17,Plktiv,27.72749356,Benthic,0.578350314,Predicted
Syngnathidae,Hippocampus_ingens,30,Plktiv,24.860058,Benthic,0.325673525,Predicted
Syngnathidae,Hippocampus_jayakari,14,Plktiv,26.87497874,Benthic,0.41840349,Predicted
Syngnathidae,Hippocampus_kuda,30,Plktiv,27.38386991,Benthic,0.433312946,Predicted
Syngnathidae,Hippocampus_minotaur,5,Plktiv,16.96362857,Benthic,0.94693827,Predicted
Syngnathidae,Hippocampus_pontohi,1.69,Plktiv,28.13755125,Benthic,10.34134429,Predicted
Syngnathidae,Hippocampus_queenslandicus,11.6,Plktiv,26.48431802,Benthic,1.07002214,Predicted
Syngnathidae,Hippocampus_reidi,17.5,Plktiv,27.10735917,Benthic,0.421249133,Predicted
Syngnathidae,Hippocampus_satomiae,1.38,Plktiv,28.77158235,Benthic,9.847529031,Predicted
Syngnathidae,Hippocampus_sindonis,10.83,Plktiv,19.17120476,Benthic,0.553239748,Predicted
Syngnathidae,Hippocampus_spinosissimus,17.2,Plktiv,28.12740955,Benthic,0.648306675,Predicted
Syngnathidae,Hippocampus_subelongatus,20,Plktiv,20.93014,Benthic,0.339642416,Predicted
Syngnathidae,Hippocampus_trimaculatus,22,Plktiv,27.90082341,Benthic,0.582037451,Predicted
Syngnathidae,Hippocampus_whitei,13,Plktiv,25.62866585,Benthic,0.860149857,Predicted
Syngnathidae,Hippocampus_zebra,8,Plktiv,26.32271,Benthic,2.65345563,Predicted
Syngnathidae,Hippocampus_zosterae,5,Plktiv,26.10562154,Benthic,3.519112659,Predicted
Syngnathidae,Histiogamphelus_briggsii,22.5,Plktiv,18.16628451,Benthic,0.200985277,Predicted
Syngnathidae,Idiotropiscis_lumnitzeri,5.52,InvMob,21.3992,Benthic,0.855362141,Predicted
Syngnathidae,Micrognathus_andersonii,8.5,InvMob,27.81655024,Benthic,0.644996846,Predicted
Syngnathidae,Micrognathus_brevirostris,67.5,InvMob,27.28313188,Benthic,0.118512723,Predicted
Syngnathidae,Micrognathus_crinitus,15,InvMob,27.19664439,Benthic,0.359497108,Predicted
Syngnathidae,Micrognathus_micronotopterus,5.7,InvMob,28.29597478,Benthic,2.11358771,Predicted
Syngnathidae,Micrognathus_natans,6,InvMob,28.16077766,Benthic,2.449981783,Predicted
Syngnathidae,Microphis_aculeatus,20,InvMob,27.01893214,Benthic,0.488064972,Predicted
Syngnathidae,Microphis_brachyurus,22,InvMob,27.81756008,Benthic,0.720742521,Predicted
Syngnathidae,Minyichthys_brachyrhinus,4.6,InvMob,28.33824968,Benthic,2.035080504,Predicted
Syngnathidae,Minyichthys_myersi,6,InvMob,28.43413011,Benthic,2.234455464,Predicted
Syngnathidae,Minyichthys_sentus,6,InvMob,19.84162143,Benthic,0.651076667,Predicted
Syngnathidae,Nannocampus_elegans,12,InvMob,23.85612727,Benthic,0.85207406,Predicted
Syngnathidae,Nannocampus_pictus,10,InvMob,27.74395221,Benthic,0.860589298,Predicted
Syngnathidae,Nannocampus_subosseus,9.05,InvMob,19.61238,Benthic,0.304408613,Predicted
Syngnathidae,Nerophis_ophidion,29,InvMob,26.83520699,Benthic,1.171551817,Original
Syngnathidae,Penetopteryx_taeniocephalus,7.25,InvMob,27.7127231,Benthic,2.089416187,Predicted
Syngnathidae,Phoxocampus_belcheri,7.2,InvMob,27.7478281,Benthic,1.994709824,Predicted
Syngnathidae,Phoxocampus_diacanthus,8.7,InvMob,27.99813659,Benthic,0.429628321,Predicted
Syngnathidae,Phoxocampus_tetrophthalmus,8,InvMob,28.32837865,Benthic,1.33561136,Predicted
Syngnathidae,Phycodurus_eques,35,InvMob,17.696,Benthic,0.115314798,Predicted
Syngnathidae,Phyllopteryx_taeniolatus,46,InvMob,20.41656994,Benthic,0.952810824,Original
Syngnathidae,Siokunichthys_bentuviai,6.1,InvMob,28.8534099,Benthic,2.641636348,Predicted
Syngnathidae,Siokunichthys_breviceps,15,InvMob,28.07344115,Benthic,0.464939793,Predicted
Syngnathidae,Siokunichthys_herrei,7.6,InvMob,27.95722949,Benthic,1.531521399,Predicted
Syngnathidae,Siokunichthys_nigrolineatus,8,InvMob,28.84743821,Benthic,1.992983699,Predicted
Syngnathidae,Solegnathus_dunckeri,50,InvMob,24.01126032,Benthic,0.163736101,Predicted
Syngnathidae,Solegnathus_hardwickii,40,InvMob,26.97749677,Benthic,0.171368136,Predicted
Syngnathidae,Syngnathoides_biaculeatus,29,InvMob,27.49705323,Benthic,0.832108131,Original
Syngnathidae,Syngnathus_acus,50,InvMob,17.89800441,Benthic,0.113706441,Predicted
Syngnathidae,Syngnathus_caribbaeus,22.5,InvMob,27.54865034,Benthic,0.516185642,Predicted
Syngnathidae,Syngnathus_floridae,26,InvMob,26.76404491,Benthic,0.472618261,Predicted
Syngnathidae,Syngnathus_fuscus,33,InvMob,13.55872609,Benthic,0.167650262,Predicted
Syngnathidae,Syngnathus_louisianae,38,InvMob,25.68149405,Benthic,0.195090267,Predicted
Syngnathidae,Syngnathus_pelagicus,18.1,InvMob,26.1086701,Benthic,0.611793393,Predicted
Syngnathidae,Syngnathus_scovelli,18.3,InvMob,26.68174723,Benthic,0.504071282,Predicted
Syngnathidae,Syngnathus_springeri,38,InvMob,26.33590909,Benthic,0.144248635,Predicted
Syngnathidae,Syngnathus_typhle,35,InvMob,26.83520699,Benthic,0.281177631,Original
Syngnathidae,Trachyrhamphus_bicoarctatus,40,InvMob,28.01219224,Benthic,0.197288589,Predicted
Syngnathidae,Trachyrhamphus_longirostris,40,InvMob,27.84908809,Benthic,0.258894762,Predicted
Syngnathidae,Trachyrhamphus_serratus,30,InvMob,27.77081804,Benthic,0.443460197,Predicted
Syngnathidae,Vanacampus_margaritifer,15.85,InvMob,19.231325,Benthic,0.367706237,Predicted
Synodontidae,Saurida_brasiliensis,25,FisCep,26.88784721,Benthic,0.393894,Predicted
Synodontidae,Saurida_caribbaea,18,FisCep,26.46373627,Benthic,0.491755357,Predicted
Synodontidae,Saurida_flamma,30.5,FisCep,26.63988846,Benthic,0.325439262,Predicted
Synodontidae,Saurida_gracilis,36.2,FisCep,27.68522511,Benthic,0.319888621,Predicted
Synodontidae,Saurida_nebulosa,16.5,FisCep,27.84023521,Benthic,0.688276116,Predicted
Synodontidae,Saurida_normani,45,FisCep,26.82882886,Benthic,0.162058033,Predicted
Synodontidae,Saurida_suspicio,9,FisCep,27.62840973,Benthic,0.507822373,Predicted
Synodontidae,Saurida_tumbil,60,FisCep,27.55710869,Benthic,0.128564166,Predicted
Synodontidae,Saurida_undosquamis,50,FisCep,27.93679612,Benthic,0.237213617,Predicted
Synodontidae,Synodus_binotatus,18,FisCep,27.94989883,Benthic,0.591369106,Predicted
Synodontidae,Synodus_capricornis,21,FisCep,26.80505924,Benthic,0.409904366,Predicted
Synodontidae,Synodus_dermatogenys,24,FisCep,27.59440085,Benthic,0.447469643,Predicted
Synodontidae,Synodus_doaki,28,FisCep,26.0199609,Benthic,0.510474905,Predicted
Synodontidae,Synodus_falcatus,14.5,FisCep,25.02812857,Benthic,0.378318153,Predicted
Synodontidae,Synodus_foetens,48.3,FisCep,26.45533275,Benthic,0.193701093,Predicted
Synodontidae,Synodus_hoshinonis,26,FisCep,27.56986143,Benthic,0.53368192,Predicted
Synodontidae,Synodus_indicus,33,FisCep,27.35994418,Benthic,0.419602904,Predicted
Synodontidae,Synodus_intermedius,46,FisCep,26.52816273,Benthic,0.190778624,Predicted
Synodontidae,Synodus_jaculum,20,FisCep,27.80879904,Benthic,0.52822069,Predicted
Synodontidae,Synodus_kaianus,30,FisCep,27.10185633,Benthic,0.47846112,Predicted
Synodontidae,Synodus_lacertinus,20,FisCep,26.170375,Benthic,0.574418626,Predicted
Synodontidae,Synodus_lucioceps,64,FisCep,21.96506512,Benthic,0.106550473,Predicted
Synodontidae,Synodus_macrocephalus,7.8,FisCep,28.01929379,Benthic,1.481190169,Predicted
Synodontidae,Synodus_macrops,20,FisCep,27.14452645,Benthic,0.509143538,Predicted
Synodontidae,Synodus_myops,40,FisCep,26.93147593,Benthic,0.252478061,Original
Synodontidae,Synodus_oculeus,18.31,FisCep,27.86905458,Benthic,0.718360584,Predicted
Synodontidae,Synodus_poeyi,25,FisCep,26.87043267,Benthic,0.391360458,Predicted
Synodontidae,Synodus_randalli,11.3,FisCep,27.96752632,Benthic,0.655775426,Predicted
Synodontidae,Synodus_rubromarmoratus,20,FisCep,27.88468353,Benthic,0.738489586,Predicted
Synodontidae,Synodus_sageneus,26,FisCep,27.77701563,Benthic,0.554769857,Predicted
Synodontidae,Synodus_saurus,40,FisCep,21.68968226,Benthic,0.133525143,Predicted
Synodontidae,Synodus_similis,18,FisCep,25.71201926,Benthic,0.693359759,Predicted
Synodontidae,Synodus_synodus,43,FisCep,26.56938983,Benthic,0.188695547,Predicted
Synodontidae,Synodus_ulae,30,FisCep,27.25988475,Benthic,0.464160901,Predicted
Synodontidae,Synodus_variegatus,40,FisCep,28.85118227,Benthic,0.191749964,Original
Tetraodontidae,Amblyrhynchotes_honckenii,30,InvMob,25.17047525,Benthic,0.414281184,Predicted
Tetraodontidae,Arothron_caeruleopunctatus,80,InvMob,28.39922288,Benthic,0.152869498,Predicted
Tetraodontidae,Arothron_diadematus,30,InvSes,27.5772359,Benthic,0.446458214,Predicted
Tetraodontidae,Arothron_firmamentum,35,InvMob,19.09410047,Benthic,0.13656268,Predicted
Tetraodontidae,Arothron_hispidus,50,InvMob,27.4953661,Benthic,0.137091158,Predicted
Tetraodontidae,Arothron_immaculatus,30,Omnivr,27.57631494,Benthic,0.439605944,Predicted
Tetraodontidae,Arothron_inconditus,40,InvMob,22.051975,Benthic,0.140417325,Predicted
Tetraodontidae,Arothron_manilensis,31,InvMob,27.78781906,Benthic,0.34029231,Predicted
Tetraodontidae,Arothron_mappa,65,Omnivr,27.93861745,Benthic,0.087354637,Predicted
Tetraodontidae,Arothron_meleagris,50,InvSes,27.25912173,Benthic,0.21796716,Predicted
Tetraodontidae,Arothron_nigropunctatus,33,InvSes,27.86818159,Benthic,0.560138861,Predicted
Tetraodontidae,Arothron_reticularis,45,Omnivr,28.04157447,Benthic,0.122791235,Predicted
Tetraodontidae,Arothron_stellatus,120,InvMob,27.65128005,Benthopelagic,0.068238873,Predicted
Tetraodontidae,Canthigaster_amboinensis,15,Omnivr,27.70217022,Benthic,0.601153718,Predicted
Tetraodontidae,Canthigaster_axiologus,12.47606078,InvMob,27.7979786,Benthic,0.757590596,Predicted
Tetraodontidae,Canthigaster_bennetti,10,Omnivr,27.64170645,Benthic,0.652876271,Predicted
Tetraodontidae,Canthigaster_callisterna,23,Omnivr,22.05029828,Benthic,0.246099435,Predicted
Tetraodontidae,Canthigaster_compressa,12,Omnivr,28.26737894,Benthic,0.63499656,Predicted
Tetraodontidae,Canthigaster_coronata,11,Omnivr,24.95786304,Benthic,0.511189205,Predicted
Tetraodontidae,Canthigaster_criobe,3.87,Omnivr,25.25,Benthic,5.532714087,Predicted
Tetraodontidae,Canthigaster_cyanetron,7.1,Omnivr,22.61315,Benthic,0.776146436,Predicted
Tetraodontidae,Canthigaster_cyanospilota,10.4,Omnivr,27.61416981,Benthic,0.646088877,Predicted
Tetraodontidae,Canthigaster_epilampra,12,Omnivr,27.99759474,Benthic,0.575533085,Predicted
Tetraodontidae,Canthigaster_figueiredoi,12,Omnivr,26.62858944,Benthopelagic,0.938623961,Predicted
Tetraodontidae,Canthigaster_inframacula,7.6,Omnivr,22.709,Benthic,0.740492826,Predicted
Tetraodontidae,Canthigaster_jactator,9,Omnivr,24.8945766,Benthic,0.435067741,Predicted
Tetraodontidae,Canthigaster_jamestyleri,8.52,Omnivr,26.39002444,Benthic,0.690561975,Predicted
Tetraodontidae,Canthigaster_janthinoptera,9,Omnivr,27.69499628,Benthic,0.484065601,Predicted
Tetraodontidae,Canthigaster_leoparda,7.5,Omnivr,28.55749737,Benthic,1.474852003,Predicted
Tetraodontidae,Canthigaster_margaritata,31.2,Omnivr,27.5772359,Benthic,0.31424625,Predicted
Tetraodontidae,Canthigaster_marquesensis,7.1,Omnivr,27.983075,Benthic,1.416144716,Predicted
Tetraodontidae,Canthigaster_natalensis,8.6,Omnivr,25.89131707,Benthic,0.669961015,Predicted
Tetraodontidae,Canthigaster_ocellicincta,7.5,Omnivr,28.06155753,Benthic,1.246933414,Predicted
Tetraodontidae,Canthigaster_papua,12.8,Omnivr,28.56145778,Benthic,0.667373536,Predicted
Tetraodontidae,Canthigaster_petersii,9,Omnivr,27.59013618,Benthic,0.440236536,Predicted
Tetraodontidae,Canthigaster_punctatissima,9,Omnivr,26.99515918,Benthic,0.337918612,Predicted
Tetraodontidae,Canthigaster_pygmaea,5.6,Omnivr,27.5772359,Benthic,2.096580483,Predicted
Tetraodontidae,Canthigaster_rapaensis,7.8,Omnivr,23.45423,Benthic,0.75695428,Predicted
Tetraodontidae,Canthigaster_rivulata,18,Omnivr,25.16034118,Benthic,0.51556732,Predicted
Tetraodontidae,Canthigaster_rostrata,12,Omnivr,26.75475139,Benthopelagic,0.886251349,Predicted
Tetraodontidae,Canthigaster_sanctaehelenae,6.71,Omnivr,24.23671667,Benthopelagic,1.609570458,Predicted
Tetraodontidae,Canthigaster_smithae,13,Omnivr,27.48016473,Benthic,0.61888205,Predicted
Tetraodontidae,Canthigaster_solandri,11.5,Omnivr,27.72017731,Benthic,0.869525221,Predicted
Tetraodontidae,Canthigaster_supramacula,3.9,Omnivr,26.22022286,Benthopelagic,8.011542137,Predicted
Tetraodontidae,Canthigaster_tyleri,9,Omnivr,28.27372534,Benthic,0.393855733,Predicted
Tetraodontidae,Canthigaster_valentini,11,Omnivr,27.62211425,Benthic,0.520934475,Predicted
Tetraodontidae,Chelonodon_laticeps,20,Omnivr,26.25814255,Benthic,0.558122616,Predicted
Tetraodontidae,Chelonodon_patoca,38,Omnivr,28.15213621,Benthic,0.23716241,Predicted
Tetraodontidae,Chelonodon_pleurospilus,20,Omnivr,22.81592,Benthic,0.303959758,Predicted
Tetraodontidae,Ephippion_guttifer,80,InvMob,24.22059762,Benthopelagic,0.155507037,Predicted
Tetraodontidae,Feroxodon_multistriatus,39,InvMob,27.7678,Benthic,0.200499094,Predicted
Tetraodontidae,Guentheridia_formosa,26,InvMob,27.21288529,Benthic,0.488506984,Predicted
Tetraodontidae,Lagocephalus_lunaris,45,InvMob,27.48412047,Benthopelagic,0.125044435,Predicted
Tetraodontidae,Lagocephalus_sceleratus,121.1,InvMob,22.91441746,Benthopelagic,0.081971867,Original
Tetraodontidae,Lagocephalus_spadiceus,34,InvMob,22.8473681,Benthopelagic,0.241046375,Original
Tetraodontidae,Omegophora_armilla,25,InvMob,17.57015,Benthic,0.186423403,Predicted
Tetraodontidae,Omegophora_cyanopunctata,18,InvMob,17.87461892,Benthic,0.278387091,Predicted
Tetraodontidae,Sphoeroides_angusticeps,25,InvMob,25.62222,Benthic,0.484241962,Predicted
Tetraodontidae,Sphoeroides_annulatus,44,Omnivr,24.13539247,Benthic,0.126450371,Predicted
Tetraodontidae,Sphoeroides_dorsalis,20,InvMob,26.84058859,Benthopelagic,0.499830933,Predicted
Tetraodontidae,Sphoeroides_greeleyi,18,InvMob,27.26240814,Benthopelagic,0.414864973,Predicted
Tetraodontidae,Sphoeroides_lobatus,25,InvMob,23.91670116,Benthic,0.285139658,Predicted
Tetraodontidae,Sphoeroides_marmoratus,20,InvMob,23.44800378,Benthopelagic,0.329416372,Predicted
Tetraodontidae,Sphoeroides_nephelus,30,InvMob,27.05581173,Benthopelagic,0.399319195,Predicted
Tetraodontidae,Sphoeroides_pachygaster,40.5,InvMob,25.79959224,Benthic,0.206108661,Predicted
Tetraodontidae,Sphoeroides_spengleri,30,InvMob,26.03865074,Benthopelagic,0.429698231,Predicted
Tetraodontidae,Sphoeroides_testudineus,30,InvSes,27.03353767,Benthopelagic,0.625933872,Original
Tetraodontidae,Takifugu_bimaculatus,30,InvMob,21.17225604,Benthic,0.197070178,Predicted
Tetraodontidae,Takifugu_poecilonotus,20,InvMob,21.05794673,Benthic,0.290255408,Predicted
Tetraodontidae,Takifugu_xanthopterus,50,InvMob,19.72019697,Benthic,0.118770613,Predicted
Tetraodontidae,Torquigener_flavimaculosus,16,InvMob,27.15988634,Benthopelagic,0.392124567,Predicted
Trichonotidae,Trichonotus_arabicus,14.5,Plktiv,27.70494483,Benthopelagic,0.546712169,Predicted
Trichonotidae,Trichonotus_elegans,18,Plktiv,27.83725367,Benthopelagic,0.689387563,Predicted
Trichonotidae,Trichonotus_filamentosus,15,Plktiv,27.51455231,Benthopelagic,0.467435773,Predicted
Trichonotidae,Trichonotus_halstead,15,Plktiv,28.73720675,Benthopelagic,0.501084192,Predicted
Trichonotidae,Trichonotus_setiger,22,Plktiv,27.85172203,Benthopelagic,0.677659158,Predicted
Tripterygiidae,Acanthanectes_hystrix,3.5,InvMob,20.27135,Benthic,2.794014823,Predicted
Tripterygiidae,Acanthanectes_rufus,3.55,InvMob,19.64099231,Benthic,2.257158031,Predicted
Tripterygiidae,Axoclinus_cocoensis,3.5,InvMob,28.129375,Benthic,8.154236025,Predicted
Tripterygiidae,Axoclinus_lucillae,3,InvMob,27.977344,Benthic,7.121358125,Predicted
Tripterygiidae,Axoclinus_multicinctus,3,InvMob,26.08778571,Benthic,9.176594676,Predicted
Tripterygiidae,Axoclinus_nigricaudus,4.5,InvMob,23.29064667,Benthic,1.17149096,Predicted
Tripterygiidae,Axoclinus_rubinoffi,3.5,InvMob,27.28788333,Benthic,6.298669151,Predicted
Tripterygiidae,Ceratobregma_acanthops,3.87,Omnivr,26.15899143,Benthic,8.402859986,Predicted
Tripterygiidae,Ceratobregma_helenae,3.5,Omnivr,28.26964394,Benthic,7.095005848,Predicted
Tripterygiidae,Cremnochorites_capensis,8,InvMob,19.25246364,Benthic,0.708629671,Predicted
Tripterygiidae,Crocodilichthys_gracilis,6.4,Omnivr,23.55519375,Benthic,0.881201522,Predicted
Tripterygiidae,Enneanectes_altivelis,4,InvMob,27.4995424,Benthic,6.367855072,Predicted
Tripterygiidae,Enneanectes_atrorus,3.3,InvMob,27.53827076,Benthic,7.913485494,Predicted
Tripterygiidae,Enneanectes_boehlkei,4,InvMob,27.43044013,Benthic,4.919237406,Predicted
Tripterygiidae,Enneanectes_carminalis,3,InvMob,26.52388,Benthic,8.22296354,Predicted
Tripterygiidae,Enneanectes_deloachorum,2.16,InvMob,27.35794828,Benthic,7.836811831,Predicted
Tripterygiidae,Enneanectes_exsul,3.2,InvMob,26.86805,Benthic,7.2124085,Predicted
Tripterygiidae,Enneanectes_glendae,3.05,InvMob,26.74525,Benthic,7.762610909,Predicted
Tripterygiidae,Enneanectes_jordani,4,InvMob,27.1454303,Benthic,5.752604511,Predicted
Tripterygiidae,Enneanectes_macrops,4.3,InvMob,27.31279444,Benthic,2.774961597,Predicted
Tripterygiidae,Enneanectes_matador,2.1,InvMob,27.53705088,Benthic,9.312161784,Predicted
Tripterygiidae,Enneanectes_reticulatus,4.9,InvMob,22.80623043,Benthic,1.037822255,Predicted
Tripterygiidae,Enneanectes_smithi,2.98,InvMob,27.61827,Benthic,7.512014059,Predicted
Tripterygiidae,Enneanectes_wilki,1.67,InvMob,27.55967692,Benthic,9.334397503,Predicted
Tripterygiidae,Enneapterygius_abeli,2.5,Omnivr,27.00222632,Benthic,7.05403019,Predicted
Tripterygiidae,Enneapterygius_atriceps,3.2,InvMob,27.78987473,Benthic,10.12188729,Original
Tripterygiidae,Enneapterygius_atrogulare,5,InvMob,25.06359104,Benthic,1.743574303,Predicted
Tripterygiidae,Enneapterygius_bahasa,4,Omnivr,27.98874479,Benthic,5.358784346,Predicted
Tripterygiidae,Enneapterygius_cheni,2.36,Omnivr,25.06355172,Benthic,6.005123326,Predicted
Tripterygiidae,Enneapterygius_clarkae,2.7,Omnivr,27.15229545,Benthic,6.944162807,Predicted
Tripterygiidae,Enneapterygius_clea,3.2,Omnivr,27.19574545,Benthic,6.051147108,Predicted
Tripterygiidae,Enneapterygius_destai,2.1,Omnivr,27.5772359,Benthic,9.570324394,Predicted
Tripterygiidae,Enneapterygius_elaine,2.27,Omnivr,25.39098333,Benthic,6.03750536,Predicted
Tripterygiidae,Enneapterygius_elegans,4,Omnivr,27.44257789,Benthic,5.352961609,Predicted
Tripterygiidae,Enneapterygius_etheostomus,5.5,Omnivr,22.24687165,Benthic,0.811313818,Predicted
Tripterygiidae,Enneapterygius_fasciatus,3,Omnivr,28.51767007,Benthic,7.762518916,Predicted
Tripterygiidae,Enneapterygius_flavoccipitis,3.2,InvMob,28.26607907,Benthic,6.99376252,Predicted
Tripterygiidae,Enneapterygius_fuscoventer,2.3,Omnivr,28.64629022,Benthic,8.438146343,Predicted
Tripterygiidae,Enneapterygius_genamaculatus,2.29,Omnivr,26.236475,Benthic,10.85070939,Predicted
Tripterygiidae,Enneapterygius_gracilis,2.77,Omnivr,27.84676632,Benthic,9.281335839,Predicted
Tripterygiidae,Enneapterygius_gruschkai,2.92,Omnivr,27.30377091,Benthic,6.210872521,Predicted
Tripterygiidae,Enneapterygius_hemimelas,5.8,InvMob,27.96501918,Benthic,2.032992435,Predicted
Tripterygiidae,Enneapterygius_hollemani,3.9,Omnivr,25.57381892,Benthic,5.261010765,Predicted
Tripterygiidae,Enneapterygius_howensis,3.5,Omnivr,21.41213333,Benthic,2.900330893,Predicted
Tripterygiidae,Enneapterygius_kermadecensis,3.3,Omnivr,20.44731667,Benthic,2.731134856,Predicted
Tripterygiidae,Enneapterygius_kosiensis,1.94,Omnivr,23.8571,Benthic,4.788430316,Predicted
Tripterygiidae,Enneapterygius_larsonae,3.48,Omnivr,27.17537169,Benthic,6.378217116,Predicted
Tripterygiidae,Enneapterygius_melanospilus,3.1,InvMob,26.29508,Benthic,8.887141159,Predicted
Tripterygiidae,Enneapterygius_minutus,3,Omnivr,27.5117943,Benthic,7.920592736,Predicted
Tripterygiidae,Enneapterygius_mirabilis,2.7,Omnivr,28.58278324,Benthic,7.232032368,Predicted
Tripterygiidae,Enneapterygius_miyakensis,4.5,Omnivr,21.9341,Benthic,0.885608324,Predicted
Tripterygiidae,Enneapterygius_nanus,3,Omnivr,28.39577102,Benthic,8.609129995,Predicted
Tripterygiidae,Enneapterygius_niger,3.2,Omnivr,26.38591538,Benthic,9.324660431,Predicted
Tripterygiidae,Enneapterygius_nigricauda,2.9,Omnivr,28.11602411,Benthic,8.307840786,Predicted
Tripterygiidae,Enneapterygius_obscurus,2.5,Omnivr,27.5772359,Benthic,8.712993126,Predicted
Tripterygiidae,Enneapterygius_ornatus,2.4,Omnivr,24.603325,Benthic,6.40829215,Predicted
Tripterygiidae,Enneapterygius_pallidoserialis,3,Omnivr,26.89363526,Benthic,7.088681207,Predicted
Tripterygiidae,Enneapterygius_pallidus,3,Omnivr,27.5772359,Benthic,8.004769689,Predicted
Tripterygiidae,Enneapterygius_paucifasciatus,3.3,Omnivr,25.3286,Benthic,6.110173853,Predicted
Tripterygiidae,Enneapterygius_philippinus,3,Omnivr,28.29601771,Benthic,7.186175678,Predicted
Tripterygiidae,Enneapterygius_pusillus,3,Omnivr,27.19174393,Benthic,6.051147108,Predicted
Tripterygiidae,Enneapterygius_pyramis,3.3,Omnivr,27.72323699,Benthic,8.890299166,Predicted
Tripterygiidae,Enneapterygius_randalli,3.4,Omnivr,22.02053333,Benthic,2.856458256,Predicted
Tripterygiidae,Enneapterygius_rhabdotus,2.7,Omnivr,27.26551306,Benthic,6.392025093,Predicted
Tripterygiidae,Enneapterygius_rhothion,3.7,Omnivr,25.86263889,Benthic,8.855342374,Predicted
Tripterygiidae,Enneapterygius_rubicauda,3.7,Omnivr,26.49214766,Benthic,8.057266062,Predicted
Tripterygiidae,Enneapterygius_rufopileus,4.5,Omnivr,25.27307241,Benthic,2.076848261,Predicted
Tripterygiidae,Enneapterygius_senoui,2.72,Omnivr,22.76673529,Benthic,3.46433709,Predicted
Tripterygiidae,Enneapterygius_signicauda,2.5,Omnivr,26.54598906,Benthic,9.026979125,Predicted
Tripterygiidae,Enneapterygius_similis,3.2,Omnivr,27.14468658,Benthic,6.746529665,Predicted
Tripterygiidae,Enneapterygius_triserialis,4.5,Omnivr,26.60999435,Benthic,2.652094545,Predicted
Tripterygiidae,Enneapterygius_tutuilae,4,InvMob,28.1658975,Benthic,7.175612109,Predicted
Tripterygiidae,Enneapterygius_unimaculatus,3.1,Omnivr,28.37338684,Benthic,8.270266559,Predicted
Tripterygiidae,Enneapterygius_ventermaculus,4,Omnivr,26.95925414,Benthic,5.184932285,Predicted
Tripterygiidae,Enneapterygius_vexillarius,3.3,Omnivr,25.34248108,Benthic,5.128964601,Predicted
Tripterygiidae,Enneapterygius_williamsi,3.3,Omnivr,26.77489655,Benthic,7.709899795,Predicted
Tripterygiidae,Enneapterygius_ziegleri,3.1,Omnivr,28.722969,Benthic,6.681482306,Predicted
Tripterygiidae,Forsterygion_lapillum,7.7,InvMob,17.67171955,Benthic,0.569908899,Original
Tripterygiidae,Forsterygion_maryannae,5.88,InvMob,14.92569818,Benthic,0.700107019,Predicted
Tripterygiidae,Forsterygion_varium,15.2,InvMob,17.67171955,Benthic,0.840355956,Original
Tripterygiidae,Helcogramma_albimacula,4.2,Omnivr,28.58062143,Benthic,2.938349084,Predicted
Tripterygiidae,Helcogramma_alkamr,3.18,Omnivr,27.37645254,Benthic,6.572986156,Predicted
Tripterygiidae,Helcogramma_aquila,4.08,Omnivr,27.999475,Benthic,5.301373444,Predicted
Tripterygiidae,Helcogramma_ascensionis,3.53,Omnivr,24.23671667,Benthic,5.348914375,Predicted
Tripterygiidae,Helcogramma_billi,3.2,Omnivr,28.44413333,Benthic,7.693025324,Predicted
Tripterygiidae,Helcogramma_capidata,3.7,Omnivr,28.45463309,Benthic,7.569186993,Predicted
Tripterygiidae,Helcogramma_cerasina,4.25,Omnivr,25.97538824,Benthic,3.72253412,Predicted
Tripterygiidae,Helcogramma_chica,3.1,Omnivr,28.52515602,Benthic,7.416324202,Predicted
Tripterygiidae,Helcogramma_decurrens,4.5,Omnivr,19.34971475,Benthic,0.881569317,Predicted
Tripterygiidae,Helcogramma_desa,5.5,Omnivr,28.49175625,Benthic,2.036271989,Predicted
Tripterygiidae,Helcogramma_ellioti,5.7,Omnivr,28.26598462,Benthic,1.784740069,Predicted
Tripterygiidae,Helcogramma_ememes,3.91,Omnivr,27.30912874,Benthic,4.97072184,Predicted
Tripterygiidae,Helcogramma_fuscipectoris,3.2,Omnivr,27.42419758,Benthic,6.122608201,Predicted
Tripterygiidae,Helcogramma_fuscopinna,3.76,Omnivr,26.98045025,Benthic,6.356036716,Predicted
Tripterygiidae,Helcogramma_gymnauchen,4.5,InvMob,27.7673374,Benthic,2.790653306,Predicted
Tripterygiidae,Helcogramma_hudsoni,4.02,Omnivr,26.40458829,Benthic,7.458287322,Predicted
Tripterygiidae,Helcogramma_inclinata,4.6,Omnivr,25.69752821,Benthic,2.780321205,Predicted
Tripterygiidae,Helcogramma_kranos,3.1,Omnivr,28.34553636,Benthic,6.423619334,Predicted
Tripterygiidae,Helcogramma_lacuna,4.4,Omnivr,28.9334,Benthic,2.85858128,Predicted
Tripterygiidae,Helcogramma_larvata,2.22,Omnivr,28.84333333,Benthic,10.38400574,Predicted
Tripterygiidae,Helcogramma_maldivensis,2.76,Omnivr,28.8384,Benthic,8.656580676,Predicted
Tripterygiidae,Helcogramma_microstigma,3.13,Omnivr,26.77885185,Benthic,7.709899795,Predicted
Tripterygiidae,Helcogramma_nigra,3.8,Omnivr,28.76335556,Benthic,6.8059701,Predicted
Tripterygiidae,Helcogramma_novaecaledoniae,4.15,Omnivr,26.29886538,Benthic,4.41290863,Predicted
Tripterygiidae,Helcogramma_obtusirostris,3.8,Omnivr,27.53476957,Benthic,7.735734305,Predicted
Tripterygiidae,Helcogramma_randalli,4.7,Omnivr,28.322775,Benthic,1.837608882,Predicted
Tripterygiidae,Helcogramma_rharhabe,3.74,Omnivr,23.93819091,Benthic,4.291836946,Predicted
Tripterygiidae,Helcogramma_rhinoceros,4,Omnivr,28.0462134,Benthic,4.588470425,Predicted
Tripterygiidae,Helcogramma_rosea,3.34,Omnivr,28.73102985,Benthic,6.681848844,Predicted
Tripterygiidae,Helcogramma_serendip,2.48,Omnivr,28.45550714,Benthic,8.671408459,Predicted
Tripterygiidae,Helcogramma_solorensis,3.9,Omnivr,28.574775,Benthic,5.610767643,Predicted
Tripterygiidae,Helcogramma_springeri,3.4,Omnivr,28.72076515,Benthic,6.682766765,Predicted
Tripterygiidae,Helcogramma_steinitzi,6,Omnivr,27.40889101,Benthic,1.530408925,Predicted
Tripterygiidae,Helcogramma_striata,4.3,Plktiv,28.2346423,Benthic,3.411314424,Predicted
Tripterygiidae,Helcogramma_trigloides,4.5,Omnivr,28.70399764,Benthic,2.344643258,Predicted
Tripterygiidae,Helcogramma_vulcana,3.8,Omnivr,28.45328723,Benthic,7.363341467,Predicted
Tripterygiidae,Karalepis_stewarti,15,InvMob,17.67171955,Benthic,0.784478263,Original
Tripterygiidae,Lepidoblennius_haplodactylus,10.7,Omnivr,24.25368868,Benthic,0.673135467,Predicted
Tripterygiidae,Lepidonectes_bimaculatus,6.8,InvMob,27.28788333,Benthic,1.50455783,Predicted
Tripterygiidae,Lepidonectes_clarkhubbsi,6.5,InvMob,28.13049375,Benthic,2.080429642,Predicted
Tripterygiidae,Lepidonectes_corallicola,8.9,InvMob,24.64045385,Benthic,0.544670671,Predicted
Tripterygiidae,Norfolkia_brachylepis,7.3,Omnivr,27.07507923,Benthic,1.296675958,Predicted
Tripterygiidae,Norfolkia_leeuwin,3.9,Omnivr,20.22427667,Benthic,2.302934099,Predicted
Tripterygiidae,Norfolkia_squamiceps,6.6,Omnivr,24.061328,Benthic,1.139172083,Predicted
Tripterygiidae,Norfolkia_thomasi,5,Omnivr,26.51604051,Benthic,2.392050897,Predicted
Tripterygiidae,Springerichthys_bapturus,6.5,HerDet,21.63999385,Benthic,0.709926246,Predicted
Tripterygiidae,Springerichthys_kulbickii,3.5,Omnivr,26.86876364,Benthic,7.020014318,Predicted
Tripterygiidae,Trinorfolkia_incisa,3.6,InvMob,16.67763514,Benthic,2.575876047,Predicted
Tripterygiidae,Tripterygion_delaisi,8.9,InvMob,18.15973656,Benthic,0.33868091,Predicted
Tripterygiidae,Ucla_xenogrammus,5.8,InvMob,28.08491975,Benthic,1.968518791,Predicted
Xenisthmidae,Paraxenisthmus_cerberusi,2.07,InvMob,28.77148452,Benthic,8.181110131,Predicted
Xenisthmidae,Tyson_belos,2.2,InvMob,27.7877485,Benthic,9.523687564,Predicted
Xenisthmidae,Xenisthmus_africanus,3.8,InvMob,27.66577312,Benthic,8.034669214,Predicted
Xenisthmidae,Xenisthmus_balius,2.64,InvMob,27.691085,Benthic,9.19501055,Predicted
Xenisthmidae,Xenisthmus_eirospilus,1.82,InvMob,27.63435538,Benthic,9.136607194,Predicted
Xenisthmidae,Xenisthmus_polyzonatus,3.1,InvMob,27.80513572,Benthic,7.535005027,Predicted
Zanclidae,Zanclus_cornutus,23,InvSes,27.73022865,Benthic,0.53322557,Predicted
