Family,Species,MaxSizeTL,Diet,Position_simp,Genus,LW_a,LW_b
Acanthuridae,Acanthurus achilles,24,HerDet,Benthopelagic,Acanthurus,0.00245,3
Acanthuridae,Acanthurus albipectoralis,33,Plktiv,Pelagic,Acanthurus,0.01445,2.99
Acanthuridae,Acanthurus auranticavus,45,HerDet,Benthopelagic,Acanthurus,0.02291,2.96
Acanthuridae,Acanthurus bahianus,52,HerDet,Benthopelagic,Acanthurus,0.026,2.87
Acanthuridae,Acanthurus bariene,50,HerDet,Benthopelagic,Acanthurus,0.02291,2.96
Acanthuridae,Acanthurus blochii,61.5,HerDet,Benthopelagic,Acanthurus,0.02042,3
Acanthuridae,Acanthurus chirurgus,42,HerDet,Benthopelagic,Acanthurus,0.0261,2.87185
Acanthuridae,Acanthurus chronixis,28,HerDet,Benthopelagic,Acanthurus,NA,NA
Acanthuridae,Acanthurus coeruleus,45,HerDet,Benthopelagic,Acanthurus,0.0257,2.95
Acanthuridae,Acanthurus dussumieri,54,HerDet,Benthopelagic,Acanthurus,0.02951,2.95
Acanthuridae,Acanthurus fowleri,45,HerDet,Benthopelagic,Acanthurus,0.01445,2.99
Acanthuridae,Acanthurus gahhm,40,HerDet,Benthopelagic,Acanthurus,0.02291,2.96
Acanthuridae,Acanthurus grammoptilus,35,HerDet,Benthopelagic,Acanthurus,0.02239,2.96
Acanthuridae,Acanthurus guttatus,26,HerDet,Benthopelagic,Acanthurus,0.03236,2.95
Acanthuridae,Acanthurus japonicus,21,HerDet,Benthopelagic,Acanthurus,NA,NA
Acanthuridae,Acanthurus leucocheilus,45,HerDet,Benthopelagic,Acanthurus,0.02291,2.96
Acanthuridae,Acanthurus leucopareius,25,HerDet,Benthopelagic,Acanthurus,0.02291,2.96
Acanthuridae,Acanthurus leucosternon,54,HerDet,Benthopelagic,Acanthurus,0.0286,2.921
Acanthuridae,Acanthurus lineatus,38,HerDet,Benthopelagic,Acanthurus,0.0126,3.064
Acanthuridae,Acanthurus maculiceps,57.9,HerDet,Benthopelagic,Acanthurus,0.02042,2.99
Acanthuridae,Acanthurus mata,50,Plktiv,Pelagic,Acanthurus,0.021,3.004
Acanthuridae,Acanthurus monroviae,45,HerDet,Benthopelagic,Acanthurus,NA,NA
Acanthuridae,Acanthurus nigricans,21.3,HerDet,Benthopelagic,Acanthurus,0.02239,2.95
Acanthuridae,Acanthurus nigricauda,40,HerDet,Benthopelagic,Acanthurus,0.0312,2.759
Acanthuridae,Acanthurus nigrofuscus,21,HerDet,Benthopelagic,Acanthurus,0.0089,3.278
Acanthuridae,Acanthurus nigroris,25,HerDet,Benthopelagic,Acanthurus,0.02291,2.96
Acanthuridae,Acanthurus nubilus,26,Plktiv,Pelagic,Acanthurus,0.02291,2.96
Acanthuridae,Acanthurus olivaceus,35,HerDet,Benthopelagic,Acanthurus,0.0257,3.01
Acanthuridae,Acanthurus polyzona,11,HerDet,Benthopelagic,Acanthurus,NA,NA
Acanthuridae,Acanthurus pyroferus,29,HerDet,Benthopelagic,Acanthurus,0.00179,3
Acanthuridae,Acanthurus reversus,34,HerDet,Benthopelagic,Acanthurus,0.02291,2.96
Acanthuridae,Acanthurus sohal,40,HerDet,Benthopelagic,Acanthurus,0.02291,2.96
Acanthuridae,Acanthurus tennentii,31,HerDet,Benthopelagic,Acanthurus,0.02291,2.96
Acanthuridae,Acanthurus thompsoni,27,Plktiv,Pelagic,Acanthurus,0.02291,2.96
Acanthuridae,Acanthurus triostegus,27,HerDet,Benthopelagic,Acanthurus,0.0213,3.081
Acanthuridae,Acanthurus tristis,25,HerDet,Benthopelagic,Acanthurus,0.02291,2.96
Acanthuridae,Acanthurus xanthopterus,70,HerDet,Benthopelagic,Acanthurus,0.0301,2.88
Acanthuridae,Ctenochaetus binotatus,22,HerDet,Benthopelagic,Ctenochaetus,0.03311,2.93
Acanthuridae,Ctenochaetus cyanocheilus,19,HerDet,Benthopelagic,Ctenochaetus,0.02344,2.96
Acanthuridae,Ctenochaetus flavicauda,16,HerDet,Benthopelagic,Ctenochaetus,0.02344,2.96
Acanthuridae,Ctenochaetus hawaiiensis,25,HerDet,Benthopelagic,Ctenochaetus,0.02344,2.96
Acanthuridae,Ctenochaetus marginatus,27,HerDet,Benthopelagic,Ctenochaetus,0.02089,2.95
Acanthuridae,Ctenochaetus striatus,26,HerDet,Benthopelagic,Ctenochaetus,0.0137,3.083
Acanthuridae,Ctenochaetus strigosus,18.6,HerDet,Benthopelagic,Ctenochaetus,0.004115,3.1895
Acanthuridae,Ctenochaetus tominiensis,16,HerDet,Benthopelagic,Ctenochaetus,0.02344,2.96
Acanthuridae,Ctenochaetus truncatus,16,HerDet,Benthopelagic,Ctenochaetus,0.02344,2.96
Acanthuridae,Naso annulatus,100,Omnivr,Pelagic,Naso,0.02239,2.97
Acanthuridae,Naso brachycentron,105.1,HerMac,Benthopelagic,Naso,0.01349,2.96
Acanthuridae,Naso brevirostris,60,Plktiv,Pelagic,Naso,0.0195,3.01
Acanthuridae,Naso caeruleacauda,40,Plktiv,Pelagic,Naso,0.0195,2.97
Acanthuridae,Naso caesius,51.9,Plktiv,Pelagic,Naso,0.01905,2.99
Acanthuridae,Naso elegans,45,HerDet,Benthopelagic,Naso,0.02291,2.97
Acanthuridae,Naso fageni,80,Plktiv,Pelagic,Naso,0.01905,2.99
Acanthuridae,Naso hexacanthus,79.2,Plktiv,Pelagic,Naso,0.02188,2.98
Acanthuridae,Naso lituratus,60,HerMac,Benthopelagic,Naso,0.02455,2.97
Acanthuridae,Naso lopezi,69.1,Plktiv,Pelagic,Naso,NA,NA
Acanthuridae,Naso maculatus,60,Plktiv,Pelagic,Naso,NA,NA
Acanthuridae,Naso mcdadei,75,Plktiv,Pelagic,Naso,NA,NA
Acanthuridae,Naso minor,30,Plktiv,Pelagic,Naso,NA,NA
Acanthuridae,Naso reticulatus,49,Plktiv,Pelagic,Naso,NA,NA
Acanthuridae,Naso thynnoides,40,Plktiv,Pelagic,Naso,0.01995,3.08
Acanthuridae,Naso tonganus,65.7,HerMac,Benthopelagic,Naso,0.02512,2.99
Acanthuridae,Naso tuberosus,65.3,HerMac,Benthopelagic,Naso,0.01905,2.99
Acanthuridae,Naso unicornis,73.6,HerMac,Benthopelagic,Naso,0.03665,2.8395
Acanthuridae,Naso vlamingii,60,Plktiv,Pelagic,Naso,0.0497,2.839
Acanthuridae,Paracanthurus hepatus,31,Plktiv,Pelagic,Paracanthurus,0.02344,2.96
Acanthuridae,Prionurus biafraensis,20,HerDet,Benthopelagic,Prionurus,NA,NA
Acanthuridae,Prionurus chrysurus,30,HerDet,Benthopelagic,Prionurus,NA,NA
Acanthuridae,Prionurus laticlavius,60,HerDet,Benthopelagic,Prionurus,0.01995,3.01
Acanthuridae,Prionurus maculatus,45,HerDet,Benthopelagic,Prionurus,0.01122,3.04
Acanthuridae,Prionurus microlepidotus,70,HerDet,Benthopelagic,Prionurus,0.01122,3.04
Acanthuridae,Prionurus punctatus,60,HerDet,Benthopelagic,Prionurus,0.01995,3.01
Acanthuridae,Prionurus scalprum,50,HerDet,Benthopelagic,Prionurus,NA,NA
Acanthuridae,Zebrasoma desjardinii,40,HerDet,Benthopelagic,Zebrasoma,0.02344,2.96
Acanthuridae,Zebrasoma flavescens,20,HerDet,Benthopelagic,Zebrasoma,0.023266667,3.036666667
Acanthuridae,Zebrasoma gemmatum,22,HerDet,Benthopelagic,Zebrasoma,NA,NA
Acanthuridae,Zebrasoma rostratum,21,HerDet,Benthopelagic,Zebrasoma,0.02344,2.96
Acanthuridae,Zebrasoma scopas,25,HerDet,Benthopelagic,Zebrasoma,0.0352,2.912
Acanthuridae,Zebrasoma velifer,40,HerDet,Benthopelagic,Zebrasoma,0.0257,2.93
Acanthuridae,Zebrasoma xanthurum,36.7,HerDet,Benthopelagic,Zebrasoma,0.02344,2.96
Albulidae,Albula argentea,70,InvMob,Benthic,Albula,NA,NA
Albulidae,Albula esuncula,32,InvMob,Benthic,Albula,NA,NA
Albulidae,Albula glossodonta,90,InvMob,Benthic,Albula,NA,NA
Albulidae,Albula oligolepis,35.4,InvMob,Benthic,Albula,NA,NA
Albulidae,Albula virgata,32.2,InvMob,Benthic,Albula,NA,NA
Albulidae,Albula vulpes,104,InvMob,Benthopelagic,Albula,0.01138,2.858
Antennariidae,Antennarius biocellatus,14,FisCep,Benthic,Antennarius,NA,NA
Antennariidae,Antennarius commerson,45,FisCep,Benthic,Antennarius,NA,NA
Antennariidae,Antennarius hispidus,20,FisCep,Benthic,Antennarius,NA,NA
Antennariidae,Antennarius indicus,23,FisCep,Benthic,Antennarius,NA,NA
Antennariidae,Antennarius maculatus,15,FisCep,Benthic,Antennarius,NA,NA
Antennariidae,Antennarius multiocellatus,20,FisCep,Benthic,Antennarius,NA,NA
Antennariidae,Antennarius pardalis,10.2,FisCep,Benthic,Antennarius,NA,NA
Antennariidae,Antennarius pauciradiatus,6.3,FisCep,Benthic,Antennarius,NA,NA
Antennariidae,Antennarius pictus,30,FisCep,Benthic,Antennarius,NA,NA
Antennariidae,Antennarius randalli,8,FisCep,Benthic,Antennarius,NA,NA
Antennariidae,Antennarius striatus,25,FisCep,Benthic,Antennarius,NA,NA
Antennariidae,Antennatus analis,7.8,FisCep,Benthic,Antennatus,NA,NA
Antennariidae,Antennatus bermudensis,7.6,FisCep,Benthic,Antennatus,NA,NA
Antennariidae,Antennatus coccineus,13,FisCep,Benthic,Antennatus,NA,NA
Antennariidae,Antennatus dorehensis,14,FisCep,Benthic,Antennatus,NA,NA
Antennariidae,Antennatus duescus,3,FisCep,Benthic,Antennatus,NA,NA
Antennariidae,Antennatus linearis,7.5,FisCep,Benthic,Antennatus,NA,NA
Antennariidae,Antennatus nummifer,13,FisCep,Benthic,Antennatus,NA,NA
Antennariidae,Antennatus rosaceus,5.8,FisCep,Benthic,Antennatus,NA,NA
Antennariidae,Antennatus sanguineus,8.2,FisCep,Benthic,Antennatus,NA,NA
Antennariidae,Antennatus strigatus,8,FisCep,Benthic,Antennatus,NA,NA
Antennariidae,Antennatus tuberosus,9,FisCep,Benthic,Antennatus,NA,NA
Antennariidae,Echinophryne crassispina,7,FisCep,Benthic,Echinophryne,NA,NA
Antennariidae,Echinophryne reynoldsi,8,FisCep,Benthic,Echinophryne,NA,NA
Antennariidae,Fowlerichthys avalonis,33,FisCep,Benthic,Fowlerichthys,NA,NA
Antennariidae,Fowlerichthys ocellatus,38,FisCep,Benthic,Fowlerichthys,NA,NA
Antennariidae,Fowlerichthys radiosus,7.6,FisCep,Benthic,Fowlerichthys,NA,NA
Antennariidae,Fowlerichthys scriptissimus,28,FisCep,Benthic,Fowlerichthys,NA,NA
Antennariidae,Fowlerichthys senegalensis,28.5,FisCep,Benthic,Fowlerichthys,NA,NA
Antennariidae,Histiophryne bougainvilli,9,FisCep,Benthic,Histiophryne,NA,NA
Antennariidae,Histiophryne cryptacanthus,9.6,FisCep,Benthic,Histiophryne,NA,NA
Antennariidae,Histrio histrio,20,FisCep,Benthic,Histrio,NA,NA
Antennariidae,Lophiocharon lithinostomus,9.1,FisCep,Benthic,Lophiocharon,NA,NA
Antennariidae,Lophiocharon trisignatus,14.7,FisCep,Benthic,Lophiocharon,NA,NA
Antennariidae,Rhycherus filamentosus,23,FisCep,Benthic,Rhycherus,0.01,3.04
Antennariidae,Rhycherus gloveri,16,FisCep,Benthic,Rhycherus,NA,NA
Antennariidae,Tathicarpus butleri,14,FisCep,Benthic,Tathicarpus,NA,NA
Aplodactylidae,Aplodactylus arctidens,65,HerMac,Benthic,Aplodactylus,0.00525,3.16
Aplodactylidae,Aplodactylus etheridgii,45,HerMac,Benthic,Aplodactylus,0.0049,3.13
Aplodactylidae,Aplodactylus westralis,34.7,HerMac,Benthic,Aplodactylus,0.0049,3.13
Apogonidae,Amioides polyacanthus,22,InvMob,Benthopelagic,Amioides,NA,NA
Apogonidae,Apogon americanus,10.1,Plktiv,Benthopelagic,Apogon,NA,NA
Apogonidae,Apogon atradorsatus,8.9,Plktiv,Benthopelagic,Apogon,0.01072,3.1
Apogonidae,Apogon atricaudus,8,Plktiv,Benthopelagic,Apogon,0.01072,3.1
Apogonidae,Apogon aurolineatus,6.5,Plktiv,Benthopelagic,Apogon,NA,NA
Apogonidae,Apogon binotatus,13,Plktiv,Benthopelagic,Apogon,0.01072,3.1
Apogonidae,Apogon campbelli,3.86,Plktiv,Benthopelagic,Apogon,NA,NA
Apogonidae,Apogon caudicinctus,6.43,Plktiv,Benthopelagic,Apogon,NA,NA
Apogonidae,Apogon coccineus,6,InvMob,Benthopelagic,Apogon,0.01072,3.1
Apogonidae,Apogon crassiceps,5,InvMob,Benthopelagic,Apogon,0.01445,3.08
Apogonidae,Apogon dammermani,6,Plktiv,Benthopelagic,Apogon,NA,NA
Apogonidae,Apogon deetsie,5.09,Plktiv,Benthopelagic,Apogon,NA,NA
Apogonidae,Apogon dhofar,14,Plktiv,Benthopelagic,Apogon,NA,NA
Apogonidae,Apogon dianthus,4.8,Plktiv,Benthopelagic,Apogon,NA,NA
Apogonidae,Apogon doryssa,8,InvMob,Benthopelagic,Apogon,NA,NA
Apogonidae,Apogon dovii,7.5,Plktiv,Benthopelagic,Apogon,0.01072,3.1
Apogonidae,Apogon erythrinus,4.01,InvMob,Benthopelagic,Apogon,NA,NA
Apogonidae,Apogon erythrosoma,3.76,InvMob,Benthopelagic,Apogon,NA,NA
Apogonidae,Apogon gouldi,6.55,Plktiv,Benthopelagic,Apogon,NA,NA
Apogonidae,Apogon guadalupensis,13,Plktiv,Benthopelagic,Apogon,NA,NA
Apogonidae,Apogon imberbis,18.5,Plktiv,Benthopelagic,Apogon,0.06165,2.65955
Apogonidae,Apogon indicus,3.79,Plktiv,Benthopelagic,Apogon,NA,NA
Apogonidae,Apogon lachneri,6.5,Plktiv,Benthopelagic,Apogon,0.01072,3.1
Apogonidae,Apogon lativittatus,5.84,Plktiv,Benthopelagic,Apogon,NA,NA
Apogonidae,Apogon leptocaulus,6,Plktiv,Benthopelagic,Apogon,NA,NA
Apogonidae,Apogon maculatus,11.1,Plktiv,Benthopelagic,Apogon,0.01023,3.08
Apogonidae,Apogon mosavi,7,Plktiv,Benthopelagic,Apogon,NA,NA
Apogonidae,Apogon nitidus,8,Plktiv,Benthopelagic,Apogon,NA,NA
Apogonidae,Apogon pacificus,10,Plktiv,Benthopelagic,Apogon,0.01023,3.08
Apogonidae,Apogon phenax,7.5,Plktiv,Benthopelagic,Apogon,NA,NA
Apogonidae,Apogon pillionatus,6.5,Plktiv,Benthopelagic,Apogon,NA,NA
Apogonidae,Apogon planifrons,10.5,Plktiv,Benthopelagic,Apogon,NA,NA
Apogonidae,Apogon posterofasciatus,6,Plktiv,Benthopelagic,Apogon,NA,NA
Apogonidae,Apogon pseudomaculatus,11,Plktiv,Benthopelagic,Apogon,NA,NA
Apogonidae,Apogon quadrisquamatus,7,Plktiv,Benthopelagic,Apogon,NA,NA
Apogonidae,Apogon retrosella,10,Plktiv,Benthopelagic,Apogon,0.01148,3.12
Apogonidae,Apogon robbyi,3.59,Plktiv,Benthopelagic,Apogon,NA,NA
Apogonidae,Apogon robinsi,10.1,Plktiv,Benthopelagic,Apogon,NA,NA
Apogonidae,Apogon rubellus,8,Plktiv,Benthopelagic,Apogon,NA,NA
Apogonidae,Apogon seminigracaudus,5,Plktiv,Benthopelagic,Apogon,NA,NA
Apogonidae,Apogon semiornatus,7.5,Plktiv,Benthopelagic,Apogon,0.01445,3.08
Apogonidae,Apogon susanae,3.95,Plktiv,Benthopelagic,Apogon,0.01,3.04
Apogonidae,Apogon talboti,14,Plktiv,Benthopelagic,Apogon,NA,NA
Apogonidae,Apogon townsendi,6.5,Plktiv,Benthopelagic,Apogon,0.01072,3.1
Apogonidae,Apogon unicolor,14,Plktiv,Benthopelagic,Apogon,NA,NA
Apogonidae,Apogon unitaeniatus,6,Plktiv,Benthopelagic,Apogon,NA,NA
Apogonidae,Apogonichthyoides atripes,9,Plktiv,Benthopelagic,Apogonichthyoides,NA,NA
Apogonidae,Apogonichthyoides brevicaudatus,19.5,Plktiv,Benthopelagic,Apogonichthyoides,NA,NA
Apogonidae,Apogonichthyoides cathetogramma,12,InvMob,Benthopelagic,Apogonichthyoides,NA,NA
Apogonidae,Apogonichthyoides chrysurus,4,Plktiv,Benthopelagic,Apogonichthyoides,NA,NA
Apogonidae,Apogonichthyoides gardineri,4.4,Plktiv,Benthopelagic,Apogonichthyoides,NA,NA
Apogonidae,Apogonichthyoides heptastygma,3.3,Plktiv,Benthopelagic,Apogonichthyoides,NA,NA
Apogonidae,Apogonichthyoides melas,10,InvMob,Benthopelagic,Apogonichthyoides,NA,NA
Apogonidae,Apogonichthyoides niger,8,Plktiv,Benthopelagic,Apogonichthyoides,NA,NA
Apogonidae,Apogonichthyoides nigripinnis,10,InvMob,Benthopelagic,Apogonichthyoides,NA,NA
Apogonidae,Apogonichthyoides opercularis,7,Plktiv,Benthopelagic,Apogonichthyoides,NA,NA
Apogonidae,Apogonichthyoides pseudotaeniatus,14,Plktiv,Benthopelagic,Apogonichthyoides,0.01096,3.09
Apogonidae,Apogonichthyoides regani,4.8,Plktiv,Benthopelagic,Apogonichthyoides,NA,NA
Apogonidae,Apogonichthyoides sialis,14,Plktiv,Benthopelagic,Apogonichthyoides,NA,NA
Apogonidae,Apogonichthyoides taeniatus,17,InvMob,Benthopelagic,Apogonichthyoides,NA,NA
Apogonidae,Apogonichthyoides timorensis,9,Plktiv,Benthopelagic,Apogonichthyoides,0.01778,3.16
Apogonidae,Apogonichthyoides umbratilis,4.1,Plktiv,Benthopelagic,Apogonichthyoides,NA,NA
Apogonidae,Apogonichthyoides uninotatus,5.5,InvMob,Benthopelagic,Apogonichthyoides,NA,NA
Apogonidae,Apogonichthys ocellatus,6,Plktiv,Benthopelagic,Apogonichthys,0.01445,3.08
Apogonidae,Apogonichthys perdix,6,Plktiv,Benthopelagic,Apogonichthys,NA,NA
Apogonidae,Archamia bleekeri,10,Plktiv,Benthopelagic,Archamia,0.01,2.95
Apogonidae,Astrapogon alutus,6.5,Plktiv,Benthopelagic,Astrapogon,NA,NA
Apogonidae,Astrapogon puncticulatus,8,Plktiv,Benthopelagic,Astrapogon,NA,NA
Apogonidae,Astrapogon stellatus,8,InvMob,Benthopelagic,Astrapogon,NA,NA
Apogonidae,Cercamia cladara,4.5,Plktiv,Benthopelagic,Cercamia,NA,NA
Apogonidae,Cercamia eremia,5,InvMob,Benthic,Cercamia,NA,NA
Apogonidae,Cheilodipterus alleni,10.4,FisCep,Benthopelagic,Cheilodipterus,NA,NA
Apogonidae,Cheilodipterus arabicus,18,FisCep,Benthopelagic,Cheilodipterus,0.01096,3.09
Apogonidae,Cheilodipterus artus,23.8,FisCep,Benthopelagic,Cheilodipterus,0.01288,3.15
Apogonidae,Cheilodipterus intermedius,24.8,FisCep,Benthopelagic,Cheilodipterus,0.0055,3.27
Apogonidae,Cheilodipterus isostigmus,11,InvMob,Benthopelagic,Cheilodipterus,0.0055,3.27
Apogonidae,Cheilodipterus lachneri,12,FisCep,Benthopelagic,Cheilodipterus,0.01148,3.23
Apogonidae,Cheilodipterus macrodon,25,FisCep,Benthopelagic,Cheilodipterus,0.01175,3.18
Apogonidae,Cheilodipterus nigrotaeniatus,10,FisCep,Benthopelagic,Cheilodipterus,0.0055,3.27
Apogonidae,Cheilodipterus novemstriatus,8,FisCep,Benthopelagic,Cheilodipterus,NA,NA
Apogonidae,Cheilodipterus parazonatus,6.1,FisCep,Benthopelagic,Cheilodipterus,0.0055,3.27
Apogonidae,Cheilodipterus persicus,15,FisCep,Benthopelagic,Cheilodipterus,NA,NA
Apogonidae,Cheilodipterus pygmaios,10,FisCep,Benthic,Cheilodipterus,NA,NA
Apogonidae,Cheilodipterus quinquelineatus,13,InvMob,Benthopelagic,Cheilodipterus,0.00977,3.06
Apogonidae,Cheilodipterus singapurensis,18,FisCep,Benthopelagic,Cheilodipterus,0.00562,3.36
Apogonidae,Cheilodipterus zonatus,8,FisCep,Benthopelagic,Cheilodipterus,NA,NA
Apogonidae,Fibramia amboinensis,7,InvMob,Benthic,Fibramia,NA,NA
Apogonidae,Fibramia lateralis,11,Plktiv,Benthic,Fibramia,NA,NA
Apogonidae,Fibramia thermalis,8.5,InvMob,Benthic,Fibramia,0.0055,3.27
Apogonidae,Foa albimaculosa,10,InvMob,Benthic,Foa,NA,NA
Apogonidae,Foa brachygramma,6.4,InvMob,Benthic,Foa,NA,NA
Apogonidae,Foa fo,3.5,InvMob,Benthic,Foa,NA,NA
Apogonidae,Foa hyalina,3,InvMob,Benthic,Foa,NA,NA
Apogonidae,Foa leisi,3.8,InvMob,Benthic,Foa,NA,NA
Apogonidae,Foa nivosa,2.9,InvMob,Benthic,Foa,NA,NA
Apogonidae,Fowleria aurita,9,InvMob,Benthic,Fowleria,NA,NA
Apogonidae,Fowleria flammea,3.08,InvMob,Benthic,Fowleria,NA,NA
Apogonidae,Fowleria isostigma,7,InvMob,Benthic,Fowleria,NA,NA
Apogonidae,Fowleria marmorata,7.5,InvMob,Benthic,Fowleria,0.01445,3.08
Apogonidae,Fowleria marmoratus,7.5,InvMob,Benthic,Fowleria,0.01445,3.08
Apogonidae,Fowleria punctulata,9,InvMob,Benthic,Fowleria,NA,NA
Apogonidae,Fowleria vaiulae,5,InvMob,Benthic,Fowleria,NA,NA
Apogonidae,Fowleria variegata,8,InvMob,Benthic,Fowleria,NA,NA
Apogonidae,Gymnapogon africanus,5,Plktiv,Benthopelagic,Gymnapogon,NA,NA
Apogonidae,Gymnapogon annona,5,Plktiv,Benthopelagic,Gymnapogon,NA,NA
Apogonidae,Gymnapogon japonicus,5,Plktiv,Benthopelagic,Gymnapogon,NA,NA
Apogonidae,Gymnapogon philippinus,5,Plktiv,Benthopelagic,Gymnapogon,NA,NA
Apogonidae,Gymnapogon urospilotus,2.7,Plktiv,Benthopelagic,Gymnapogon,NA,NA
Apogonidae,Gymnapogon vanderbilti,1.87,Plktiv,Benthopelagic,Gymnapogon,NA,NA
Apogonidae,Holapogon maximus,25,InvMob,Benthic,Holapogon,NA,NA
Apogonidae,Jaydia argyrogaster,6,Plktiv,Benthic,Jaydia,NA,NA
Apogonidae,Jaydia carinatus,15,Plktiv,Benthic,Jaydia,NA,NA
Apogonidae,Jaydia ellioti,16,Plktiv,Benthic,Jaydia,NA,NA
Apogonidae,Jaydia erythrophthalma,5.05,Plktiv,Benthic,Jaydia,NA,NA
Apogonidae,Jaydia lineata,9,Plktiv,Benthic,Jaydia,0.0072,3.414
Apogonidae,Jaydia melanopus,11,Plktiv,Benthic,Jaydia,NA,NA
Apogonidae,Jaydia novaeguineae,8.9,Plktiv,Benthic,Jaydia,NA,NA
Apogonidae,Jaydia photogaster,6,Plktiv,Benthic,Jaydia,NA,NA
Apogonidae,Jaydia queketti,12.3,Plktiv,Benthic,Jaydia,NA,NA
Apogonidae,Jaydia smithi,10,Plktiv,Benthic,Jaydia,NA,NA
Apogonidae,Jaydia striata,5.5,Plktiv,Benthic,Jaydia,NA,NA
Apogonidae,Jaydia truncata,15,Plktiv,Benthic,Jaydia,NA,NA
Apogonidae,Lachneratus phasmaticus,7.36,Plktiv,Benthopelagic,Lachneratus,NA,NA
Apogonidae,Lepidamia kalosoma,14,Plktiv,Benthic,Lepidamia,NA,NA
Apogonidae,Lepidamia multitaeniata,18,Plktiv,Benthic,Lepidamia,NA,NA
Apogonidae,Lepidamia natalensis,19,Plktiv,Benthic,Lepidamia,NA,NA
Apogonidae,Lepidamia omanensis,15.5,Plktiv,Benthic,Lepidamia,NA,NA
Apogonidae,Neamia articycla,3.55,InvMob,Benthic,Neamia,NA,NA
Apogonidae,Neamia notula,4.5,InvMob,Benthic,Neamia,NA,NA
Apogonidae,Neamia octospina,7,InvMob,Benthic,Neamia,NA,NA
Apogonidae,Nectamia annularis,7,Plktiv,Benthopelagic,Nectamia,NA,NA
Apogonidae,Nectamia bandanensis,10,Plktiv,Benthopelagic,Nectamia,0.01479,3.08
Apogonidae,Nectamia fusca,11.2,Plktiv,Benthopelagic,Nectamia,NA,NA
Apogonidae,Nectamia ignitops,7.9,Plktiv,Benthopelagic,Nectamia,NA,NA
Apogonidae,Nectamia luxuria,7.7,Plktiv,Benthopelagic,Nectamia,0.01445,3.08
Apogonidae,Nectamia savayensis,10,Plktiv,Benthic,Nectamia,0.01445,3.08
Apogonidae,Nectamia similis,6.3,Plktiv,Benthic,Nectamia,0.01445,3.08
Apogonidae,Nectamia viria,7.2,Plktiv,Benthic,Nectamia,NA,NA
Apogonidae,Nectamia zebrinus,7.4,Plktiv,Benthic,Nectamia,NA,NA
Apogonidae,Ostorhinchus angustatus,11,InvMob,Benthopelagic,Ostorhinchus,0.01413,3.07
Apogonidae,Ostorhinchus apogonoides,10,Plktiv,Benthopelagic,Ostorhinchus,0.00501,3.26
Apogonidae,Ostorhinchus atrogaster,5.9,Plktiv,Benthic,Ostorhinchus,NA,NA
Apogonidae,Ostorhinchus aureus,14.5,InvMob,Benthopelagic,Ostorhinchus,0.01148,3.16
Apogonidae,Ostorhinchus bryx,6.3,InvMob,Benthopelagic,Ostorhinchus,NA,NA
Apogonidae,Ostorhinchus capricornis,5.76,Plktiv,Benthic,Ostorhinchus,0.01096,3.09
Apogonidae,Ostorhinchus cavitensis,7.5,Plktiv,Benthic,Ostorhinchus,0.01288,3.1
Apogonidae,Ostorhinchus cheni,13,Plktiv,Benthic,Ostorhinchus,NA,NA
Apogonidae,Ostorhinchus chrysopomus,10,Plktiv,Benthic,Ostorhinchus,0.01096,3.09
Apogonidae,Ostorhinchus chrysotaenia,12,Plktiv,Benthic,Ostorhinchus,0.01096,3.09
Apogonidae,Ostorhinchus cladophilos,6,Plktiv,Benthic,Ostorhinchus,NA,NA
Apogonidae,Ostorhinchus compressus,12,InvMob,Benthopelagic,Ostorhinchus,0.00933,3.06
Apogonidae,Ostorhinchus cookii,10,InvMob,Benthopelagic,Ostorhinchus,0.0138,3.1
Apogonidae,Ostorhinchus cyanosoma,8,Plktiv,Benthopelagic,Ostorhinchus,0.011,3.24
Apogonidae,Ostorhinchus dispar,5,Plktiv,Benthopelagic,Ostorhinchus,0.0055,3.27
Apogonidae,Ostorhinchus doederleini,12,InvMob,Benthopelagic,Ostorhinchus,0.01413,3.18
Apogonidae,Ostorhinchus endekataenia,14,InvMob,Benthopelagic,Ostorhinchus,NA,NA
Apogonidae,Ostorhinchus fasciatus,12.6,InvMob,Benthopelagic,Ostorhinchus,0.01202,3.12
Apogonidae,Ostorhinchus flagelliferus,13,Plktiv,Benthopelagic,Ostorhinchus,NA,NA
Apogonidae,Ostorhinchus flavus,9.59,Plktiv,Benthic,Ostorhinchus,0.01096,3.09
Apogonidae,Ostorhinchus fleurieu,12.5,Plktiv,Benthic,Ostorhinchus,0.0123,3.16
Apogonidae,Ostorhinchus franssedai,7.5,Plktiv,Benthic,Ostorhinchus,NA,NA
Apogonidae,Ostorhinchus griffini,13.5,Plktiv,Benthic,Ostorhinchus,NA,NA
Apogonidae,Ostorhinchus gularis,6.6,Plktiv,Benthic,Ostorhinchus,NA,NA
Apogonidae,Ostorhinchus hartzfeldii,12,Plktiv,Benthic,Ostorhinchus,0.0055,3.27
Apogonidae,Ostorhinchus hoevenii,6,Plktiv,Benthic,Ostorhinchus,NA,NA
Apogonidae,Ostorhinchus holotaenia,8,Plktiv,Benthopelagic,Ostorhinchus,NA,NA
Apogonidae,Ostorhinchus jenkinsi,8.7,Plktiv,Benthic,Ostorhinchus,NA,NA
Apogonidae,Ostorhinchus kiensis,8,Plktiv,Benthic,Ostorhinchus,NA,NA
Apogonidae,Ostorhinchus komodoensis,10,Plktiv,Benthic,Ostorhinchus,NA,NA
Apogonidae,Ostorhinchus leptofasciatus,5,Plktiv,Benthic,Ostorhinchus,NA,NA
Apogonidae,Ostorhinchus limenus,14,Plktiv,Benthic,Ostorhinchus,0.01096,3.09
Apogonidae,Ostorhinchus luteus,5.609056046,Plktiv,Benthopelagic,Ostorhinchus,0.01096,3.09
Apogonidae,Ostorhinchus maculiferus,14,InvMob,Benthic,Ostorhinchus,NA,NA
Apogonidae,Ostorhinchus margaritophorus,6.5,Plktiv,Benthic,Ostorhinchus,NA,NA
Apogonidae,Ostorhinchus melanoproctus,4,Plktiv,Benthic,Ostorhinchus,NA,NA
Apogonidae,Ostorhinchus moluccensis,9,Plktiv,Benthic,Ostorhinchus,NA,NA
Apogonidae,Ostorhinchus monospilus,7.8,Plktiv,Benthic,Ostorhinchus,0.01288,3.1
Apogonidae,Ostorhinchus multilineatus,10,Plktiv,Benthic,Ostorhinchus,0.0055,3.27
Apogonidae,Ostorhinchus nanus,6,Plktiv,Benthic,Ostorhinchus,0.0055,3.27
Apogonidae,Ostorhinchus neotes,4,Plktiv,Benthopelagic,Ostorhinchus,0.0055,3.27
Apogonidae,Ostorhinchus nigrocincta,9.1,Plktiv,Benthic,Ostorhinchus,NA,NA
Apogonidae,Ostorhinchus nigrofasciatus,10,InvMob,Benthopelagic,Ostorhinchus,0.00794,3.34
Apogonidae,Ostorhinchus nigrotaenia,10,InvMob,Benthopelagic,Ostorhinchus,0.00794,3.34
Apogonidae,Ostorhinchus norfolcensis,15,Plktiv,Benthopelagic,Ostorhinchus,0.0138,3.13
Apogonidae,Ostorhinchus notatus,10,Plktiv,Benthopelagic,Ostorhinchus,0.01288,3.1
Apogonidae,Ostorhinchus novemfasciatus,10,FisCep,Benthopelagic,Ostorhinchus,NA,NA
Apogonidae,Ostorhinchus ocellicaudus,5,Plktiv,Benthopelagic,Ostorhinchus,NA,NA
Apogonidae,Ostorhinchus oxina,7.1,Plktiv,Benthopelagic,Ostorhinchus,NA,NA
Apogonidae,Ostorhinchus pallidofasciatus,7,Plktiv,Benthopelagic,Ostorhinchus,0.01096,3.09
Apogonidae,Ostorhinchus parvulus,4,InvMob,Benthopelagic,Ostorhinchus,0.0055,3.27
Apogonidae,Ostorhinchus pleuron,10.4,Plktiv,Benthic,Ostorhinchus,NA,NA
Apogonidae,Ostorhinchus properuptus,6,Plktiv,Benthic,Ostorhinchus,0.0055,3.27
Apogonidae,Ostorhinchus pselion,4,Plktiv,Benthic,Ostorhinchus,NA,NA
Apogonidae,Ostorhinchus relativus,7.38,Plktiv,Benthic,Ostorhinchus,NA,NA
Apogonidae,Ostorhinchus rubrimacula,4.47,Plktiv,Benthic,Ostorhinchus,0.0055,3.27
Apogonidae,Ostorhinchus rueppellii,12,InvMob,Benthic,Ostorhinchus,0.01288,3.1
Apogonidae,Ostorhinchus sealei,10,Plktiv,Benthopelagic,Ostorhinchus,0.0055,3.27
Apogonidae,Ostorhinchus selas,4,Plktiv,Benthic,Ostorhinchus,NA,NA
Apogonidae,Ostorhinchus semilineatus,12,Plktiv,Benthic,Ostorhinchus,NA,NA
Apogonidae,Ostorhinchus septemstriatus,5.3,Plktiv,Benthic,Ostorhinchus,NA,NA
Apogonidae,Ostorhinchus spilurus,7.35,Plktiv,Benthic,Ostorhinchus,NA,NA
Apogonidae,Ostorhinchus taeniophorus,11.5,Plktiv,Benthopelagic,Ostorhinchus,0.01288,3.1
Apogonidae,Ostorhinchus urostigmus,15,Plktiv,Benthic,Ostorhinchus,0.01096,3.09
Apogonidae,Ostorhinchus wassinki,7,Plktiv,Benthic,Ostorhinchus,0.0055,3.27
Apogonidae,Paroncheilus affinis,11,Plktiv,Benthic,Paroncheilus,NA,NA
Apogonidae,Paxton concilians,7.55,InvMob,Benthopelagic,Paxton,NA,NA
Apogonidae,Phaeoptyx conklini,9,Plktiv,Benthopelagic,Phaeoptyx,NA,NA
Apogonidae,Phaeoptyx pigmentaria,8,Plktiv,Benthopelagic,Phaeoptyx,NA,NA
Apogonidae,Phaeoptyx xenus,7.5,Plktiv,Benthopelagic,Phaeoptyx,NA,NA
Apogonidae,Pristiapogon abrogramma,9.5,Plktiv,Benthic,Pristiapogon,NA,NA
Apogonidae,Pristiapogon exostigma,12,InvMob,Benthic,Pristiapogon,0.01175,3.08
Apogonidae,Pristiapogon fraenatus,11,InvMob,Benthic,Pristiapogon,0.01175,3.07
Apogonidae,Pristiapogon kallopterus,15.5,InvMob,Benthic,Pristiapogon,0.01288,3.14
Apogonidae,Pristiapogon taeniopterus,19.6,InvMob,Benthopelagic,Pristiapogon,0.01717,3
Apogonidae,Pristicon rhodopterus,15,InvMob,Benthic,Pristicon,NA,NA
Apogonidae,Pristicon rufus,8,Plktiv,Benthic,Pristicon,NA,NA
Apogonidae,Pristicon trimaculatus,14.16,InvMob,Benthopelagic,Pristicon,0.01479,3
Apogonidae,Pseudamia amblyuroptera,8.5,InvMob,Benthic,Pseudamia,NA,NA
Apogonidae,Pseudamia gelatinosa,11,InvMob,Benthic,Pseudamia,NA,NA
Apogonidae,Pseudamia hayashii,10,InvMob,Benthic,Pseudamia,NA,NA
Apogonidae,Pseudamia nigra,6,InvMob,Benthic,Pseudamia,NA,NA
Apogonidae,Pseudamia tarri,3.7,InvMob,Benthopelagic,Pseudamia,NA,NA
Apogonidae,Pseudamia zonata,21,InvMob,Benthic,Pseudamia,NA,NA
Apogonidae,Pseudamiops diaphanes,3.28,Plktiv,Benthic,Pseudamiops,NA,NA
Apogonidae,Pseudamiops gracilicauda,5,Plktiv,Benthic,Pseudamiops,NA,NA
Apogonidae,Pseudamiops pellucidus,4,Plktiv,Benthic,Pseudamiops,NA,NA
Apogonidae,Pseudamiops phasma,3.4,Plktiv,Benthic,Pseudamiops,NA,NA
Apogonidae,Pseudamiops springeri,2.685,Plktiv,Benthic,Pseudamiops,NA,NA
Apogonidae,Rhabdamia gracilis,6,Plktiv,Benthopelagic,Rhabdamia,0.0103,3.09
Apogonidae,Rhabdamia nigrimentum,5.5,Plktiv,Benthopelagic,Rhabdamia,NA,NA
Apogonidae,Siphamia arabica,3.39,Plktiv,Benthopelagic,Siphamia,NA,NA
Apogonidae,Siphamia argentea,5,Plktiv,Benthic,Siphamia,NA,NA
Apogonidae,Siphamia cephalotes,5,Plktiv,Benthopelagic,Siphamia,0.01445,3.08
Apogonidae,Siphamia corallicola,3.05,Plktiv,Benthopelagic,Siphamia,NA,NA
Apogonidae,Siphamia cuneiceps,4,Plktiv,Benthic,Siphamia,NA,NA
Apogonidae,Siphamia elongata,4.5,Plktiv,Benthopelagic,Siphamia,NA,NA
Apogonidae,Siphamia fistulosa,4,Plktiv,Benthopelagic,Siphamia,NA,NA
Apogonidae,Siphamia fuscolineata,4,Plktiv,Benthopelagic,Siphamia,NA,NA
Apogonidae,Siphamia goreni,1.64,Plktiv,Benthopelagic,Siphamia,NA,NA
Apogonidae,Siphamia jebbi,3.068443941,InvMob,Benthic,Siphamia,NA,NA
Apogonidae,Siphamia majimai,3.5,Plktiv,Benthopelagic,Siphamia,NA,NA
Apogonidae,Siphamia mossambica,4,Plktiv,Benthopelagic,Siphamia,NA,NA
Apogonidae,Siphamia randalli,2.87,Plktiv,Benthopelagic,Siphamia,NA,NA
Apogonidae,Siphamia roseigaster,6.4,Plktiv,Benthopelagic,Siphamia,0.01445,3.08
Apogonidae,Siphamia spinicola,4,Plktiv,Benthopelagic,Siphamia,NA,NA
Apogonidae,Siphamia tubifer,7,InvMob,Benthopelagic,Siphamia,0.01445,3.09
Apogonidae,Sphaeramia nematoptera,8.5,InvMob,Benthopelagic,Sphaeramia,0.01445,3.08
Apogonidae,Sphaeramia orbicularis,10,InvMob,Benthopelagic,Sphaeramia,NA,NA
Apogonidae,Taeniamia ataenia,4.83,Plktiv,Benthopelagic,Taeniamia,NA,NA
Apogonidae,Taeniamia biguttata,11,Plktiv,Benthopelagic,Taeniamia,0.01445,3.08
Apogonidae,Taeniamia bilineata,3.75,Plktiv,Benthopelagic,Taeniamia,NA,NA
Apogonidae,Taeniamia buruensis,7.5,Plktiv,Benthopelagic,Taeniamia,NA,NA
Apogonidae,Taeniamia flavofasciata,7.85,Plktiv,Benthopelagic,Taeniamia,NA,NA
Apogonidae,Taeniamia fucata,10,Plktiv,Benthopelagic,Taeniamia,0.01202,3.07
Apogonidae,Taeniamia leai,9,Plktiv,Benthopelagic,Taeniamia,0.01349,3.18
Apogonidae,Taeniamia lineolata,10.3,Plktiv,Benthopelagic,Taeniamia,NA,NA
Apogonidae,Taeniamia macroptera,9.5,Plktiv,Benthopelagic,Taeniamia,0.01445,3.08
Apogonidae,Taeniamia melasma,8.6,Plktiv,Benthopelagic,Taeniamia,0.01096,3.09
Apogonidae,Taeniamia mozambiquensis,8.9,Plktiv,Benthopelagic,Taeniamia,NA,NA
Apogonidae,Taeniamia pallida,4,Plktiv,Benthopelagic,Taeniamia,NA,NA
Apogonidae,Taeniamia zosterophora,8,Plktiv,Benthopelagic,Taeniamia,0.01349,3.02
Apogonidae,Verulux cypselurus,6,Plktiv,Benthopelagic,Verulux,0.01096,3.09
Apogonidae,Vincentia badia,10,Plktiv,Benthopelagic,Vincentia,NA,NA
Apogonidae,Vincentia conspersa,14,Plktiv,Benthopelagic,Vincentia,0.01,3.04
Apogonidae,Vincentia macrocauda,10,Plktiv,Benthopelagic,Vincentia,NA,NA
Apogonidae,Vincentia punctata,15,Plktiv,Benthopelagic,Vincentia,0.01096,3.09
Apogonidae,Yarica hyalosoma,17,FisCep,Benthopelagic,Yarica,NA,NA
Apogonidae,Zapogon evermanni,15,InvMob,Benthopelagic,Zapogon,NA,NA
Apogonidae,Zapogon isus,5.6,Plktiv,Benthic,Zapogon,NA,NA
Apogonidae,Zoramia flebila,4.36,Plktiv,Benthopelagic,Zoramia,NA,NA
Apogonidae,Zoramia fragilis,5.5,Plktiv,Benthopelagic,Zoramia,0.01445,3.08
Apogonidae,Zoramia gilberti,5.5,Plktiv,Benthopelagic,Zoramia,NA,NA
Apogonidae,Zoramia leptacantha,6,Plktiv,Benthopelagic,Zoramia,0.01445,3.08
Apogonidae,Zoramia perlita,5,Plktiv,Benthopelagic,Zoramia,NA,NA
Apogonidae,Zoramia viridiventer,5.5,Plktiv,Benthopelagic,Zoramia,0.01445,3.08
Aulostomidae,Aulostomus chinensis,80,FisCep,Benthopelagic,Aulostomus,0.00059,3.25
Aulostomidae,Aulostomus maculatus,100,FisCep,Benthopelagic,Aulostomus,0.00098,3.29
Aulostomidae,Aulostomus strigosus,75,FisCep,Benthopelagic,Aulostomus,0.00166,3.25
Balistidae,Abalistes filamentosus,32.5,InvMob,Benthic,Abalistes,NA,NA
Balistidae,Abalistes stellaris,60,InvMob,Benthic,Abalistes,NA,NA
Balistidae,Abalistes stellatus,60,InvMob,Benthic,Abalistes,0.02692,2.87
Balistidae,Balistapus undulatus,30,InvMob,Benthopelagic,Balistapus,0.0058,3.554
Balistidae,Balistes capriscus,60,InvMob,Pelagic,Balistes,0.0580925,2.795333333
Balistidae,Balistes polylepis,76,InvMob,Benthopelagic,Balistes,0.046566667,2.690333333
Balistidae,Balistes punctatus,60,InvMob,Benthopelagic,Balistes,NA,NA
Balistidae,Balistes vetula,60,InvMob,Benthopelagic,Balistes,0.02315,3.065
Balistidae,Balistoides conspicillum,50,InvMob,Benthopelagic,Balistoides,0.0257,2.93
Balistidae,Balistoides viridescens,75,InvMob,Benthopelagic,Balistoides,0.03311,2.97
Balistidae,Canthidermis macrolepis,60,Plktiv,Pelagic,Canthidermis,NA,NA
Balistidae,Canthidermis maculata,50,Plktiv,Pelagic,Canthidermis,0.0257,2.93
Balistidae,Canthidermis sufflamen,65,Plktiv,Pelagic,Canthidermis,0.126,2.44
Balistidae,Melichthys indicus,25,Omnivr,Pelagic,Melichthys,0.0257,2.93
Balistidae,Melichthys niger,35,Omnivr,Pelagic,Melichthys,0.0439,2.8
Balistidae,Melichthys vidua,40,Omnivr,Pelagic,Melichthys,0.02692,3.04
Balistidae,Odonus niger,50,Plktiv,Pelagic,Odonus,0.0119,3
Balistidae,Pseudobalistes flavimarginatus,60,InvMob,Benthic,Pseudobalistes,0.0257,2.93
Balistidae,Pseudobalistes fuscus,55,InvMob,Benthic,Pseudobalistes,0.03631,2.94
Balistidae,Pseudobalistes naufragium,100,InvMob,Benthic,Pseudobalistes,0.0257,2.93
Balistidae,Rhinecanthus aculeatus,30,InvMob,Benthic,Rhinecanthus,0.0522,2.641
Balistidae,Rhinecanthus assasi,30,InvMob,Benthic,Rhinecanthus,0.0257,2.93
Balistidae,Rhinecanthus lunula,28,Omnivr,Benthic,Rhinecanthus,0.0257,2.93
Balistidae,Rhinecanthus rectangulus,30,InvMob,Benthic,Rhinecanthus,0.0257,2.92
Balistidae,Rhinecanthus verrucosus,23,InvMob,Benthic,Rhinecanthus,0.01862,2.91
Balistidae,Sufflamen albicaudatum,22,InvMob,Benthic,Sufflamen,0.0257,2.93
Balistidae,Sufflamen bursa,25,InvMob,Benthic,Sufflamen,0.0257,2.93
Balistidae,Sufflamen chrysopterum,30,InvMob,Benthic,Sufflamen,0.02291,2.94
Balistidae,Sufflamen fraenatum,38,Omnivr,Benthic,Sufflamen,0.0257,2.93
Balistidae,Sufflamen verres,40,InvMob,Benthic,Sufflamen,0.0257,2.93
Balistidae,Xanthichthys auromarginatus,30,Plktiv,Benthopelagic,Xanthichthys,NA,NA
Balistidae,Xanthichthys caeruleolineatus,35,Plktiv,Benthopelagic,Xanthichthys,NA,NA
Balistidae,Xanthichthys lineopunctatus,30,Plktiv,Benthopelagic,Xanthichthys,NA,NA
Balistidae,Xanthichthys mento,30,Plktiv,Benthopelagic,Xanthichthys,0.0257,2.93
Balistidae,Xanthichthys ringens,25,InvMob,Benthopelagic,Xanthichthys,NA,NA
Belonidae,Ablennes hians,140,FisCep,Pelagic,Ablennes,0.00087,3.1
Belonidae,Belone belone,70,FisCep,Pelagic,Belone,0.001436667,2.971006667
Belonidae,Strongylura incisa,100,FisCep,Pelagic,Strongylura,0.00117,3.09
Belonidae,Strongylura leiura,100,FisCep,Pelagic,Strongylura,NA,NA
Belonidae,Strongylura marina,111,FisCep,Pelagic,Strongylura,NA,NA
Belonidae,Strongylura notata,61,FisCep,Pelagic,Strongylura,NA,NA
Belonidae,Strongylura senegalensis,150,FisCep,Pelagic,Strongylura,NA,NA
Belonidae,Strongylura strongylura,40,FisCep,Pelagic,Strongylura,NA,NA
Belonidae,Strongylura timucu,61,FisCep,Pelagic,Strongylura,NA,NA
Belonidae,Tylosurus crocodilus,150,FisCep,Pelagic,Tylosurus,0.00107,3.11
Belonidae,Tylosurus pacificus,82.5,FisCep,Pelagic,Tylosurus,NA,NA
Belonidae,Tylosurus punctulatus,58.3,FisCep,Pelagic,Tylosurus,NA,NA
Blenniidae,Aidablennius sphynx,8,Omnivr,Benthic,Aidablennius,NA,NA
Blenniidae,Alloblennius anuchalis,2.39,HerDet,Benthopelagic,Alloblennius,NA,NA
Blenniidae,Alloblennius frondiculus,2.38,HerDet,Benthic,Alloblennius,NA,NA
Blenniidae,Alloblennius jugularis,5,HerDet,Benthic,Alloblennius,NA,NA
Blenniidae,Alloblennius parvus,2.6,HerDet,Benthopelagic,Alloblennius,NA,NA
Blenniidae,Alloblennius pictus,2.6,HerDet,Benthopelagic,Alloblennius,NA,NA
Blenniidae,Alticus anjouanae,7.62,HerDet,Benthic,Alticus,NA,NA
Blenniidae,Alticus arnoldorum,8,HerDet,Benthic,Alticus,NA,NA
Blenniidae,Alticus kirkii,11,HerDet,Benthic,Alticus,NA,NA
Blenniidae,Alticus monochrus,10,HerDet,Benthic,Alticus,NA,NA
Blenniidae,Alticus montanoi,10,HerDet,Benthic,Alticus,NA,NA
Blenniidae,Alticus orientalis,8.75,HerDet,Benthic,Alticus,NA,NA
Blenniidae,Alticus saliens,10,HerDet,Benthic,Alticus,NA,NA
Blenniidae,Alticus sertatus,8,HerDet,Benthic,Alticus,NA,NA
Blenniidae,Alticus simplicirrus,12,HerDet,Benthic,Alticus,NA,NA
Blenniidae,Andamia heteroptera,6.4,HerDet,Benthic,Andamia,NA,NA
Blenniidae,Andamia reyi,10,HerDet,Benthic,Andamia,NA,NA
Blenniidae,Andamia tetradactylus,10.5,HerDet,Benthic,Andamia,NA,NA
Blenniidae,Antennablennius adenensis,5,HerDet,Benthic,Antennablennius,NA,NA
Blenniidae,Antennablennius australis,7,HerDet,Benthic,Antennablennius,NA,NA
Blenniidae,Antennablennius bifilum,7.5,HerDet,Benthic,Antennablennius,NA,NA
Blenniidae,Antennablennius hypenetes,6.5,HerDet,Benthic,Antennablennius,NA,NA
Blenniidae,Antennablennius simonyi,5.5,HerDet,Benthic,Antennablennius,NA,NA
Blenniidae,Antennablennius variopunctatus,7.5,HerDet,Benthic,Antennablennius,NA,NA
Blenniidae,Aspidontus dussumieri,12,HerDet,Benthopelagic,Aspidontus,0.00562,3.06
Blenniidae,Aspidontus taeniatus,11.5,FisCep,Benthopelagic,Aspidontus,0.00562,3.06
Blenniidae,Aspidontus tractus,10,FisCep,Benthopelagic,Aspidontus,NA,NA
Blenniidae,Atrosalarias fuscus,14.5,HerDet,Benthic,Atrosalarias,NA,NA
Blenniidae,Atrosalarias holomelas,14.5,HerDet,Benthic,Atrosalarias,0.01047,3.02
Blenniidae,Atrosalarias hosokawai,7.38,HerDet,Benthic,Atrosalarias,NA,NA
Blenniidae,Bathyblennius antholops,5.36,Omnivr,Benthic,Bathyblennius,NA,NA
Blenniidae,Blenniella bilitonensis,16,HerDet,Benthic,Blenniella,NA,NA
Blenniidae,Blenniella caudolineata,8.2,HerDet,Benthic,Blenniella,NA,NA
Blenniidae,Blenniella chrysospilos,15.73,HerDet,Benthic,Blenniella,0.00741,3.02
Blenniidae,Blenniella cyanostigma,8.1,HerDet,Benthic,Blenniella,NA,NA
Blenniidae,Blenniella gibbifrons,12,HerDet,Benthic,Blenniella,NA,NA
Blenniidae,Blenniella interrupta,6,HerDet,Benthic,Blenniella,NA,NA
Blenniidae,Blenniella leopardus,6,HerDet,Benthic,Blenniella,NA,NA
Blenniidae,Blenniella paula,12.5,HerDet,Benthic,Blenniella,0.00741,3.02
Blenniidae,Blenniella periophthalmus,15,HerDet,Benthic,Blenniella,NA,NA
Blenniidae,Blennius normani,11,InvMob,Benthic,Blennius,NA,NA
Blenniidae,Blennius ocellaris,20,InvMob,Benthic,Blennius,NA,NA
Blenniidae,Chalaroderma capito,20,HerDet,Benthic,Chalaroderma,NA,NA
Blenniidae,Chalaroderma ocellata,7,HerDet,Benthic,Chalaroderma,NA,NA
Blenniidae,Chasmodes bosquianus,15,InvMob,Benthic,Chasmodes,NA,NA
Blenniidae,Chasmodes longimaxilla,8,Omnivr,Benthic,Chasmodes,NA,NA
Blenniidae,Chasmodes saburrae,10,Omnivr,Benthic,Chasmodes,NA,NA
Blenniidae,Cirripectes alboapicalis,15.5,HerDet,Benthic,Cirripectes,0.00741,3.02
Blenniidae,Cirripectes alleni,6.5,HerDet,Benthic,Cirripectes,0.01047,3.02
Blenniidae,Cirripectes auritus,8.4,HerDet,Benthic,Cirripectes,0.00741,3.02
Blenniidae,Cirripectes castaneus,9.2,HerDet,Benthic,Cirripectes,0.00741,3.02
Blenniidae,Cirripectes chelomatus,11.7,HerDet,Benthic,Cirripectes,0.00933,3.06
Blenniidae,Cirripectes filamentosus,9,HerDet,Benthic,Cirripectes,0.00741,3.02
Blenniidae,Cirripectes fuscoguttatus,13.3,HerDet,Benthic,Cirripectes,0.01047,3.02
Blenniidae,Cirripectes gilberti,10.2,HerDet,Benthic,Cirripectes,NA,NA
Blenniidae,Cirripectes heemstraorum,4.85,HerDet,Benthic,Cirripectes,NA,NA
Blenniidae,Cirripectes hutchinsi,10.6,HerDet,Benthic,Cirripectes,0.01047,3.02
Blenniidae,Cirripectes imitator,9.3,HerDet,Benthic,Cirripectes,NA,NA
Blenniidae,Cirripectes jenningsi,7.6,HerDet,Benthic,Cirripectes,NA,NA
Blenniidae,Cirripectes kuwamurai,5.59,HerDet,Benthic,Cirripectes,NA,NA
Blenniidae,Cirripectes obscurus,13.4,HerDet,Benthic,Cirripectes,NA,NA
Blenniidae,Cirripectes perustus,8.2,HerDet,Benthic,Cirripectes,NA,NA
Blenniidae,Cirripectes polyzona,13,HerDet,Benthic,Cirripectes,0.00741,3.02
Blenniidae,Cirripectes quagga,10,HerDet,Benthic,Cirripectes,NA,NA
Blenniidae,Cirripectes randalli,10.7,HerDet,Benthic,Cirripectes,NA,NA
Blenniidae,Cirripectes springeri,10,HerDet,Benthic,Cirripectes,0.01047,3.02
Blenniidae,Cirripectes stigmaticus,13,HerDet,Benthic,Cirripectes,0.01,3.02
Blenniidae,Cirripectes vanderbilti,10,HerDet,Benthic,Cirripectes,0.01047,3.02
Blenniidae,Cirripectes variolosus,8.9,HerDet,Benthic,Cirripectes,0.01047,3.02
Blenniidae,Cirripectes viriosus,11.5,HerDet,Benthic,Cirripectes,NA,NA
Blenniidae,Cirrisalarias bunares,3.5,HerDet,Benthic,Cirrisalarias,NA,NA
Blenniidae,Coryphoblennius galerita,7.6,Omnivr,Benthic,Coryphoblennius,NA,NA
Blenniidae,Crossosalarias macrospilus,10,HerDet,Benthic,Crossosalarias,0.00741,3.02
Blenniidae,Dodekablennos fraseri,5,HerDet,Benthic,Dodekablennos,NA,NA
Blenniidae,Ecsenius aequalis,4.3,HerDet,Benthic,Ecsenius,0.00741,3.02
Blenniidae,Ecsenius alleni,3.4,HerDet,Benthic,Ecsenius,0.00741,3.02
Blenniidae,Ecsenius aroni,5.5,HerDet,Benthic,Ecsenius,NA,NA
Blenniidae,Ecsenius australianus,6,HerDet,Benthic,Ecsenius,0.00741,3.02
Blenniidae,Ecsenius axelrodi,5.8,HerDet,Benthic,Ecsenius,NA,NA
Blenniidae,Ecsenius bandanus,4.25,HerDet,Benthic,Ecsenius,0.00741,3.02
Blenniidae,Ecsenius bathi,4.4,HerDet,Benthic,Ecsenius,0.00741,3.02
Blenniidae,Ecsenius bicolor,11,HerDet,Benthic,Ecsenius,0.00794,2.87
Blenniidae,Ecsenius bimaculatus,4.5,HerDet,Benthic,Ecsenius,NA,NA
Blenniidae,Ecsenius caeruliventris,2.43,HerDet,Benthic,Ecsenius,NA,NA
Blenniidae,Ecsenius collettei,5,HerDet,Benthic,Ecsenius,NA,NA
Blenniidae,Ecsenius dentex,4.8,HerDet,Benthic,Ecsenius,NA,NA
Blenniidae,Ecsenius dilemma,3.1,HerDet,Benthic,Ecsenius,NA,NA
Blenniidae,Ecsenius fijiensis,3.9,HerDet,Benthic,Ecsenius,0.00741,3.02
Blenniidae,Ecsenius fourmanoiri,4.9,HerDet,Benthic,Ecsenius,0.00741,3.02
Blenniidae,Ecsenius frontalis,8,HerDet,Benthic,Ecsenius,0.00741,3.02
Blenniidae,Ecsenius gravieri,8,HerDet,Benthic,Ecsenius,0.00741,3.02
Blenniidae,Ecsenius isos,3.2,HerDet,Benthic,Ecsenius,NA,NA
Blenniidae,Ecsenius kurti,4.375,HerDet,Benthic,Ecsenius,NA,NA
Blenniidae,Ecsenius lineatus,9,HerDet,Benthic,Ecsenius,0.00741,3.02
Blenniidae,Ecsenius lividanalis,5,HerDet,Benthic,Ecsenius,0.00741,3.02
Blenniidae,Ecsenius lubbocki,4,HerDet,Benthic,Ecsenius,NA,NA
Blenniidae,Ecsenius mandibularis,7.5,HerDet,Benthic,Ecsenius,0.00741,3.02
Blenniidae,Ecsenius melarchus,6.2,HerDet,Benthic,Ecsenius,NA,NA
Blenniidae,Ecsenius midas,13,Plktiv,Benthopelagic,Ecsenius,0.00741,3.02
Blenniidae,Ecsenius minutus,4,HerDet,Benthic,Ecsenius,0.00741,3.02
Blenniidae,Ecsenius monoculus,5,HerDet,Benthic,Ecsenius,NA,NA
Blenniidae,Ecsenius nalolo,6.5,HerDet,Benthic,Ecsenius,0.00741,3.02
Blenniidae,Ecsenius namiyei,11,HerDet,Benthic,Ecsenius,0.00741,3.02
Blenniidae,Ecsenius niue,3.09,HerDet,Benthic,Ecsenius,NA,NA
Blenniidae,Ecsenius oculatus,4.7,HerDet,Benthic,Ecsenius,0.00741,3.02
Blenniidae,Ecsenius oculus,7,HerDet,Benthic,Ecsenius,NA,NA
Blenniidae,Ecsenius ops,5.5,HerDet,Benthic,Ecsenius,0.00741,3.02
Blenniidae,Ecsenius opsifrontalis,5,HerDet,Benthic,Ecsenius,NA,NA
Blenniidae,Ecsenius pardus,4.8,HerDet,Benthic,Ecsenius,NA,NA
Blenniidae,Ecsenius paroculus,4,HerDet,Benthic,Ecsenius,NA,NA
Blenniidae,Ecsenius pictus,5,HerDet,Benthic,Ecsenius,NA,NA
Blenniidae,Ecsenius polystictus,4.2,HerDet,Benthic,Ecsenius,NA,NA
Blenniidae,Ecsenius portenoyi,4.5,HerDet,Benthic,Ecsenius,NA,NA
Blenniidae,Ecsenius prooculis,3.95,HerDet,Benthic,Ecsenius,0.00741,3.02
Blenniidae,Ecsenius pulcher,11,HerDet,Benthic,Ecsenius,NA,NA
Blenniidae,Ecsenius randalli,5,HerDet,Benthic,Ecsenius,NA,NA
Blenniidae,Ecsenius schroederi,7,HerDet,Benthic,Ecsenius,0.00741,3.02
Blenniidae,Ecsenius sellifer,4.1,HerDet,Benthic,Ecsenius,NA,NA
Blenniidae,Ecsenius shirleyae,2.84,HerDet,Benthic,Ecsenius,NA,NA
Blenniidae,Ecsenius stictus,5.8,HerDet,Benthic,Ecsenius,0.00741,3.02
Blenniidae,Ecsenius stigmatura,6,HerDet,Benthic,Ecsenius,0.00741,3.02
Blenniidae,Ecsenius taeniatus,3.2,HerDet,Benthic,Ecsenius,NA,NA
Blenniidae,Ecsenius tessera,4.5,HerDet,Benthic,Ecsenius,NA,NA
Blenniidae,Ecsenius tigris,5,HerDet,Benthic,Ecsenius,0.00741,3.02
Blenniidae,Ecsenius tricolor,6,HerDet,Benthic,Ecsenius,NA,NA
Blenniidae,Ecsenius trilineatus,3,HerDet,Benthic,Ecsenius,0.00741,3.02
Blenniidae,Ecsenius yaeyamaensis,6,HerDet,Benthic,Ecsenius,0.00741,3.02
Blenniidae,Enchelyurus ater,5.5,HerDet,Benthic,Enchelyurus,0.00562,3.06
Blenniidae,Enchelyurus brunneolus,2.9,HerDet,Benthic,Enchelyurus,NA,NA
Blenniidae,Enchelyurus flavipes,7.6,HerDet,Benthic,Enchelyurus,NA,NA
Blenniidae,Enchelyurus kraussii,4.5,HerDet,Benthic,Enchelyurus,NA,NA
Blenniidae,Enchelyurus petersi,5.4,HerDet,Benthic,Enchelyurus,NA,NA
Blenniidae,Entomacrodus cadenati,6.88,HerDet,Benthic,Entomacrodus,NA,NA
Blenniidae,Entomacrodus caudofasciatus,6.2,HerDet,Benthic,Entomacrodus,NA,NA
Blenniidae,Entomacrodus chapmani,3.9,HerDet,Benthic,Entomacrodus,NA,NA
Blenniidae,Entomacrodus chiostictus,7.5,HerDet,Benthic,Entomacrodus,NA,NA
Blenniidae,Entomacrodus corneliae,5,HerDet,Benthic,Entomacrodus,NA,NA
Blenniidae,Entomacrodus cymatobiotus,2.7,HerDet,Benthic,Entomacrodus,NA,NA
Blenniidae,Entomacrodus decussatus,19,HerDet,Benthic,Entomacrodus,NA,NA
Blenniidae,Entomacrodus epalzeocheilos,11,HerDet,Benthic,Entomacrodus,NA,NA
Blenniidae,Entomacrodus lemuria,6.79,HerDet,Benthic,Entomacrodus,NA,NA
Blenniidae,Entomacrodus lighti,11.8,HerDet,Benthic,Entomacrodus,NA,NA
Blenniidae,Entomacrodus macrospilus,4.2,HerDet,Benthic,Entomacrodus,NA,NA
Blenniidae,Entomacrodus marmoratus,15.2,HerDet,Benthic,Entomacrodus,NA,NA
Blenniidae,Entomacrodus nigricans,10,HerDet,Benthic,Entomacrodus,NA,NA
Blenniidae,Entomacrodus niuafoouensis,12,HerDet,Benthic,Entomacrodus,NA,NA
Blenniidae,Entomacrodus randalli,8.75,HerDet,Benthic,Entomacrodus,NA,NA
Blenniidae,Entomacrodus rofeni,8,HerDet,Benthic,Entomacrodus,NA,NA
Blenniidae,Entomacrodus sealei,8,HerDet,Benthic,Entomacrodus,NA,NA
Blenniidae,Entomacrodus solus,4.25,HerDet,Benthic,Entomacrodus,NA,NA
Blenniidae,Entomacrodus stellifer,11,HerDet,Benthic,Entomacrodus,NA,NA
Blenniidae,Entomacrodus strasburgi,4,HerDet,Benthic,Entomacrodus,NA,NA
Blenniidae,Entomacrodus striatus,11,HerDet,Benthic,Entomacrodus,NA,NA
Blenniidae,Entomacrodus textilis,6,HerDet,Benthic,Entomacrodus,NA,NA
Blenniidae,Entomacrodus thalassinus,4,HerDet,Benthic,Entomacrodus,NA,NA
Blenniidae,Entomacrodus vermiculatus,18,HerDet,Benthic,Entomacrodus,NA,NA
Blenniidae,Entomacrodus vomerinus,7.9,HerDet,Benthic,Entomacrodus,NA,NA
Blenniidae,Entomacrodus williamsi,5.28,HerDet,Benthic,Entomacrodus,NA,NA
Blenniidae,Exallias brevis,14.5,InvSes,Benthic,Exallias,0.01995,3.01
Blenniidae,Glyptoparus delicatulus,5,HerDet,Benthic,Glyptoparus,0.00741,3.02
Blenniidae,Haptogenys bipunctata,7.7,HerDet,Benthic,Haptogenys,NA,NA
Blenniidae,Hirculops cornifer,6,HerDet,Benthic,Hirculops,NA,NA
Blenniidae,Hypleurochilus aequipinnis,7.5,Omnivr,Benthic,Hypleurochilus,NA,NA
Blenniidae,Hypleurochilus bananensis,12,Omnivr,Benthic,Hypleurochilus,NA,NA
Blenniidae,Hypleurochilus bermudensis,10,Omnivr,Benthic,Hypleurochilus,NA,NA
Blenniidae,Hypleurochilus brasil,3.085,Omnivr,Benthic,Hypleurochilus,NA,NA
Blenniidae,Hypleurochilus caudovittatus,5.9,Omnivr,Benthic,Hypleurochilus,NA,NA
Blenniidae,Hypleurochilus fissicornis,8.9,Omnivr,Benthic,Hypleurochilus,NA,NA
Blenniidae,Hypleurochilus geminatus,10,Omnivr,Benthic,Hypleurochilus,NA,NA
Blenniidae,Hypleurochilus langi,8.3,Omnivr,Benthic,Hypleurochilus,NA,NA
Blenniidae,Hypleurochilus multifilis,10.2,Omnivr,Benthic,Hypleurochilus,NA,NA
Blenniidae,Hypleurochilus pseudoaequipinnis,6.8,Omnivr,Benthic,Hypleurochilus,NA,NA
Blenniidae,Hypleurochilus springeri,5,Omnivr,Benthic,Hypleurochilus,NA,NA
Blenniidae,Hypsoblennius brevipinnis,12,InvMob,Benthic,Hypsoblennius,NA,NA
Blenniidae,Hypsoblennius caulopus,9,Omnivr,Benthic,Hypsoblennius,NA,NA
Blenniidae,Hypsoblennius exstochilus,5,Omnivr,Benthic,Hypsoblennius,NA,NA
Blenniidae,Hypsoblennius gentilis,15,InvMob,Benthic,Hypsoblennius,NA,NA
Blenniidae,Hypsoblennius gilberti,17,Omnivr,Benthic,Hypsoblennius,NA,NA
Blenniidae,Hypsoblennius hentz,10,Omnivr,Benthic,Hypsoblennius,NA,NA
Blenniidae,Hypsoblennius invemar,5.8,Omnivr,Benthic,Hypsoblennius,NA,NA
Blenniidae,Hypsoblennius ionthas,10,Omnivr,Benthic,Hypsoblennius,NA,NA
Blenniidae,Hypsoblennius jenkinsi,13,Omnivr,Benthic,Hypsoblennius,NA,NA
Blenniidae,Hypsoblennius paytensis,4,Omnivr,Benthic,Hypsoblennius,NA,NA
Blenniidae,Hypsoblennius proteus,2.64,Omnivr,Benthic,Hypsoblennius,NA,NA
Blenniidae,Hypsoblennius robustus,3.9,Omnivr,Benthic,Hypsoblennius,NA,NA
Blenniidae,Hypsoblennius sordidus,19,Omnivr,Benthic,Hypsoblennius,NA,NA
Blenniidae,Hypsoblennius striatus,8,Omnivr,Benthic,Hypsoblennius,NA,NA
Blenniidae,Istiblennius bellus,16,HerDet,Benthic,Istiblennius,NA,NA
Blenniidae,Istiblennius colei,11.8,HerDet,Benthic,Istiblennius,NA,NA
Blenniidae,Istiblennius dussumieri,12,HerDet,Benthic,Istiblennius,NA,NA
Blenniidae,Istiblennius edentulus,16,HerDet,Benthic,Istiblennius,NA,NA
Blenniidae,Istiblennius flaviumbrinus,9,HerDet,Benthic,Istiblennius,NA,NA
Blenniidae,Istiblennius lineatus,15,HerDet,Benthic,Istiblennius,NA,NA
Blenniidae,Istiblennius meleagris,15,HerDet,Benthic,Istiblennius,NA,NA
Blenniidae,Istiblennius muelleri,7,HerDet,Benthic,Istiblennius,NA,NA
Blenniidae,Istiblennius pox,13,HerDet,Benthic,Istiblennius,NA,NA
Blenniidae,Istiblennius rivulatus,8.6,HerDet,Benthic,Istiblennius,NA,NA
Blenniidae,Istiblennius spilotus,14,HerDet,Benthic,Istiblennius,NA,NA
Blenniidae,Istiblennius steindachneri,11,HerDet,Benthic,Istiblennius,NA,NA
Blenniidae,Istiblennius unicolor,10.2,HerDet,Benthic,Istiblennius,NA,NA
Blenniidae,Istiblennius zebra,19.3,HerDet,Benthic,Istiblennius,NA,NA
Blenniidae,Laiphognathus longispinis,5.12,HerDet,Benthic,Laiphognathus,NA,NA
Blenniidae,Laiphognathus multimaculatus,4,HerDet,Benthic,Laiphognathus,NA,NA
Blenniidae,Lipophrys pholis,30,InvMob,Benthic,Lipophrys,0.0093,3
Blenniidae,Lipophrys pholis,30,InvMob,Benthic,Lipophrys,0.0093,3
Blenniidae,Lipophrys trigloides,13,InvMob,Benthic,Lipophrys,NA,NA
Blenniidae,Litobranchus fowleri,3.5,HerDet,Benthic,Litobranchus,NA,NA
Blenniidae,Lupinoblennius nicholsi,6,HerDet,Benthic,Lupinoblennius,NA,NA
Blenniidae,Lupinoblennius paivai,5.07,HerDet,Benthic,Lupinoblennius,NA,NA
Blenniidae,Lupinoblennius vinctus,5,HerDet,Benthic,Lupinoblennius,NA,NA
Blenniidae,Medusablennius chani,1.54,HerDet,Benthic,Medusablennius,NA,NA
Blenniidae,Meiacanthus abditus,11,Plktiv,Benthopelagic,Meiacanthus,NA,NA
Blenniidae,Meiacanthus abruptus,3.66,Plktiv,Benthopelagic,Meiacanthus,NA,NA
Blenniidae,Meiacanthus anema,7.2,InvMob,Benthopelagic,Meiacanthus,NA,NA
Blenniidae,Meiacanthus atrodorsalis,11,Plktiv,Benthopelagic,Meiacanthus,0.00562,3.06
Blenniidae,Meiacanthus bundoon,13.2,Plktiv,Benthopelagic,Meiacanthus,0.00562,3.06
Blenniidae,Meiacanthus crinitus,10,Plktiv,Benthopelagic,Meiacanthus,0.01122,3.04
Blenniidae,Meiacanthus cyanopterus,4.53,Plktiv,Benthopelagic,Meiacanthus,NA,NA
Blenniidae,Meiacanthus ditrema,6.5,Plktiv,Benthopelagic,Meiacanthus,0.00562,3.06
Blenniidae,Meiacanthus erdmanni,3.58,Plktiv,Benthopelagic,Meiacanthus,NA,NA
Blenniidae,Meiacanthus fraseri,5.43,Plktiv,Benthopelagic,Meiacanthus,NA,NA
Blenniidae,Meiacanthus geminatus,4.71,InvMob,Benthopelagic,Meiacanthus,NA,NA
Blenniidae,Meiacanthus grammistes,11,Plktiv,Benthopelagic,Meiacanthus,0.00562,3.06
Blenniidae,Meiacanthus kamoharai,6,InvMob,Benthopelagic,Meiacanthus,0.00562,3.06
Blenniidae,Meiacanthus limbatus,3.7,Plktiv,Benthopelagic,Meiacanthus,NA,NA
Blenniidae,Meiacanthus lineatus,9.5,Plktiv,Benthopelagic,Meiacanthus,0.00562,3.06
Blenniidae,Meiacanthus luteus,10.3,Plktiv,Benthopelagic,Meiacanthus,0.00562,3.06
Blenniidae,Meiacanthus mossambicus,10,InvMob,Benthopelagic,Meiacanthus,0.01122,3.04
Blenniidae,Meiacanthus naevius,3.58,Plktiv,Benthopelagic,Meiacanthus,NA,NA
Blenniidae,Meiacanthus nigrolineatus,9.5,InvMob,Benthopelagic,Meiacanthus,0.01122,3.04
Blenniidae,Meiacanthus oualanensis,10,InvMob,Benthopelagic,Meiacanthus,0.00562,3.06
Blenniidae,Meiacanthus procne,10,Plktiv,Benthopelagic,Meiacanthus,NA,NA
Blenniidae,Meiacanthus reticulatus,6.28,Plktiv,Benthopelagic,Meiacanthus,0.00562,3.06
Blenniidae,Meiacanthus smithi,8.5,InvMob,Benthopelagic,Meiacanthus,0.00562,3.06
Blenniidae,Meiacanthus tongaensis,12.91408369,Plktiv,Benthopelagic,Meiacanthus,0.00562,3.06
Blenniidae,Meiacanthus urostigma,8,Plktiv,Benthopelagic,Meiacanthus,NA,NA
Blenniidae,Meiacanthus vicinus,4.13,Plktiv,Benthopelagic,Meiacanthus,NA,NA
Blenniidae,Meiacanthus vittatus,8.5,InvMob,Benthic,Meiacanthus,NA,NA
Blenniidae,Microlipophrys adriaticus,5,Omnivr,Benthic,Microlipophrys,NA,NA
Blenniidae,Microlipophrys bauchotae,4.35,Omnivr,Benthic,Microlipophrys,NA,NA
Blenniidae,Microlipophrys caboverdensis,4,InvMob,Benthic,Microlipophrys,NA,NA
Blenniidae,Microlipophrys canevae,7.5,Omnivr,Benthic,Microlipophrys,NA,NA
Blenniidae,Microlipophrys dalmatinus,5.8,Omnivr,Benthic,Microlipophrys,NA,NA
Blenniidae,Microlipophrys nigriceps,4.3,Omnivr,Benthic,Microlipophrys,NA,NA
Blenniidae,Microlipophrys velifer,5.78,InvMob,Benthic,Microlipophrys,NA,NA
Blenniidae,Mimoblennius atrocinctus,5,Omnivr,Benthic,Mimoblennius,NA,NA
Blenniidae,Mimoblennius cas,3.24,HerDet,Benthic,Mimoblennius,NA,NA
Blenniidae,Mimoblennius cirrosus,5.4,HerDet,Benthic,Mimoblennius,NA,NA
Blenniidae,Mimoblennius lineathorax,2.61,HerDet,Benthic,Mimoblennius,NA,NA
Blenniidae,Mimoblennius rusi,4.02,HerDet,Benthic,Mimoblennius,NA,NA
Blenniidae,Nannosalarias nativitatis,5,HerDet,Benthic,Nannosalarias,0.00741,3.02
Blenniidae,Oman ypsilon,4,HerDet,Benthic,Oman,NA,NA
Blenniidae,Omobranchus anolius,7.5,Omnivr,Benthic,Omobranchus,NA,NA
Blenniidae,Omobranchus banditus,6,Omnivr,Benthic,Omobranchus,NA,NA
Blenniidae,Omobranchus elegans,6,HerDet,Benthic,Omobranchus,NA,NA
Blenniidae,Omobranchus elongatus,5,HerDet,Benthic,Omobranchus,NA,NA
Blenniidae,Omobranchus fasciolatoceps,6.5,Omnivr,Benthic,Omobranchus,NA,NA
Blenniidae,Omobranchus fasciolatus,6.8,HerDet,Benthic,Omobranchus,NA,NA
Blenniidae,Omobranchus ferox,6,HerDet,Benthic,Omobranchus,NA,NA
Blenniidae,Omobranchus germaini,8,HerDet,Benthic,Omobranchus,0.00562,3.06
Blenniidae,Omobranchus loxozonus,8,HerDet,Benthic,Omobranchus,NA,NA
Blenniidae,Omobranchus mekranensis,6,HerDet,Benthic,Omobranchus,NA,NA
Blenniidae,Omobranchus obliquus,5.6,HerDet,Benthic,Omobranchus,NA,NA
Blenniidae,Omobranchus punctatus,9.5,HerDet,Benthic,Omobranchus,NA,NA
Blenniidae,Omobranchus steinitzi,3.2,HerDet,Benthic,Omobranchus,NA,NA
Blenniidae,Omobranchus verticalis,4.8,HerDet,Benthic,Omobranchus,NA,NA
Blenniidae,Omobranchus woodi,8,HerDet,Benthic,Omobranchus,NA,NA
Blenniidae,Omobranchus zebra,6,HerDet,Benthic,Omobranchus,NA,NA
Blenniidae,Omox biporos,4.6,Omnivr,Benthic,Omox,NA,NA
Blenniidae,Omox lupus,3.5,Omnivr,Benthic,Omox,NA,NA
Blenniidae,Ophioblennius atlanticus,19,HerDet,Benthic,Ophioblennius,0.01047,3.02
Blenniidae,Ophioblennius macclurei,12.2,HerDet,Benthic,Ophioblennius,NA,NA
Blenniidae,Ophioblennius steindachneri,18,HerDet,Benthic,Ophioblennius,0.00955,2.99
Blenniidae,Ophioblennius trinitatis,5.63,HerDet,Benthic,Ophioblennius,NA,NA
Blenniidae,Parablennius cornutus,15,HerDet,Benthic,Parablennius,NA,NA
Blenniidae,Parablennius gattorugine,30,Omnivr,Benthic,Parablennius,0.01148,3.05
Blenniidae,Parablennius goreensis,7,Omnivr,Benthic,Parablennius,NA,NA
Blenniidae,Parablennius incognitus,8,InvMob,Benthic,Parablennius,0.01047,3.02
Blenniidae,Parablennius intermedius,12,HerDet,Benthic,Parablennius,0.00741,3.02
Blenniidae,Parablennius laticlavius,8,Omnivr,Benthic,Parablennius,0.00776,3.04
Blenniidae,Parablennius lodosus,4,HerDet,Benthic,Parablennius,NA,NA
Blenniidae,Parablennius marmoreus,8.5,HerDet,Benthic,Parablennius,0.01047,3.01
Blenniidae,Parablennius opercularis,6,HerDet,Benthic,Parablennius,NA,NA
Blenniidae,Parablennius parvicornis,12,HerDet,Benthic,Parablennius,NA,NA
Blenniidae,Parablennius pilicornis,12.7,InvMob,Benthic,Parablennius,0.01047,3.01
Blenniidae,Parablennius rouxi,8,Omnivr,Benthic,Parablennius,0.00741,3.02
Blenniidae,Parablennius ruber,14,Omnivr,Benthic,Parablennius,0.011,2.963
Blenniidae,Parablennius salensis,6,Omnivr,Benthic,Parablennius,NA,NA
Blenniidae,Parablennius sanguinolentus,20,HerDet,Benthic,Parablennius,NA,NA
Blenniidae,Parablennius tasmanianus,13,Omnivr,Benthic,Parablennius,0.00741,3.02
Blenniidae,Parablennius tentacularis,15,Omnivr,Benthic,Parablennius,0.01045,2.94375
Blenniidae,Parablennius thysanius,6.2,HerDet,Benthic,Parablennius,NA,NA
Blenniidae,Parablennius verryckeni,4.9,Omnivr,Benthic,Parablennius,NA,NA
Blenniidae,Parablennius yatabei,9,Omnivr,Benthic,Parablennius,NA,NA
Blenniidae,Parablennius zvonimiri,7,HerDet,Benthic,Parablennius,0.01047,3.01
Blenniidae,Paralticus amboinensis,16,HerDet,Benthic,Paralticus,NA,NA
Blenniidae,Parenchelyurus hepburni,4.5,HerDet,Benthic,Parenchelyurus,NA,NA
Blenniidae,Parenchelyurus hyena,3.8,HerDet,Benthic,Parenchelyurus,NA,NA
Blenniidae,Pereulixia kosiensis,20,HerDet,Benthic,Pereulixia,NA,NA
Blenniidae,Petroscirtes ancylodon,11.5,Omnivr,Benthic,Petroscirtes,NA,NA
Blenniidae,Petroscirtes breviceps,11,HerDet,Benthic,Petroscirtes,0.00562,3.06
Blenniidae,Petroscirtes fallax,9.5,Omnivr,Benthic,Petroscirtes,0.00562,3.06
Blenniidae,Petroscirtes lupus,13,InvMob,Benthic,Petroscirtes,0.00562,3.06
Blenniidae,Petroscirtes marginatus,4.91,HerDet,Benthic,Petroscirtes,NA,NA
Blenniidae,Petroscirtes mitratus,8.5,HerDet,Benthic,Petroscirtes,0.00562,3.06
Blenniidae,Petroscirtes pylei,4.09,HerDet,Benthic,Petroscirtes,NA,NA
Blenniidae,Petroscirtes springeri,7.65,HerDet,Benthic,Petroscirtes,NA,NA
Blenniidae,Petroscirtes thepassii,5.9,Omnivr,Benthic,Petroscirtes,NA,NA
Blenniidae,Petroscirtes variabilis,15,Omnivr,Benthic,Petroscirtes,NA,NA
Blenniidae,Petroscirtes xestus,7.5,Omnivr,Benthic,Petroscirtes,NA,NA
Blenniidae,Phenablennius heyligeri,5.3,InvMob,Benthic,Phenablennius,NA,NA
Blenniidae,Plagiotremus azaleus,10,FisCep,Benthic,Plagiotremus,0.00562,3.06
Blenniidae,Plagiotremus ewaensis,10.2,FisCep,Benthopelagic,Plagiotremus,0.00562,3.06
Blenniidae,Plagiotremus flavus,10.5,FisCep,Benthopelagic,Plagiotremus,NA,NA
Blenniidae,Plagiotremus goslinei,6.35,FisCep,Benthopelagic,Plagiotremus,0.00562,3.06
Blenniidae,Plagiotremus iosodon,4.5,FisCep,Benthopelagic,Plagiotremus,NA,NA
Blenniidae,Plagiotremus laudandus,8,FisCep,Benthopelagic,Plagiotremus,0.00562,3.06
Blenniidae,Plagiotremus phenax,8,FisCep,Benthopelagic,Plagiotremus,0.00562,3.06
Blenniidae,Plagiotremus rhinorhynchos,14,FisCep,Benthopelagic,Plagiotremus,0.00631,3.14
Blenniidae,Plagiotremus spilistius,17.4,FisCep,Benthopelagic,Plagiotremus,NA,NA
Blenniidae,Plagiotremus tapeinosoma,14,FisCep,Benthopelagic,Plagiotremus,0.00468,3.01
Blenniidae,Plagiotremus townsendi,6,FisCep,Benthopelagic,Plagiotremus,0.00562,3.06
Blenniidae,Praealticus bilineatus,9,HerDet,Benthic,Praealticus,NA,NA
Blenniidae,Praealticus caesius,7.9,HerDet,Benthic,Praealticus,NA,NA
Blenniidae,Praealticus labrovittatus,4.2,HerDet,Benthic,Praealticus,NA,NA
Blenniidae,Praealticus margaritatus,7.3,HerDet,Benthic,Praealticus,NA,NA
Blenniidae,Praealticus multistriatus,9,HerDet,Benthic,Praealticus,NA,NA
Blenniidae,Praealticus natalis,8,HerDet,Benthic,Praealticus,NA,NA
Blenniidae,Praealticus oortii,6,HerDet,Benthic,Praealticus,NA,NA
Blenniidae,Praealticus poptae,4.7,HerDet,Benthic,Praealticus,NA,NA
Blenniidae,Praealticus semicrenatus,6,HerDet,Benthic,Praealticus,NA,NA
Blenniidae,Praealticus striatus,9,HerDet,Benthic,Praealticus,NA,NA
Blenniidae,Praealticus tanegasimae,5.9,HerDet,Benthic,Praealticus,NA,NA
Blenniidae,Praealticus triangulus,7,HerDet,Benthic,Praealticus,NA,NA
Blenniidae,Rhabdoblennius nigropunctatus,6.1,HerDet,Benthic,Rhabdoblennius,NA,NA
Blenniidae,Rhabdoblennius nitidus,8.3,HerDet,Benthic,Rhabdoblennius,NA,NA
Blenniidae,Rhabdoblennius papuensis,3.88,HerDet,Benthic,Rhabdoblennius,NA,NA
Blenniidae,Rhabdoblennius rhabdotrachelus,4.1,HerDet,Benthic,Rhabdoblennius,NA,NA
Blenniidae,Rhabdoblennius snowi,7,HerDet,Benthic,Rhabdoblennius,NA,NA
Blenniidae,Salaria basilisca,18,InvMob,Benthic,Salaria,NA,NA
Blenniidae,Salaria fluviatilis,15.4,InvMob,Benthic,Salaria,NA,NA
Blenniidae,Salaria pavo,13,InvMob,Benthic,Salaria,NA,NA
Blenniidae,Salarias alboguttatus,9,HerDet,Benthic,Salarias,0.00741,3.02
Blenniidae,Salarias ceramensis,15,HerDet,Benthic,Salarias,0.00741,3.02
Blenniidae,Salarias fasciatus,14,HerDet,Benthic,Salarias,0.00832,3.02
Blenniidae,Salarias guttatus,10,HerDet,Benthic,Salarias,0.00741,3.02
Blenniidae,Salarias luctuosus,5,HerDet,Benthic,Salarias,NA,NA
Blenniidae,Salarias nigrocinctus,6.455654074,HerDet,Benthic,Salarias,NA,NA
Blenniidae,Salarias obscurus,13,HerDet,Benthic,Salarias,NA,NA
Blenniidae,Salarias patzneri,7,HerDet,Benthic,Salarias,0.00759,3.02
Blenniidae,Salarias ramosus,14,HerDet,Benthic,Salarias,NA,NA
Blenniidae,Salarias segmentatus,11,HerDet,Benthic,Salarias,0.01047,3.02
Blenniidae,Salarias sibogai,5,HerDet,Benthic,Salarias,NA,NA
Blenniidae,Salarias sinuosus,6,HerDet,Benthic,Salarias,NA,NA
Blenniidae,Scartella caboverdiana,6,HerDet,Benthic,Scartella,NA,NA
Blenniidae,Scartella cristata,12,HerDet,Benthic,Scartella,NA,NA
Blenniidae,Scartella emarginata,10,HerDet,Benthic,Scartella,NA,NA
Blenniidae,Scartella itajobi,4.7,HerDet,Benthic,Scartella,NA,NA
Blenniidae,Scartella nuchifilis,6.74,HerDet,Benthic,Scartella,NA,NA
Blenniidae,Scartella poiti,8.54,HerDet,Benthic,Scartella,NA,NA
Blenniidae,Scartella springeri,8.17,HerDet,Benthic,Scartella,NA,NA
Blenniidae,Scartichthys crapulatus,11.6,HerDet,Benthic,Scartichthys,NA,NA
Blenniidae,Scartichthys gigas,22.2,HerDet,Benthic,Scartichthys,NA,NA
Blenniidae,Scartichthys variolatus,16.3,HerDet,Benthic,Scartichthys,NA,NA
Blenniidae,Scartichthys viridis,19.7,HerDet,Benthic,Scartichthys,NA,NA
Blenniidae,Spaniblennius riodourensis,5.1,InvMob,Benthic,Spaniblennius,NA,NA
Blenniidae,Stanulus seychellensis,4,HerDet,Benthic,Stanulus,NA,NA
Blenniidae,Stanulus talboti,4.8,HerDet,Benthic,Stanulus,0.00741,3.02
Blenniidae,Xiphasia matsubarai,30,InvMob,Benthic,Xiphasia,NA,NA
Blenniidae,Xiphasia setifer,53,InvMob,Benthic,Xiphasia,0.00102,3.06
Bythitidae,Alionematichthys crassiceps,6.3,InvMob,Benthic,Alionematichthys,NA,NA
Bythitidae,Alionematichthys minyomma,7.79,InvMob,Benthic,Alionematichthys,NA,NA
Bythitidae,Alionematichthys piger,8.4,InvMob,Benthic,Alionematichthys,NA,NA
Bythitidae,Alionematichthys plicatosurculus,7.9,InvMob,Benthic,Alionematichthys,NA,NA
Bythitidae,Alionematichthys riukiuensis,7.87,InvMob,Benthic,Alionematichthys,NA,NA
Bythitidae,Alionematichthys suluensis,4.9,InvMob,Benthic,Alionematichthys,NA,NA
Bythitidae,Alionematichthys winterbottomi,8,InvMob,Benthic,Alionematichthys,NA,NA
Bythitidae,Beaglichthys bleekeri,7.2,InvMob,Benthic,Beaglichthys,NA,NA
Bythitidae,Bidenichthys beeblebroxi,8.2,InvMob,Benthic,Bidenichthys,NA,NA
Bythitidae,Brosmophyciops pautzkei,7.5,InvMob,Benthic,Brosmophyciops,0.00457,3.1
Bythitidae,Calamopteryx goslinei,6.35,InvMob,Benthic,Calamopteryx,NA,NA
Bythitidae,Dermatopsis hoesei,4,InvMob,Benthic,Dermatopsis,NA,NA
Bythitidae,Dermatopsis macrodon,10,InvMob,Benthic,Dermatopsis,NA,NA
Bythitidae,Dermatopsis multiradiatus,11.5,InvMob,Benthic,Dermatopsis,NA,NA
Bythitidae,Diancistrus alatus,3.2,InvMob,Benthic,Diancistrus,NA,NA
Bythitidae,Diancistrus alleni,7,InvMob,Benthic,Diancistrus,NA,NA
Bythitidae,Diancistrus altidorsalis,10.2,InvMob,Benthic,Diancistrus,NA,NA
Bythitidae,Diancistrus atollorum,5.8,InvMob,Benthic,Diancistrus,NA,NA
Bythitidae,Diancistrus beateae,14.9,InvMob,Benthic,Diancistrus,NA,NA
Bythitidae,Diancistrus brevirostris,5.9,InvMob,Benthic,Diancistrus,NA,NA
Bythitidae,Diancistrus eremitus,8.3,InvMob,Benthic,Diancistrus,NA,NA
Bythitidae,Diancistrus erythraeus,7,InvMob,Benthic,Diancistrus,NA,NA
Bythitidae,Diancistrus fijiensis,4.9,InvMob,Benthic,Diancistrus,NA,NA
Bythitidae,Diancistrus fuscus,7,InvMob,Benthic,Diancistrus,NA,NA
Bythitidae,Diancistrus jeffjohnsoni,6,InvMob,Benthic,Diancistrus,NA,NA
Bythitidae,Diancistrus karinae,7.5,InvMob,Benthic,Diancistrus,0.00389,3.12
Bythitidae,Diancistrus katrinae,7.5,InvMob,Benthic,Diancistrus,0.00389,3.12
Bythitidae,Diancistrus leisi,3.3,InvMob,Benthic,Diancistrus,NA,NA
Bythitidae,Diancistrus longifilis,7.6,InvMob,Benthic,Diancistrus,NA,NA
Bythitidae,Diancistrus machidai,6,InvMob,Benthic,Diancistrus,NA,NA
Bythitidae,Diancistrus mcgroutheri,4.7,InvMob,Benthic,Diancistrus,NA,NA
Bythitidae,Diancistrus novaeguineae,10.3,InvMob,Benthic,Diancistrus,NA,NA
Bythitidae,Diancistrus pohnpeiensis,8.2,InvMob,Benthic,Diancistrus,NA,NA
Bythitidae,Diancistrus tongaensis,4.5,InvMob,Benthic,Diancistrus,NA,NA
Bythitidae,Didymothallus criniceps,5.4,InvMob,Benthic,Didymothallus,NA,NA
Bythitidae,Dinematichthys iluocoeteoides,12,InvMob,Benthic,Dinematichthys,NA,NA
Bythitidae,Dinematichthys trilobatus,4.6,InvMob,Benthic,Dinematichthys,NA,NA
Bythitidae,Dipulus caecus,19.7,InvMob,Benthic,Dipulus,NA,NA
Bythitidae,Dipulus hutchinsi,10.2,InvMob,Benthic,Dipulus,NA,NA
Bythitidae,Ematops randalli,4.2,InvMob,Benthic,Ematops,NA,NA
Bythitidae,Eusurculus andamanensis,4.4,InvMob,Benthic,Eusurculus,NA,NA
Bythitidae,Eusurculus pistillum,4.87,InvMob,Benthic,Eusurculus,NA,NA
Bythitidae,Grammonus ater,12,InvMob,Benthic,Grammonus,NA,NA
Bythitidae,Grammonus claudei,10,InvMob,Benthic,Grammonus,NA,NA
Bythitidae,Grammonus diagrammus,20.3,InvMob,Benthic,Grammonus,NA,NA
Bythitidae,Grammonus longhursti,10.6,InvMob,Benthic,Grammonus,NA,NA
Bythitidae,Grammonus robustus,21,InvMob,Benthic,Grammonus,NA,NA
Bythitidae,Mascarenichthys heemstrai,4.4,InvMob,Benthic,Mascarenichthys,NA,NA
Bythitidae,Microbrotula bentleyi,4,InvMob,Benthic,Microbrotula,NA,NA
Bythitidae,Microbrotula queenslandica,3.12,InvMob,Benthic,Microbrotula,NA,NA
Bythitidae,Ogilbia boehlkei,7,InvMob,Benthic,Ogilbia,NA,NA
Bythitidae,Ogilbia cayorum,6,InvMob,Benthic,Ogilbia,NA,NA
Bythitidae,Ogilbia deroyi,7,InvMob,Benthic,Ogilbia,NA,NA
Bythitidae,Ogilbia jeffwilliamsi,5.6,InvMob,Benthic,Ogilbia,NA,NA
Bythitidae,Ogilbia jewettae,6.8,InvMob,Benthic,Ogilbia,NA,NA
Bythitidae,Ogilbia mccoskeri,6.5,InvMob,Benthic,Ogilbia,NA,NA
Bythitidae,Ogilbia nigromarginata,7.7,InvMob,Benthic,Ogilbia,NA,NA
Bythitidae,Ogilbia nudiceps,5.3,InvMob,Benthic,Ogilbia,NA,NA
Bythitidae,Ogilbia robertsoni,7.1,InvMob,Benthic,Ogilbia,NA,NA
Bythitidae,Ogilbia sabaji,5,InvMob,Benthic,Ogilbia,NA,NA
Bythitidae,Ogilbia sedorae,5.9,InvMob,Benthic,Ogilbia,NA,NA
Bythitidae,Ogilbia suarezae,7.5,InvMob,Benthic,Ogilbia,NA,NA
Bythitidae,Ogilbia tyleri,5,InvMob,Benthic,Ogilbia,NA,NA
Bythitidae,Ogilbia ventralis,7.8,InvMob,Benthic,Ogilbia,NA,NA
Bythitidae,Ogilbichthys kakuki,6.7,InvMob,Benthic,Ogilbichthys,NA,NA
Bythitidae,Paradiancistrus acutirostris,3.6,InvMob,Benthic,Paradiancistrus,NA,NA
Bythitidae,Paradiancistrus cuyoensis,3.6,InvMob,Benthic,Paradiancistrus,NA,NA
Bythitidae,Stygnobrotula latebricola,7.5,InvMob,Benthic,Stygnobrotula,0.01122,3.04
Bythitidae,Ungusurculus philippinensis,4.8,InvMob,Benthic,Ungusurculus,NA,NA
Bythitidae,Ungusurculus riauensis,4.7,InvMob,Benthic,Ungusurculus,NA,NA
Bythitidae,Ungusurculus sundaensis,5.4,InvMob,Benthic,Ungusurculus,NA,NA
Bythitidae,Ungusurculus williamsi,4.5,InvMob,Benthic,Ungusurculus,NA,NA
Bythitidae,Zephyrichthys barryi,5.9,InvMob,Benthic,Zephyrichthys,NA,NA
Carangidae,Alectis alexandrina,100,FisCep,Pelagic,Alectis,NA,NA
Carangidae,Alectis ciliaris,150,FisCep,Pelagic,Alectis,0.02188,2.85
Carangidae,Alectis indica,125,FisCep,Pelagic,Alectis,0.048,2.444
Carangidae,Alepes djedaba,40,Plktiv,Pelagic,Alepes,0.026842,3.016
Carangidae,Alepes kleinii,18.1,Plktiv,Pelagic,Alepes,0.029686,2.697
Carangidae,Alepes melanoptera,25,FisCep,Pelagic,Alepes,0.029,2.763
Carangidae,Alepes vari,56,InvMob,Pelagic,Alepes,0.01148,2.89
Carangidae,Atropus atropos,26.5,FisCep,Pelagic,Atropus,0.0234,2.864
Carangidae,Atule mate,30,InvMob,Pelagic,Atule,0.05098,3.066
Carangidae,Carangoides armatus,57,FisCep,Pelagic,Carangoides,0.0195,2.94
Carangidae,Carangoides bajad,55,FisCep,Pelagic,Carangoides,0.00977,2.9
Carangidae,Carangoides bartholomaei,100,FisCep,Pelagic,Carangoides,0.108289545,2.853912121
Carangidae,Carangoides chrysophrys,80.5,FisCep,Pelagic,Carangoides,0.0146,2.93
Carangidae,Carangoides coeruleopinnatus,41,FisCep,Pelagic,Carangoides,NA,NA
Carangidae,Carangoides dinema,85,FisCep,Pelagic,Carangoides,NA,NA
Carangidae,Carangoides equula,55.1,FisCep,Pelagic,Carangoides,0.040866667,2.816666667
Carangidae,Carangoides ferdau,70,FisCep,Pelagic,Carangoides,0.989575,2.3337
Carangidae,Carangoides fulvoguttatus,120,FisCep,Pelagic,Carangoides,0.01549,2.89
Carangidae,Carangoides gymnostethus,90,FisCep,Pelagic,Carangoides,0.02399,2.92
Carangidae,Carangoides hedlandensis,32,FisCep,Pelagic,Carangoides,NA,NA
Carangidae,Carangoides humerosus,25,FisCep,Pelagic,Carangoides,NA,NA
Carangidae,Carangoides malabaricus,60,FisCep,Pelagic,Carangoides,0.026833333,2.812666667
Carangidae,Carangoides oblongus,46,FisCep,Pelagic,Carangoides,0.01698,2.95
Carangidae,Carangoides orthogrammus,75,FisCep,Pelagic,Carangoides,0.0166,2.95
Carangidae,Carangoides otrynter,60,FisCep,Pelagic,Carangoides,NA,NA
Carangidae,Carangoides plagiotaenia,50,InvMob,Pelagic,Carangoides,0.01698,2.95
Carangidae,Carangoides praeustus,25,FisCep,Pelagic,Carangoides,NA,NA
Carangidae,Carangoides talamparoides,51,FisCep,Pelagic,Carangoides,NA,NA
Carangidae,Caranx bucculentus,66,FisCep,Pelagic,Caranx,0.02455,2.92
Carangidae,Caranx caballus,62.4,FisCep,Pelagic,Caranx,0.01905,2.97
Carangidae,Caranx caninus,101,FisCep,Pelagic,Caranx,0.016766667,2.943333333
Carangidae,Caranx crysos,70,FisCep,Pelagic,Caranx,0.02195,2.87975
Carangidae,Caranx fischeri,53,FisCep,Pelagic,Caranx,NA,NA
Carangidae,Caranx heberi,88,FisCep,Pelagic,Caranx,NA,NA
Carangidae,Caranx hippos,124,FisCep,Pelagic,Caranx,0.02265,2.87
Carangidae,Caranx ignobilis,170,FisCep,Pelagic,Caranx,0.028625,2.76125
Carangidae,Caranx latus,101,FisCep,Pelagic,Caranx,0.0178,2.8921
Carangidae,Caranx lugubris,100,FisCep,Pelagic,Caranx,0.0199,2.91
Carangidae,Caranx melampygus,126.2,FisCep,Pelagic,Caranx,0.01778,2.95
Carangidae,Caranx papuensis,88,FisCep,Pelagic,Caranx,0.01778,2.96
Carangidae,Caranx rhonchus,60,FisCep,Pelagic,Caranx,0.0775,2.4255
Carangidae,Caranx ruber,67,FisCep,Pelagic,Caranx,0.0197,2.86
Carangidae,Caranx senegallus,100,FisCep,Pelagic,Caranx,NA,NA
Carangidae,Caranx sexfasciatus,120,FisCep,Pelagic,Caranx,0.015133333,2.966333333
Carangidae,Caranx tille,80,FisCep,Pelagic,Caranx,0.0138,2.99
Carangidae,Caranx vinctus,37,FisCep,Pelagic,Caranx,NA,NA
Carangidae,Chloroscombrus chrysurus,65,Plktiv,Pelagic,Chloroscombrus,0.01892625,2.8377875
Carangidae,Chloroscombrus orqueta,30,Omnivr,Pelagic,Chloroscombrus,NA,NA
Carangidae,Decapterus kurroides,45,Plktiv,Pelagic,Decapterus,0.056,2.35
Carangidae,Decapterus macarellus,40.5,Plktiv,Pelagic,Decapterus,0.00783,3.14
Carangidae,Decapterus macrosoma,35,Plktiv,Pelagic,Decapterus,0.007746667,3.041666667
Carangidae,Decapterus maruadsi,25,Plktiv,Pelagic,Decapterus,0.01148,2.97
Carangidae,Decapterus muroadsi,50,Plktiv,Pelagic,Decapterus,0.0123,2.98
Carangidae,Decapterus punctatus,33.6,Plktiv,Pelagic,Decapterus,0.01015,3.0283
Carangidae,Decapterus russelli,45,Plktiv,Pelagic,Decapterus,0.030595455,2.817181818
Carangidae,Decapterus tabl,50,Plktiv,Pelagic,Decapterus,NA,NA
Carangidae,Elagatis bipinnulata,180,FisCep,Pelagic,Elagatis,0.016,2.754
Carangidae,Hemicaranx leucurus,49.5,FisCep,Pelagic,Hemicaranx,NA,NA
Carangidae,Hemicaranx zelotes,35,FisCep,Pelagic,Hemicaranx,NA,NA
Carangidae,Lichia amia,200,FisCep,Pelagic,Lichia,NA,NA
Carangidae,Megalaspis cordyla,80,FisCep,Pelagic,Megalaspis,0.06995,2.58804
Carangidae,Naucrates ductor,70,FisCep,Pelagic,Naucrates,0.0138,2.94
Carangidae,Oligoplites altus,56,FisCep,Pelagic,Oligoplites,NA,NA
Carangidae,Oligoplites saliens,50,Plktiv,Pelagic,Oligoplites,NA,NA
Carangidae,Oligoplites saurus,35,FisCep,Pelagic,Oligoplites,NA,NA
Carangidae,Pantolabus radiatus,40,FisCep,Pelagic,Pantolabus,NA,NA
Carangidae,Parastromateus niger,75,Plktiv,Pelagic,Parastromateus,0.039014286,2.839857143
Carangidae,Parona signata,60,Plktiv,Pelagic,Parona,NA,NA
Carangidae,Pseudocaranx dentex,122,FisCep,Benthopelagic,Pseudocaranx,0.019286667,2.8544
Carangidae,Pseudocaranx dinjerra,23,FisCep,Pelagic,Pseudocaranx,NA,NA
Carangidae,Pseudocaranx wrighti,70,FisCep,Pelagic,Pseudocaranx,0.01318,2.96
Carangidae,Scomberoides commersonnianus,120,FisCep,Pelagic,Scomberoides,0.00564,3.105
Carangidae,Scomberoides lysan,110,FisCep,Pelagic,Scomberoides,0.01259,2.87
Carangidae,Scomberoides tala,70,FisCep,Pelagic,Scomberoides,NA,NA
Carangidae,Scomberoides tol,60,FisCep,Pelagic,Scomberoides,0.00851,2.89
Carangidae,Selar boops,28.2,Plktiv,Pelagic,Selar,0.01585,3.02
Carangidae,Selar crumenophthalmus,30,Plktiv,Pelagic,Selar,0.006782,3.2446
Carangidae,Selaroides leptolepis,22,FisCep,Pelagic,Selaroides,0.028675556,2.924444444
Carangidae,Selene brevoortii,38,FisCep,Pelagic,Selene,NA,NA
Carangidae,Selene brownii,29,FisCep,Pelagic,Selene,0.01492,2.9315
Carangidae,Selene dorsalis,40,FisCep,Pelagic,Selene,0.0474,2.5195
Carangidae,Selene orstedii,33,FisCep,Pelagic,Selene,NA,NA
Carangidae,Selene peruviana,40,FisCep,Pelagic,Selene,NA,NA
Carangidae,Selene setapinnis,60,FisCep,Pelagic,Selene,0.015172857,2.892714286
Carangidae,Selene vomer,48.3,FisCep,Pelagic,Selene,NA,NA
Carangidae,Seriola carpenteri,72.5,FisCep,Pelagic,Seriola,NA,NA
Carangidae,Seriola dumerili,190,FisCep,Pelagic,Seriola,0.032622,2.80912
Carangidae,Seriola fasciata,67.5,FisCep,Pelagic,Seriola,NA,NA
Carangidae,Seriola hippos,150,FisCep,Pelagic,Seriola,0.01413,2.94
Carangidae,Seriola lalandi,200,FisCep,Pelagic,Seriola,0.04477,2.584266667
Carangidae,Seriola peruana,57,FisCep,Pelagic,Seriola,NA,NA
Carangidae,Seriola rivoliana,163.2,FisCep,Pelagic,Seriola,0.0182,2.92
Carangidae,Seriola zonata,75,FisCep,Pelagic,Seriola,NA,NA
Carangidae,Seriolina nigrofasciata,70,FisCep,Pelagic,Seriolina,NA,NA
Carangidae,Trachinotus africanus,92,FisCep,Pelagic,Trachinotus,NA,NA
Carangidae,Trachinotus anak,100,FisCep,Pelagic,Trachinotus,0.01288,2.93
Carangidae,Trachinotus baillonii,60,FisCep,Pelagic,Trachinotus,0.01288,2.93
Carangidae,Trachinotus blochii,110,FisCep,Pelagic,Trachinotus,0.02692,2.81
Carangidae,Trachinotus botla,75,FisCep,Pelagic,Trachinotus,NA,NA
Carangidae,Trachinotus carolinus,64,FisCep,Pelagic,Trachinotus,NA,NA
Carangidae,Trachinotus coppingeri,34.5,FisCep,Pelagic,Trachinotus,NA,NA
Carangidae,Trachinotus falcatus,147.5,InvMob,Pelagic,Trachinotus,0.0281,2.894
Carangidae,Trachinotus goodei,50,FisCep,Benthopelagic,Trachinotus,NA,NA
Carangidae,Trachinotus goreensis,60,FisCep,Benthopelagic,Trachinotus,NA,NA
Carangidae,Trachinotus maxillosus,80,FisCep,Benthopelagic,Trachinotus,NA,NA
Carangidae,Trachinotus mookalee,90,FisCep,Pelagic,Trachinotus,NA,NA
Carangidae,Trachinotus ovatus,70,FisCep,Benthopelagic,Trachinotus,0.0149,2.87925
Carangidae,Trachinotus paitensis,51,FisCep,Pelagic,Trachinotus,NA,NA
Carangidae,Trachinotus rhodopus,61,FisCep,Benthic,Trachinotus,0.01288,2.93
Carangidae,Trachinotus stilbe,34,FisCep,Benthic,Trachinotus,0.01288,2.93
Carangidae,Trachinotus teraia,68,FisCep,Benthopelagic,Trachinotus,NA,NA
Carangidae,Trachurus capensis,65.9,Plktiv,Pelagic,Trachurus,0.0078,3.011
Carangidae,Trachurus declivis,73,Plktiv,Pelagic,Trachurus,0.01259,2.97
Carangidae,Trachurus delagoa,35,Plktiv,Pelagic,Trachurus,NA,NA
Carangidae,Trachurus japonicus,50,Plktiv,Pelagic,Trachurus,0.00725,3.0925
Carangidae,Trachurus lathami,40,Plktiv,Pelagic,Trachurus,0.008405,3.02946
Carangidae,Trachurus longimanus,22,Plktiv,Pelagic,Trachurus,NA,NA
Carangidae,Trachurus mediterraneus,68.6,Plktiv,Pelagic,Trachurus,0.01072875,2.967825
Carangidae,Trachurus murphyi,70,Plktiv,Pelagic,Trachurus,0.04665,2.56
Carangidae,Trachurus novaezelandiae,58.3,Plktiv,Pelagic,Trachurus,0.019813333,2.7722
Carangidae,Trachurus picturatus,60,Plktiv,Pelagic,Trachurus,0.006062,3.08708
Carangidae,Trachurus symmetricus,81,Plktiv,Pelagic,Trachurus,0.00977,2.95
Carangidae,Trachurus trachurus,70,Plktiv,Pelagic,Trachurus,0.01013375,2.960069643
Carangidae,Trachurus trecae,39.4,Plktiv,Pelagic,Trachurus,0.01096,2.94
Carangidae,Ulua mentalis,100,FisCep,Benthopelagic,Ulua,0.0302,2.89
Carangidae,Uraspis helvola,58,InvMob,Benthopelagic,Uraspis,0.028,2.847
Carangidae,Uraspis secunda,50,FisCep,Benthopelagic,Uraspis,NA,NA
Carangidae,Uraspis uraspis,28,FisCep,Benthic,Uraspis,NA,NA
Centriscidae,Aeoliscus punctulatus,15,Plktiv,Benthopelagic,Aeoliscus,NA,NA
Centriscidae,Aeoliscus strigatus,15,Plktiv,Benthopelagic,Aeoliscus,0.00269,3.1
Centriscidae,Centriscus cristatus,30,Plktiv,Benthopelagic,Centriscus,NA,NA
Centriscidae,Centriscus scutatus,15,Plktiv,Benthopelagic,Centriscus,NA,NA
Chaenopsidae,Acanthemblemaria aspera,4,Plktiv,Benthic,Acanthemblemaria,0.00468,3.08
Chaenopsidae,Acanthemblemaria atrata,3.2,Plktiv,Benthic,Acanthemblemaria,0.00468,3.08
Chaenopsidae,Acanthemblemaria balanorum,5.19,Plktiv,Benthic,Acanthemblemaria,NA,NA
Chaenopsidae,Acanthemblemaria betinensis,4.3,Plktiv,Benthic,Acanthemblemaria,NA,NA
Chaenopsidae,Acanthemblemaria castroi,6,Plktiv,Benthic,Acanthemblemaria,NA,NA
Chaenopsidae,Acanthemblemaria chaplini,4.5,Plktiv,Benthic,Acanthemblemaria,NA,NA
Chaenopsidae,Acanthemblemaria crockeri,6,Plktiv,Benthic,Acanthemblemaria,0.00468,3
Chaenopsidae,Acanthemblemaria exilispinus,5.5,Plktiv,Benthic,Acanthemblemaria,NA,NA
Chaenopsidae,Acanthemblemaria greenfieldi,3.6,Plktiv,Benthic,Acanthemblemaria,NA,NA
Chaenopsidae,Acanthemblemaria hancocki,4.5,Plktiv,Benthic,Acanthemblemaria,0.00468,3.08
Chaenopsidae,Acanthemblemaria johnsoni,2,Plktiv,Benthic,Acanthemblemaria,NA,NA
Chaenopsidae,Acanthemblemaria macrospilus,6,Plktiv,Benthic,Acanthemblemaria,NA,NA
Chaenopsidae,Acanthemblemaria mangognatha,3.09,Plktiv,Benthic,Acanthemblemaria,NA,NA
Chaenopsidae,Acanthemblemaria maria,5.1,Plktiv,Benthic,Acanthemblemaria,NA,NA
Chaenopsidae,Acanthemblemaria medusa,4,Plktiv,Benthic,Acanthemblemaria,NA,NA
Chaenopsidae,Acanthemblemaria paula,1.8,Plktiv,Benthic,Acanthemblemaria,NA,NA
Chaenopsidae,Acanthemblemaria rivasi,3,Plktiv,Benthic,Acanthemblemaria,NA,NA
Chaenopsidae,Acanthemblemaria spinosa,3.1,Plktiv,Benthic,Acanthemblemaria,0.00468,3.08
Chaenopsidae,Acanthemblemaria stephensi,5,Plktiv,Benthic,Acanthemblemaria,NA,NA
Chaenopsidae,Chaenopsis alepidota,15,InvMob,Benthic,Chaenopsis,NA,NA
Chaenopsidae,Chaenopsis deltarrhis,7.5,Plktiv,Benthic,Chaenopsis,NA,NA
Chaenopsidae,Chaenopsis limbaughi,8.5,InvMob,Benthic,Chaenopsis,NA,NA
Chaenopsidae,Chaenopsis megalops,10.2,InvMob,Benthic,Chaenopsis,NA,NA
Chaenopsidae,Chaenopsis ocellata,12.5,InvMob,Benthic,Chaenopsis,NA,NA
Chaenopsidae,Chaenopsis resh,13,InvMob,Benthic,Chaenopsis,NA,NA
Chaenopsidae,Chaenopsis roseola,4.3,InvMob,Benthic,Chaenopsis,NA,NA
Chaenopsidae,Chaenopsis schmitti,8,Plktiv,Benthic,Chaenopsis,NA,NA
Chaenopsidae,Chaenopsis stephensi,4.6,InvMob,Benthic,Chaenopsis,NA,NA
Chaenopsidae,Cirriemblemaria lucasana,4,Plktiv,Benthic,Cirriemblemaria,NA,NA
Chaenopsidae,Coralliozetus angelicus,3.5,Plktiv,Benthic,Coralliozetus,NA,NA
Chaenopsidae,Coralliozetus cardonae,8.5,Plktiv,Benthic,Coralliozetus,NA,NA
Chaenopsidae,Coralliozetus micropes,4,Plktiv,Benthic,Coralliozetus,NA,NA
Chaenopsidae,Coralliozetus rosenblatti,3.5,Plktiv,Benthic,Coralliozetus,NA,NA
Chaenopsidae,Coralliozetus springeri,2.5,Plktiv,Benthic,Coralliozetus,NA,NA
Chaenopsidae,Ekemblemaria myersi,7,InvMob,Benthic,Ekemblemaria,0.00468,3.08
Chaenopsidae,Ekemblemaria nigra,6.2,InvMob,Pelagic,Ekemblemaria,NA,NA
Chaenopsidae,Emblemaria atlantica,7.5,InvMob,Benthic,Emblemaria,NA,NA
Chaenopsidae,Emblemaria biocellata,3.75,InvMob,Benthic,Emblemaria,NA,NA
Chaenopsidae,Emblemaria caldwelli,2.6,InvMob,Benthic,Emblemaria,NA,NA
Chaenopsidae,Emblemaria culmenis,5.1,InvMob,Benthic,Emblemaria,NA,NA
Chaenopsidae,Emblemaria diphyodontis,7,InvMob,Benthic,Emblemaria,NA,NA
Chaenopsidae,Emblemaria hyltoni,2.3,InvMob,Benthic,Emblemaria,NA,NA
Chaenopsidae,Emblemaria hypacanthus,5,Plktiv,Benthic,Emblemaria,NA,NA
Chaenopsidae,Emblemaria nivipes,4.2,Plktiv,Benthic,Emblemaria,NA,NA
Chaenopsidae,Emblemaria pandionis,6,Plktiv,Benthic,Emblemaria,NA,NA
Chaenopsidae,Emblemaria piratica,4,Plktiv,Benthic,Emblemaria,NA,NA
Chaenopsidae,Emblemaria piratula,5,InvMob,Benthic,Emblemaria,NA,NA
Chaenopsidae,Emblemaria walkeri,6.5,Plktiv,Benthic,Emblemaria,NA,NA
Chaenopsidae,Emblemariopsis arawak,2,InvMob,Benthic,Emblemariopsis,NA,NA
Chaenopsidae,Emblemariopsis bahamensis,2.5,InvMob,Benthic,Emblemariopsis,NA,NA
Chaenopsidae,Emblemariopsis bottomei,2.96,InvMob,Benthic,Emblemariopsis,0.00468,3.08
Chaenopsidae,Emblemariopsis carib,1.48,InvMob,Benthic,Emblemariopsis,NA,NA
Chaenopsidae,Emblemariopsis dianae,2.11,InvMob,Benthic,Emblemariopsis,NA,NA
Chaenopsidae,Emblemariopsis diaphana,4,InvMob,Benthic,Emblemariopsis,NA,NA
Chaenopsidae,Emblemariopsis leptocirris,2.2,InvMob,Benthic,Emblemariopsis,NA,NA
Chaenopsidae,Emblemariopsis occidentalis,1.92,InvMob,Benthic,Emblemariopsis,NA,NA
Chaenopsidae,Emblemariopsis pricei,2.86,InvMob,Benthic,Emblemariopsis,NA,NA
Chaenopsidae,Emblemariopsis ramirezi,3.1,InvMob,Benthic,Emblemariopsis,NA,NA
Chaenopsidae,Emblemariopsis randalli,3.8,InvMob,Benthic,Emblemariopsis,NA,NA
Chaenopsidae,Emblemariopsis ruetzleri,2,InvMob,Benthic,Emblemariopsis,NA,NA
Chaenopsidae,Emblemariopsis signifer,3.3,InvMob,Benthic,Emblemariopsis,0.00468,3.08
Chaenopsidae,Emblemariopsis tayrona,3,InvMob,Benthic,Emblemariopsis,NA,NA
Chaenopsidae,Hemiemblemaria simulus,10,InvMob,Benthic,Hemiemblemaria,NA,NA
Chaenopsidae,Lucayablennius zingaro,5,InvMob,Benthic,Lucayablennius,0.00468,3.08
Chaenopsidae,Mccoskerichthys sandae,8,Plktiv,Benthic,Mccoskerichthys,0.00102,3.06
Chaenopsidae,Neoclinus lacunicola,6,InvMob,Benthic,Neoclinus,NA,NA
Chaenopsidae,Neoclinus nudus,5.19,InvMob,Benthic,Neoclinus,NA,NA
Chaenopsidae,Neoclinus okazakii,6.19,InvMob,Benthic,Neoclinus,NA,NA
Chaenopsidae,Neoclinus toshimaensis,7,InvMob,Benthic,Neoclinus,NA,NA
Chaenopsidae,Protemblemaria bicirrus,4.5,InvMob,Benthic,Protemblemaria,NA,NA
Chaenopsidae,Protemblemaria perla,4.08,InvMob,Benthic,Protemblemaria,NA,NA
Chaenopsidae,Protemblemaria punctata,6,InvMob,Benthic,Protemblemaria,NA,NA
Chaenopsidae,Stathmonotus culebrai,5,InvMob,Benthic,Stathmonotus,NA,NA
Chaenopsidae,Stathmonotus gymnodermis,4,InvMob,Benthic,Stathmonotus,NA,NA
Chaenopsidae,Stathmonotus hemphillii,5,InvMob,Benthic,Stathmonotus,NA,NA
Chaenopsidae,Stathmonotus sinuscalifornici,6.5,InvMob,Benthic,Stathmonotus,NA,NA
Chaenopsidae,Stathmonotus stahli,4,InvMob,Benthic,Stathmonotus,NA,NA
Chaenopsidae,Stathmonotus tekla,2.5,InvMob,Benthic,Stathmonotus,NA,NA
Chaenopsidae,Tanyemblemaria alleni,5.4,InvMob,Benthic,Tanyemblemaria,NA,NA
Chaetodontidae,Amphichaetodon howensis,18,InvMob,Benthic,Amphichaetodon,0.02239,3.01
Chaetodontidae,Amphichaetodon melbae,14.5,InvMob,Benthic,Amphichaetodon,NA,NA
Chaetodontidae,Chaetodon adiergastos,20,InvMob,Benthic,Chaetodon,0.02344,3
Chaetodontidae,Chaetodon andamanensis,15,InvSes,Benthic,Chaetodon,0.02344,3
Chaetodontidae,Chaetodon argentatus,20,InvMob,Benthic,Chaetodon,0.02344,3
Chaetodontidae,Chaetodon assarius,13,Omnivr,Benthopelagic,Chaetodon,0.02344,3
Chaetodontidae,Chaetodon aureofasciatus,12.5,InvSes,Benthic,Chaetodon,0.02344,3
Chaetodontidae,Chaetodon auriga,23,InvMob,Benthic,Chaetodon,0.0271,2.9965
Chaetodontidae,Chaetodon auripes,20,InvMob,Benthic,Chaetodon,0.02344,3
Chaetodontidae,Chaetodon austriacus,13,InvSes,Benthic,Chaetodon,0.02344,3
Chaetodontidae,Chaetodon baronessa,16,InvSes,Benthic,Chaetodon,0.02344,3
Chaetodontidae,Chaetodon bennetti,20,InvSes,Benthic,Chaetodon,0.02239,2.98
Chaetodontidae,Chaetodon blackburnii,13,InvMob,Benthic,Chaetodon,NA,NA
Chaetodontidae,Chaetodon burgessi,14,InvMob,Benthic,Chaetodon,NA,NA
Chaetodontidae,Chaetodon capistratus,15,InvSes,Benthopelagic,Chaetodon,0.02512,3.09
Chaetodontidae,Chaetodon citrinellus,13,InvSes,Benthic,Chaetodon,0.0409,2.791
Chaetodontidae,Chaetodon collare,18,InvSes,Benthic,Chaetodon,0.02344,3
Chaetodontidae,Chaetodon daedalma,15,Omnivr,Benthic,Chaetodon,0.02344,3
Chaetodontidae,Chaetodon declivis,12,InvMob,Benthopelagic,Chaetodon,NA,NA
Chaetodontidae,Chaetodon decussatus,20,Omnivr,Benthic,Chaetodon,0.01318,2.88
Chaetodontidae,Chaetodon dialeucos,18,Omnivr,Benthic,Chaetodon,NA,NA
Chaetodontidae,Chaetodon dolosus,15,Omnivr,Benthic,Chaetodon,0.02344,3
Chaetodontidae,Chaetodon ephippium,30,InvSes,Benthic,Chaetodon,0.02291,3.02
Chaetodontidae,Chaetodon falcula,20,InvMob,Benthic,Chaetodon,0.02344,3
Chaetodontidae,Chaetodon fasciatus,22,InvSes,Benthic,Chaetodon,0.02344,3
Chaetodontidae,Chaetodon flavirostris,20,InvMob,Benthic,Chaetodon,0.02455,3.05
Chaetodontidae,Chaetodon flavocoronatus,12,InvMob,Benthic,Chaetodon,NA,NA
Chaetodontidae,Chaetodon fremblii,13,InvMob,Benthic,Chaetodon,NA,NA
Chaetodontidae,Chaetodon gardineri,17,Omnivr,Benthic,Chaetodon,NA,NA
Chaetodontidae,Chaetodon guentheri,18,Plktiv,Benthic,Chaetodon,0.02344,3
Chaetodontidae,Chaetodon guttatissimus,12,InvSes,Benthic,Chaetodon,0.02344,3
Chaetodontidae,Chaetodon hoefleri,27,InvMob,Benthopelagic,Chaetodon,NA,NA
Chaetodontidae,Chaetodon humeralis,25.4,Omnivr,Benthic,Chaetodon,0.02399,3.04
Chaetodontidae,Chaetodon interruptus,20,Omnivr,Benthic,Chaetodon,0.02344,3
Chaetodontidae,Chaetodon kleinii,15,InvSes,Benthic,Chaetodon,0.0309,3.04
Chaetodontidae,Chaetodon larvatus,12,InvSes,Benthic,Chaetodon,0.0257,3.1
Chaetodontidae,Chaetodon leucopleura,18,InvMob,Benthic,Chaetodon,NA,NA
Chaetodontidae,Chaetodon lineolatus,30,InvMob,Benthic,Chaetodon,0.02344,2.94
Chaetodontidae,Chaetodon litus,15.5,InvMob,Benthic,Chaetodon,0.02344,3
Chaetodontidae,Chaetodon lunula,20,InvMob,Benthic,Chaetodon,0.02344,3
Chaetodontidae,Chaetodon lunulatus,14,InvSes,Benthic,Chaetodon,0.02344,3
Chaetodontidae,Chaetodon madagaskariensis,13,InvMob,Benthic,Chaetodon,0.02344,3
Chaetodontidae,Chaetodon marleyi,20,InvMob,Benthic,Chaetodon,0.02344,3
Chaetodontidae,Chaetodon melannotus,18,InvSes,Benthic,Chaetodon,0.02344,3
Chaetodontidae,Chaetodon melapterus,13,InvSes,Benthic,Chaetodon,0.02344,3
Chaetodontidae,Chaetodon mertensii,12.5,Omnivr,Benthic,Chaetodon,0.02239,3.24
Chaetodontidae,Chaetodon mesoleucos,13,Omnivr,Benthic,Chaetodon,NA,NA
Chaetodontidae,Chaetodon meyeri,20,InvSes,Benthic,Chaetodon,0.02344,3
Chaetodontidae,Chaetodon miliaris,15.4,Plktiv,Benthopelagic,Chaetodon,0.02884,3.04
Chaetodontidae,Chaetodon mitratus,14,Omnivr,Benthic,Chaetodon,NA,NA
Chaetodontidae,Chaetodon multicinctus,12,InvSes,Benthic,Chaetodon,0.02692,3.04
Chaetodontidae,Chaetodon nigropunctatus,14,InvSes,Benthic,Chaetodon,NA,NA
Chaetodontidae,Chaetodon nippon,15,InvMob,Benthopelagic,Chaetodon,NA,NA
Chaetodontidae,Chaetodon ocellatus,20,InvSes,Benthopelagic,Chaetodon,0.0257,3.02
Chaetodontidae,Chaetodon ocellicaudus,15,InvSes,Benthic,Chaetodon,0.02344,3
Chaetodontidae,Chaetodon octofasciatus,12,InvSes,Benthic,Chaetodon,0.02344,3
Chaetodontidae,Chaetodon ornatissimus,20,InvSes,Benthic,Chaetodon,0.0263,3.02
Chaetodontidae,Chaetodon oxycephalus,25,InvSes,Benthic,Chaetodon,0.02344,3
Chaetodontidae,Chaetodon paucifasciatus,14,Omnivr,Benthic,Chaetodon,0.02344,3
Chaetodontidae,Chaetodon pelewensis,12.5,InvSes,Benthic,Chaetodon,0.02138,3.02
Chaetodontidae,Chaetodon plebeius,15,InvSes,Benthic,Chaetodon,0.02512,2.86
Chaetodontidae,Chaetodon punctatofasciatus,12,InvSes,Benthic,Chaetodon,0.02344,3
Chaetodontidae,Chaetodon quadrimaculatus,16,InvSes,Benthic,Chaetodon,0.02344,3
Chaetodontidae,Chaetodon rafflesii,18,InvSes,Benthic,Chaetodon,0.02344,3
Chaetodontidae,Chaetodon rainfordi,15,InvSes,Benthic,Chaetodon,0.02344,3
Chaetodontidae,Chaetodon reticulatus,18,InvSes,Benthic,Chaetodon,0.02344,3
Chaetodontidae,Chaetodon robustus,14.5,InvSes,Benthopelagic,Chaetodon,NA,NA
Chaetodontidae,Chaetodon sanctaehelenae,18,InvMob,Benthopelagic,Chaetodon,NA,NA
Chaetodontidae,Chaetodon sedentarius,15,InvMob,Benthopelagic,Chaetodon,0.02344,3.02
Chaetodontidae,Chaetodon selene,16,InvMob,Benthic,Chaetodon,NA,NA
Chaetodontidae,Chaetodon semeion,26,InvSes,Benthic,Chaetodon,0.02344,3
Chaetodontidae,Chaetodon semilarvatus,23,InvSes,Benthic,Chaetodon,0.02344,3
Chaetodontidae,Chaetodon smithi,19,Plktiv,Benthopelagic,Chaetodon,NA,NA
Chaetodontidae,Chaetodon speculum,18,InvSes,Benthic,Chaetodon,0.0257,2.97
Chaetodontidae,Chaetodon striatus,16,InvMob,Benthopelagic,Chaetodon,0.02239,3.02
Chaetodontidae,Chaetodon tinkeri,15,InvMob,Benthopelagic,Chaetodon,NA,NA
Chaetodontidae,Chaetodon triangulum,16,InvSes,Benthic,Chaetodon,0.02344,3
Chaetodontidae,Chaetodon trichrous,12,Plktiv,Benthopelagic,Chaetodon,0.02344,3
Chaetodontidae,Chaetodon tricinctus,15,InvSes,Benthic,Chaetodon,0.02344,3
Chaetodontidae,Chaetodon trifascialis,18,InvSes,Benthic,Chaetodon,0.0468,2.758
Chaetodontidae,Chaetodon trifasciatus,15,InvSes,Benthic,Chaetodon,0.029406667,3.154333333
Chaetodontidae,Chaetodon ulietensis,15,InvSes,Benthic,Chaetodon,0.02239,2.98
Chaetodontidae,Chaetodon unimaculatus,20,InvSes,Benthic,Chaetodon,0.02818,3
Chaetodontidae,Chaetodon vagabundus,23,InvMob,Benthic,Chaetodon,0.01995,2.98
Chaetodontidae,Chaetodon wiebeli,19,Omnivr,Benthic,Chaetodon,0.02344,3
Chaetodontidae,Chaetodon xanthocephalus,20,Omnivr,Benthic,Chaetodon,0.02344,3
Chaetodontidae,Chaetodon xanthurus,14,Omnivr,Benthic,Chaetodon,0.02344,3
Chaetodontidae,Chaetodon zanzibarensis,12,InvSes,Benthic,Chaetodon,0.02344,3
Chaetodontidae,Chelmon marginalis,18,InvMob,Benthic,Chelmon,0.02239,3.01
Chaetodontidae,Chelmon muelleri,20.5,InvMob,Benthic,Chelmon,NA,NA
Chaetodontidae,Chelmon rostratus,20,InvMob,Benthic,Chelmon,0.01122,3.09
Chaetodontidae,Chelmonops curiosus,26,InvMob,Benthic,Chelmonops,0.02239,3.01
Chaetodontidae,Chelmonops truncatus,22,InvMob,Benthic,Chelmonops,0.02239,3.01
Chaetodontidae,Coradion altivelis,18,InvMob,Benthic,Coradion,0.02239,3.01
Chaetodontidae,Coradion chrysozonus,15,InvSes,Benthic,Coradion,0.02138,3
Chaetodontidae,Coradion melanopus,15,InvMob,Benthic,Coradion,NA,NA
Chaetodontidae,Forcipiger flavissimus,22,InvMob,Benthic,Forcipiger,0.02239,3.01
Chaetodontidae,Forcipiger longirostris,22,InvMob,Benthic,Forcipiger,0.02291,3.02
Chaetodontidae,Hemitaurichthys multispinosus,20.8,Plktiv,Benthopelagic,Hemitaurichthys,0.02239,3.01
Chaetodontidae,Hemitaurichthys polylepis,18,Plktiv,Benthic,Hemitaurichthys,0.02239,3.01
Chaetodontidae,Hemitaurichthys thompsoni,18,Plktiv,Pelagic,Hemitaurichthys,0.02239,3.01
Chaetodontidae,Hemitaurichthys zoster,18,Plktiv,Pelagic,Hemitaurichthys,0.02239,3.01
Chaetodontidae,Heniochus acuminatus,25,Plktiv,Benthopelagic,Heniochus,0.02291,3.04
Chaetodontidae,Heniochus chrysostomus,18,InvSes,Benthopelagic,Heniochus,0.0195,3.09
Chaetodontidae,Heniochus diphreutes,21,Plktiv,Benthopelagic,Heniochus,0.02239,3.01
Chaetodontidae,Heniochus intermedius,18,Plktiv,Benthopelagic,Heniochus,0.02239,3.01
Chaetodontidae,Heniochus monoceros,24,InvMob,Benthopelagic,Heniochus,0.02042,3.05
Chaetodontidae,Heniochus pleurotaenia,17,InvMob,Benthic,Heniochus,0.02239,3.01
Chaetodontidae,Heniochus singularius,30,InvSes,Benthopelagic,Heniochus,0.02239,3.01
Chaetodontidae,Heniochus varius,19,InvSes,Benthopelagic,Heniochus,0.02239,3.01
Chaetodontidae,Johnrandallia nigrirostris,20,Omnivr,Benthic,Johnrandallia,0.02818,3.08
Chaetodontidae,Parachaetodon ocellatus,18,InvMob,Benthic,Parachaetodon,0.02239,3.01
Chaetodontidae,Prognathodes aculeatus,10,InvMob,Benthopelagic,Prognathodes,0.02239,3.01
Chaetodontidae,Prognathodes aya,15,InvMob,Benthopelagic,Prognathodes,NA,NA
Chaetodontidae,Prognathodes carlhubbsi,12.1,InvMob,Benthic,Prognathodes,NA,NA
Chaetodontidae,Prognathodes dichrous,16,InvMob,Benthopelagic,Prognathodes,NA,NA
Chaetodontidae,Prognathodes falcifer,15,InvMob,Benthic,Prognathodes,0.02239,3.01
Chaetodontidae,Prognathodes guezei,11,InvMob,Benthopelagic,Prognathodes,NA,NA
Chaetodontidae,Prognathodes guyanensis,13.6,InvMob,Benthopelagic,Prognathodes,NA,NA
Chaetodontidae,Prognathodes guyotensis,15,InvMob,Benthic,Prognathodes,NA,NA
Chaetodontidae,Prognathodes marcellae,11.6,InvMob,Benthopelagic,Prognathodes,NA,NA
Chaetodontidae,Prognathodes obliquus,15,InvMob,Benthopelagic,Prognathodes,NA,NA
Chaetodontidae,Roa australis,11.9,InvMob,Benthopelagic,Roa,NA,NA
Chaetodontidae,Roa excelsa,15,InvMob,Benthopelagic,Roa,NA,NA
Chaetodontidae,Roa jayakari,16,InvMob,Benthopelagic,Roa,NA,NA
Cheilodactylidae,Chirodactylus brachydactylus,40,InvMob,Benthic,Chirodactylus,0.0123,3.02
Cheilodactylidae,Chirodactylus grandis,180,InvMob,Benthic,Chirodactylus,NA,NA
Cheilodactylidae,Chirodactylus jessicalenorum,50,InvMob,Benthic,Chirodactylus,NA,NA
Cheilodactylidae,Dactylophora nigricans,120,Omnivr,Benthic,Dactylophora,0.00389,3.12
Cheilodactylidae,Goniistius gibbosus,30,InvMob,Benthic,Goniistius,0.0123,3.02
Cheilodactylidae,Goniistius plessisi,43,InvMob,Benthic,Goniistius,0.0123,3.02
Cheilodactylidae,Goniistius vestitus,35,InvMob,Benthic,Goniistius,0.0123,3.02
Cheilodactylidae,Goniistius vittatus,41,InvMob,Benthic,Goniistius,NA,NA
Cheilodactylidae,Goniistius zonatus,45,InvMob,Benthic,Goniistius,0.0123,3.02
Cheilodactylidae,Nemadactylus douglasii,81,Omnivr,Benthic,Nemadactylus,0.0123,3.02
Cheilodactylidae,Nemadactylus macropterus,70,InvMob,Benthic,Nemadactylus,0.01349,3.01
Cheilodactylidae,Nemadactylus valenciennesi,90,InvMob,Benthic,Nemadactylus,0.0123,3.02
Cirrhitidae,Amblycirrhites bimacula,10.3785,InvMob,Benthic,Amblycirrhites,0.01445,3.07
Cirrhitidae,Amblycirrhitus bimacula,8.5,FisCep,Benthic,Amblycirrhitus,0.01445,3.07
Cirrhitidae,Amblycirrhitus pinos,9.5,FisCep,Benthic,Amblycirrhitus,0.00708,3.12
Cirrhitidae,Amblycirrhitus unimacula,8.5,FisCep,Benthic,Amblycirrhitus,NA,NA
Cirrhitidae,Cirrhitichthys aprinus,12.5,FisCep,Benthic,Cirrhitichthys,0.01445,3.07
Cirrhitidae,Cirrhitichthys aureus,14,FisCep,Benthic,Cirrhitichthys,NA,NA
Cirrhitidae,Cirrhitichthys calliurus,12,FisCep,Benthic,Cirrhitichthys,NA,NA
Cirrhitidae,Cirrhitichthys falco,7,InvMob,Benthic,Cirrhitichthys,0.01175,3.04
Cirrhitidae,Cirrhitichthys guichenoti,12,FisCep,Benthic,Cirrhitichthys,NA,NA
Cirrhitidae,Cirrhitichthys oxycephalus,10,FisCep,Benthic,Cirrhitichthys,0.0123,3.13
Cirrhitidae,Cirrhitops fasciatus,12.7,FisCep,Benthic,Cirrhitops,0.00933,3.09
Cirrhitidae,Cirrhitops hubbardi,25,FisCep,Benthic,Cirrhitops,0.00933,3.09
Cirrhitidae,Cirrhitus pinnulatus,30,FisCep,Benthic,Cirrhitus,0.00933,3.09
Cirrhitidae,Cirrhitus rivulatus,60,FisCep,Benthic,Cirrhitus,0.00933,3.09
Cirrhitidae,Cyprinocirrhites polyactis,15,Plktiv,Benthopelagic,Cyprinocirrhites,0.01445,3.07
Cirrhitidae,Itycirrhitus wilhelmi,12,FisCep,Benthic,Itycirrhitus,0.00933,3.09
Cirrhitidae,Neocirrhites armatus,9,InvMob,Benthic,Neocirrhites,0.01445,3.07
Cirrhitidae,Oxycirrhites typus,13,FisCep,Benthic,Oxycirrhites,0.00389,3.12
Cirrhitidae,Paracirrhites aractus,20,FisCep,Benthic,Paracirrhites,0.01023,3.12
Cirrhitidae,Paracirrhites arcatus,20,FisCep,Benthic,Paracirrhites,0.01,3.12
Cirrhitidae,Paracirrhites forsteri,22,FisCep,Benthic,Paracirrhites,0.00871,3.1
Cirrhitidae,Paracirrhites hemistictus,29,FisCep,Benthic,Paracirrhites,0.00933,3.09
Cirrhitidae,Paracirrhites nisus,8.1,FisCep,Benthic,Paracirrhites,0.01445,3.07
Creediidae,Chalixodytes tauensis,4.6,InvMob,Benthic,Chalixodytes,NA,NA
Creediidae,Limnichthys fasciatus,5,Plktiv,Benthic,Limnichthys,0.00389,3.12
Creediidae,Limnichthys nitidus,3.5,InvMob,Benthic,Limnichthys,0.00389,3.12
Dactylopteridae,Dactyloptena orientalis,40,InvMob,Benthic,Dactyloptena,0.01801,3
Dactylopteridae,Dactylopterus volitans,50,FisCep,Benthic,Dactylopterus,0.019517778,2.950522222
Dinematichthyidae,Diancistrus katrinae,11.322,HerDet,Benthic,Diancistrus,0.00389,3.12
Diodontidae,Allomycterus pilatus,50,InvMob,Benthic,Allomycterus,0.04677,2.82
Diodontidae,Chilomycterus antennatus,38,InvMob,Benthopelagic,Chilomycterus,0.04677,2.82
Diodontidae,Chilomycterus antillarum,30,InvMob,Benthopelagic,Chilomycterus,NA,NA
Diodontidae,Chilomycterus reticulatus,69.7,InvMob,Benthic,Chilomycterus,0.04677,2.82
Diodontidae,Chilomycterus schoepfii,27.9,InvMob,Benthopelagic,Chilomycterus,NA,NA
Diodontidae,Cyclichthys hardenbergi,25,InvMob,Benthic,Cyclichthys,NA,NA
Diodontidae,Cyclichthys orbicularis,30,InvMob,Benthic,Cyclichthys,0.04677,2.82
Diodontidae,Cyclichthys spilostylus,34,InvMob,Benthic,Cyclichthys,NA,NA
Diodontidae,Diodon eydouxii,27,InvMob,Benthic,Diodon,NA,NA
Diodontidae,Diodon holocanthus,50,InvMob,Benthic,Diodon,0.05888,2.8
Diodontidae,Diodon hystrix,91,InvMob,Benthic,Diodon,0.0871,2.77
Diodontidae,Diodon liturosus,65,InvMob,Benthic,Diodon,0.04677,2.82
Diodontidae,Diodon nicthemerus,40,InvMob,Benthic,Diodon,0.04677,2.82
Diodontidae,Tragulichthys jaculiferus,30,InvMob,Benthic,Tragulichthys,0.04677,2.82
Echeneidae,Echeneis naucrates,110,Plktiv,Pelagic,Echeneis,0.00275,3.15
Echeneidae,Echeneis neucratoides,75,Omnivr,Pelagic,Echeneis,0.00275,3.15
Echeneidae,Remora remora,86.4,InvMob,Pelagic,Remora,0.00275,3.15
Ephippidae,Chaetodipterus faber,91,InvMob,Pelagic,Chaetodipterus,0.049479,2.9099
Ephippidae,Chaetodipterus lippei,31,Omnivr,Pelagic,Chaetodipterus,NA,NA
Ephippidae,Chaetodipterus zonatus,65,Omnivr,Pelagic,Chaetodipterus,0.02188,2.85
Ephippidae,Ephippus orbis,25,InvMob,Benthopelagic,Ephippus,NA,NA
Ephippidae,Parapsettus panamensis,30,InvMob,Benthopelagic,Parapsettus,NA,NA
Ephippidae,Platax batavianus,65,Omnivr,Benthopelagic,Platax,0.02754,2.94
Ephippidae,Platax boersii,40,Omnivr,Benthopelagic,Platax,0.02754,2.94
Ephippidae,Platax orbicularis,50,Omnivr,Benthopelagic,Platax,0.03236,2.95
Ephippidae,Platax pinnatus,45,Omnivr,Benthopelagic,Platax,0.02754,2.94
Ephippidae,Platax teira,70,Omnivr,Benthopelagic,Platax,0.02754,2.94
Ephippidae,Proteracanthus sarissophorus,32.5,Omnivr,Benthopelagic,Proteracanthus,NA,NA
Ephippidae,Tripterodon orbis,75,Omnivr,Benthopelagic,Tripterodon,NA,NA
Ephippidae,Zabidius novemaculeatus,45,InvMob,Benthopelagic,Zabidius,0.02754,2.94
Fistulariidae,Fistularia commersonii,160,FisCep,Pelagic,Fistularia,0.007853333,2.7558
Fistulariidae,Fistularia corneta,106,FisCep,Benthopelagic,Fistularia,NA,NA
Fistulariidae,Fistularia petimba,200,FisCep,Benthopelagic,Fistularia,0.00048,3.03
Fistulariidae,Fistularia tabacaria,200,FisCep,Benthopelagic,Fistularia,0.00076,2.98
Gobiidae,Acentrogobius janthinopterus,12.5,InvMob,Benthic,Acentrogobius,NA,NA
Gobiidae,Acentrogobius nebulosus,18,InvMob,Benthic,Acentrogobius,NA,NA
Gobiidae,Amblyeleotris arcupinna,11,InvMob,Benthic,Amblyeleotris,NA,NA
Gobiidae,Amblyeleotris aurora,11,InvMob,Benthic,Amblyeleotris,NA,NA
Gobiidae,Amblyeleotris biguttata,10.4,InvMob,Benthic,Amblyeleotris,NA,NA
Gobiidae,Amblyeleotris diagonalis,11,InvMob,Benthic,Amblyeleotris,NA,NA
Gobiidae,Amblyeleotris downingi,14,InvMob,Benthic,Amblyeleotris,NA,NA
Gobiidae,Amblyeleotris fasciata,8,InvMob,Benthic,Amblyeleotris,0.00692,3.1
Gobiidae,Amblyeleotris fontanesii,25,InvMob,Benthic,Amblyeleotris,NA,NA
Gobiidae,Amblyeleotris guttata,16,InvMob,Benthic,Amblyeleotris,0.00692,3.1
Gobiidae,Amblyeleotris gymnocephala,14,InvMob,Benthic,Amblyeleotris,0.00692,3.1
Gobiidae,Amblyeleotris latifasciata,13,InvMob,Benthic,Amblyeleotris,NA,NA
Gobiidae,Amblyeleotris masuii,11,InvMob,Benthic,Amblyeleotris,NA,NA
Gobiidae,Amblyeleotris novaecaledoniae,9.5,InvMob,Benthic,Amblyeleotris,NA,NA
Gobiidae,Amblyeleotris ogasawarensis,10,InvMob,Benthic,Amblyeleotris,NA,NA
Gobiidae,Amblyeleotris periophthalma,14.5,InvMob,Benthic,Amblyeleotris,0.00692,3.1
Gobiidae,Amblyeleotris randalli,12,InvMob,Benthic,Amblyeleotris,NA,NA
Gobiidae,Amblyeleotris rubrimarginata,11,InvMob,Benthic,Amblyeleotris,NA,NA
Gobiidae,Amblyeleotris steinitzi,16.4,InvMob,Benthic,Amblyeleotris,0.00692,3.1
Gobiidae,Amblyeleotris sungami,10,InvMob,Benthic,Amblyeleotris,0.00692,3.1
Gobiidae,Amblyeleotris triguttata,9,InvMob,Benthic,Amblyeleotris,NA,NA
Gobiidae,Amblyeleotris wheeleri,10,InvMob,Benthic,Amblyeleotris,0.00692,3.1
Gobiidae,Amblyeleotris yanoi,13,InvMob,Benthic,Amblyeleotris,NA,NA
Gobiidae,Amblygobius albimaculatus,18,HerDet,Benthic,Amblygobius,NA,NA
Gobiidae,Amblygobius buanensis,7.5,Omnivr,Benthic,Amblygobius,0.01023,3.02
Gobiidae,Amblygobius bynoensis,9.8,HerDet,Benthic,Amblygobius,0.0096,3.035
Gobiidae,Amblygobius decussatus,11.9,Omnivr,Benthic,Amblygobius,0.00692,3.1
Gobiidae,Amblygobius esakiae,8.5,Omnivr,Benthic,Amblygobius,NA,NA
Gobiidae,Amblygobius linki,6.5,Omnivr,Benthic,Amblygobius,NA,NA
Gobiidae,Amblygobius nocturnus,12.4,HerDet,Benthic,Amblygobius,0.01023,3.02
Gobiidae,Amblygobius semicinctus,11,HerDet,Benthic,Amblygobius,NA,NA
Gobiidae,Amblygobius sphynx,18,Omnivr,Benthic,Amblygobius,NA,NA
Gobiidae,Amblygobius stethophthalmus,8.5,Omnivr,Benthic,Amblygobius,NA,NA
Gobiidae,Amoya gracilis,14,InvMob,Benthic,Amoya,NA,NA
Gobiidae,Arcygobius baliurus,10.16,Omnivr,Benthic,Arcygobius,NA,NA
Gobiidae,Aruma histrio,6.5,InvMob,Benthic,Aruma,NA,NA
Gobiidae,Asterropteryx atripes,2.19,HerDet,Benthic,Asterropteryx,0.00692,3.1
Gobiidae,Asterropteryx bipunctata,3.11,Omnivr,Benthic,Asterropteryx,NA,NA
Gobiidae,Asterropteryx ensifera,3,Omnivr,Benthic,Asterropteryx,NA,NA
Gobiidae,Asterropteryx ovata,2.72,HerDet,Benthic,Asterropteryx,NA,NA
Gobiidae,Asterropteryx semipunctata,5.2,HerDet,Benthic,Asterropteryx,0.012036667,3.173333333
Gobiidae,Asterropteryx senoui,2.49,Omnivr,Benthic,Asterropteryx,NA,NA
Gobiidae,Asterropteryx spinosa,4.57,HerDet,Benthic,Asterropteryx,NA,NA
Gobiidae,Asterropteryx striata,2.32,Omnivr,Benthic,Asterropteryx,0.00692,3.1
Gobiidae,Austrolethops wardi,6,HerDet,Benthic,Austrolethops,NA,NA
Gobiidae,Barbulifer antennatus,1.97,InvMob,Benthic,Barbulifer,NA,NA
Gobiidae,Barbulifer ceuthoecus,3,InvMob,Benthic,Barbulifer,NA,NA
Gobiidae,Barbulifer pantherinus,5.2,InvMob,Benthic,Barbulifer,NA,NA
Gobiidae,Barbuligobius boehlkei,2,InvMob,Benthic,Barbuligobius,NA,NA
Gobiidae,Bathygobius andrei,15.3,InvMob,Benthic,Bathygobius,NA,NA
Gobiidae,Bathygobius coalitus,10,InvMob,Benthic,Bathygobius,NA,NA
Gobiidae,Bathygobius cocosensis,12,InvMob,Benthic,Bathygobius,NA,NA
Gobiidae,Bathygobius cotticeps,11,InvMob,Benthic,Bathygobius,NA,NA
Gobiidae,Bathygobius curacao,7.5,InvMob,Benthic,Bathygobius,NA,NA
Gobiidae,Bathygobius cyclopterus,7.5,InvMob,Benthic,Bathygobius,NA,NA
Gobiidae,Bathygobius fuscus,12,Omnivr,Benthic,Bathygobius,NA,NA
Gobiidae,Bathygobius laddi,5,InvMob,Benthic,Bathygobius,NA,NA
Gobiidae,Bathygobius meggitti,6,InvMob,Benthic,Bathygobius,NA,NA
Gobiidae,Bathygobius mystacium,15,InvMob,Benthic,Bathygobius,NA,NA
Gobiidae,Bathygobius petrophilus,6.1,InvMob,Benthic,Bathygobius,NA,NA
Gobiidae,Bathygobius ramosus,20,InvMob,Benthic,Bathygobius,NA,NA
Gobiidae,Bathygobius soporator,15,InvMob,Benthic,Bathygobius,0.012175,3.02525
Gobiidae,Bollmannia boqueronensis,10,InvMob,Benthic,Bollmannia,NA,NA
Gobiidae,Bollmannia chlamydes,14,InvMob,Benthic,Bollmannia,NA,NA
Gobiidae,Bollmannia communis,12,InvMob,Benthic,Bollmannia,NA,NA
Gobiidae,Bryaninops amplus,4.6,Plktiv,Benthic,Bryaninops,0.00692,3.1
Gobiidae,Bryaninops erythrops,2.3,InvMob,Benthic,Bryaninops,0.00692,3.1
Gobiidae,Bryaninops isis,1.5,Plktiv,Benthic,Bryaninops,NA,NA
Gobiidae,Bryaninops loki,4.5,Plktiv,Benthic,Bryaninops,0.00692,3.1
Gobiidae,Bryaninops natans,2.5,Plktiv,Benthic,Bryaninops,0.00692,3.1
Gobiidae,Bryaninops nexus,2.3,Plktiv,Benthic,Bryaninops,0.00692,3.1
Gobiidae,Bryaninops ridens,1.78,Plktiv,Benthic,Bryaninops,NA,NA
Gobiidae,Bryaninops tigris,2.45,Plktiv,Benthic,Bryaninops,NA,NA
Gobiidae,Bryaninops yongei,4,Plktiv,Benthic,Bryaninops,0.00692,3.1
Gobiidae,Cabillus lacertops,4,InvMob,Benthic,Cabillus,NA,NA
Gobiidae,Cabillus tongareva,3.3399,InvMob,Benthic,Cabillus,0.00692,3.1
Gobiidae,Cabillus tongarevae,2.7,InvMob,Benthic,Cabillus,0.00692,3.1
Gobiidae,Caffrogobius caffer,18,Omnivr,Benthic,Caffrogobius,NA,NA
Gobiidae,Caffrogobius gilchristi,15,Omnivr,Benthic,Caffrogobius,NA,NA
Gobiidae,Caffrogobius nudiceps,14,Omnivr,Benthic,Caffrogobius,0.00955,3.15
Gobiidae,Callogobius bifasciatus,7,InvMob,Benthic,Callogobius,NA,NA
Gobiidae,Callogobius centrolepis,4,InvMob,Benthic,Callogobius,NA,NA
Gobiidae,Callogobius clitellus,5,InvMob,Benthic,Callogobius,NA,NA
Gobiidae,Callogobius crassus,3.5,InvMob,Benthic,Callogobius,NA,NA
Gobiidae,Callogobius depressus,14,InvMob,Benthic,Callogobius,NA,NA
Gobiidae,Callogobius dori,2.38,InvMob,Benthic,Callogobius,NA,NA
Gobiidae,Callogobius flavobrunneus,7,InvMob,Benthic,Callogobius,NA,NA
Gobiidae,Callogobius hasseltii,7.3,InvMob,Benthic,Callogobius,NA,NA
Gobiidae,Callogobius hastatus,7.5,InvMob,Benthic,Callogobius,NA,NA
Gobiidae,Callogobius maculipinnis,6.8,InvMob,Benthic,Callogobius,NA,NA
Gobiidae,Callogobius mucosus,11,InvMob,Benthic,Callogobius,NA,NA
Gobiidae,Callogobius okinawae,5,InvMob,Benthic,Callogobius,NA,NA
Gobiidae,Callogobius plumatus,3.9,InvMob,Benthic,Callogobius,NA,NA
Gobiidae,Callogobius producta,7,InvMob,Benthic,Callogobius,NA,NA
Gobiidae,Callogobius sclateri,7,InvMob,Benthic,Callogobius,0.00692,3.1
Gobiidae,Callogobius snelliusi,3.3,InvMob,Benthic,Callogobius,NA,NA
Gobiidae,Chriolepis minutillus,3.2,InvMob,Benthic,Chriolepis,NA,NA
Gobiidae,Chriolepis zebra,4.4,InvMob,Benthic,Chriolepis,NA,NA
Gobiidae,Chromogobius britoi,3.37,InvMob,Benthic,Chromogobius,NA,NA
Gobiidae,Clevelandia ios,6.4,Omnivr,Benthic,Clevelandia,NA,NA
Gobiidae,Corcyrogobius lubbocki,2,InvMob,Benthic,Corcyrogobius,NA,NA
Gobiidae,Coryogalops tessellatus,3.45,Omnivr,Benthic,Coryogalops,NA,NA
Gobiidae,Coryphopterus dicrus,5,Omnivr,Benthic,Coryphopterus,0.00692,3.1
Gobiidae,Coryphopterus eidolon,6,HerDet,Benthic,Coryphopterus,0.01023,3.02
Gobiidae,Coryphopterus glaucofraenum,8,HerDet,Benthic,Coryphopterus,0.00741,3.04
Gobiidae,Coryphopterus hyalinus,2.5,Omnivr,Benthopelagic,Coryphopterus,0.00692,3.1
Gobiidae,Coryphopterus lipernes,3,Omnivr,Benthic,Coryphopterus,0.01023,3.02
Gobiidae,Coryphopterus personatus,4,Omnivr,Benthic,Coryphopterus,0.01023,3.02
Gobiidae,Coryphopterus punctipectophorus,7.5,Omnivr,Benthic,Coryphopterus,NA,NA
Gobiidae,Coryphopterus thrix,5,Omnivr,Benthic,Coryphopterus,NA,NA
Gobiidae,Coryphopterus urospilus,6.5,Omnivr,Benthic,Coryphopterus,0.00813,3.15
Gobiidae,Cristatogobius lophius,5.1,InvMob,Benthic,Cristatogobius,NA,NA
Gobiidae,Cryptocentroides insignis,8.6,InvMob,Benthic,Cryptocentroides,NA,NA
Gobiidae,Cryptocentrus albidorsus,7.5,Omnivr,Benthic,Cryptocentrus,NA,NA
Gobiidae,Cryptocentrus caeruleomaculatus,10,Omnivr,Benthic,Cryptocentrus,0.00692,3.1
Gobiidae,Cryptocentrus caeruleopunctatus,13,Omnivr,Benthic,Cryptocentrus,0.00692,3.1
Gobiidae,Cryptocentrus cebuanus,10,Omnivr,Benthic,Cryptocentrus,NA,NA
Gobiidae,Cryptocentrus cinctus,10,Omnivr,Benthic,Cryptocentrus,0.00692,3.1
Gobiidae,Cryptocentrus cryptocentrus,13,Omnivr,Benthic,Cryptocentrus,0.01023,3.02
Gobiidae,Cryptocentrus cyanotaenia,12,Omnivr,Benthic,Cryptocentrus,NA,NA
Gobiidae,Cryptocentrus fasciatus,14,Omnivr,Benthic,Cryptocentrus,0.00692,3.1
Gobiidae,Cryptocentrus inexplicatus,12,Omnivr,Benthic,Cryptocentrus,NA,NA
Gobiidae,Cryptocentrus leptocephalus,12,Omnivr,Benthic,Cryptocentrus,0.00692,3.1
Gobiidae,Cryptocentrus leucostictus,7.5,Omnivr,Benthic,Cryptocentrus,NA,NA
Gobiidae,Cryptocentrus lutheri,11,Omnivr,Benthic,Cryptocentrus,NA,NA
Gobiidae,Cryptocentrus maudae,10,Omnivr,Benthic,Cryptocentrus,NA,NA
Gobiidae,Cryptocentrus nigrocellatus,13,Omnivr,Benthic,Cryptocentrus,NA,NA
Gobiidae,Cryptocentrus sericus,10,Omnivr,Benthic,Cryptocentrus,NA,NA
Gobiidae,Cryptocentrus strigilliceps,12,InvMob,Benthic,Cryptocentrus,0.00692,3.1
Gobiidae,Ctenogobiops aurocingulus,10.5,InvMob,Benthic,Ctenogobiops,0.00692,3.1
Gobiidae,Ctenogobiops crocineus,5.49,InvMob,Benthic,Ctenogobiops,0.00692,3.1
Gobiidae,Ctenogobiops feroculus,8,InvMob,Benthic,Ctenogobiops,0.00692,3.1
Gobiidae,Ctenogobiops maculosus,6.7,InvMob,Benthic,Ctenogobiops,0.00692,3.1
Gobiidae,Ctenogobiops mitodes,6.8,InvMob,Benthic,Ctenogobiops,0.00692,3.1
Gobiidae,Ctenogobiops pomastictus,9.7,InvMob,Benthic,Ctenogobiops,0.00692,3.1
Gobiidae,Ctenogobiops tangaroai,6,InvMob,Benthic,Ctenogobiops,0.00692,3.1
Gobiidae,Ctenogobius boleosoma,7.5,InvMob,Benthic,Ctenogobius,NA,NA
Gobiidae,Ctenogobius saepepallens,5,InvMob,Benthic,Ctenogobius,NA,NA
Gobiidae,Discordipinna filamentosa,1.57,Omnivr,Benthic,Discordipinna,NA,NA
Gobiidae,Discordipinna griessingeri,3,Omnivr,Benthic,Discordipinna,NA,NA
Gobiidae,Drombus kranjiensis,3,Omnivr,Benthic,Drombus,NA,NA
Gobiidae,Echinogobius hayashii,7,InvMob,Benthic,Echinogobius,NA,NA
Gobiidae,Elacatinus chancei,5,InvMob,Benthic,Elacatinus,NA,NA
Gobiidae,Elacatinus evelynae,4,InvMob,Benthic,Elacatinus,0.00692,3.1
Gobiidae,Elacatinus figaro,3.37,InvMob,Benthic,Elacatinus,0.00692,3.1
Gobiidae,Elacatinus horsti,5,InvMob,Benthic,Elacatinus,0.01023,3.02
Gobiidae,Elacatinus oceanops,5,InvMob,Benthic,Elacatinus,0.00794,3.11
Gobiidae,Elacatinus prochilos,4,InvMob,Benthic,Elacatinus,0.00692,3.1
Gobiidae,Elacatinus randalli,4.55,InvMob,Benthic,Elacatinus,0.00692,3.1
Gobiidae,Elacatinus xanthiprora,4,InvMob,Benthic,Elacatinus,0.01023,3.02
Gobiidae,Evermannichthys bicolor,3,InvMob,Benthic,Evermannichthys,NA,NA
Gobiidae,Evermannichthys metzelaari,3,InvMob,Benthic,Evermannichthys,NA,NA
Gobiidae,Evermannichthys spongicola,3,InvMob,Benthic,Evermannichthys,NA,NA
Gobiidae,Eviota abax,4,Omnivr,Benthic,Eviota,NA,NA
Gobiidae,Eviota afelei,1.8,Omnivr,Benthic,Eviota,0.00692,3.1
Gobiidae,Eviota albolineata,3.6,Omnivr,Benthic,Eviota,0.00692,3.1
Gobiidae,Eviota ancora,1.4,Omnivr,Benthic,Eviota,NA,NA
Gobiidae,Eviota atriventris,2.2,Plktiv,Benthic,Eviota,0.00692,3.1
Gobiidae,Eviota bifasciata,3.5,Omnivr,Benthic,Eviota,0.00692,3.1
Gobiidae,Eviota brahmi,1.68,Omnivr,Benthic,Eviota,NA,NA
Gobiidae,Eviota cflatifasciata,1.5,Omnivr,Benthic,Eviota,0.00692,3.1
Gobiidae,Eviota cfnebulosa,2.3,Omnivr,Benthic,Eviota,0.00692,3.1
Gobiidae,Eviota disrupta,1.952,Omnivr,Benthic,Eviota,0.01023,3.02
Gobiidae,Eviota distigma,2,Omnivr,Benthic,Eviota,0.00692,3.1
Gobiidae,Eviota dorsogilva,1.25,Omnivr,Benthic,Eviota,NA,NA
Gobiidae,Eviota dorsopurpurea,1.74,Omnivr,Benthic,Eviota,NA,NA
Gobiidae,Eviota fallax,1.81,Omnivr,Benthic,Eviota,NA,NA
Gobiidae,Eviota fasciola,2.5,Omnivr,Benthic,Eviota,0.00692,3.1
Gobiidae,Eviota guttata,3.7,Omnivr,Benthic,Eviota,0.00692,3.1
Gobiidae,Eviota herrei,1.4,Omnivr,Benthic,Eviota,NA,NA
Gobiidae,Eviota hinanoae,1.22,Omnivr,Benthic,Eviota,0.00692,3.1
Gobiidae,Eviota hoesei,2.05,Omnivr,Benthic,Eviota,0.01023,3.02
Gobiidae,Eviota indica,1.54,Omnivr,Benthic,Eviota,NA,NA
Gobiidae,Eviota infulata,2.5,Omnivr,Benthic,Eviota,0.01023,3.02
Gobiidae,Eviota irrasa,1.76,Omnivr,Benthic,Eviota,NA,NA
Gobiidae,Eviota jewettae,1.24,Omnivr,Benthic,Eviota,NA,NA
Gobiidae,Eviota karaspila,1.79,Omnivr,Benthic,Eviota,NA,NA
Gobiidae,Eviota korechika,2.44,Omnivr,Benthic,Eviota,NA,NA
Gobiidae,Eviota lachdeberei,2.1,Omnivr,Benthic,Eviota,0.00692,3.1
Gobiidae,Eviota latifasciata,1.5,Omnivr,Benthic,Eviota,0.00692,3.1
Gobiidae,Eviota masudai,3.24,Omnivr,Benthic,Eviota,NA,NA
Gobiidae,Eviota melasma,3.6,Omnivr,Benthic,Eviota,0.00708,3.09
Gobiidae,Eviota mikiae,3.5,Omnivr,Benthic,Eviota,0.00692,3.1
Gobiidae,Eviota monostigma,3.2,Omnivr,Benthic,Eviota,NA,NA
Gobiidae,Eviota nebulosa,2.3,Omnivr,Benthic,Eviota,NA,NA
Gobiidae,Eviota nigramembrana,1.82,Omnivr,Benthic,Eviota,NA,NA
Gobiidae,Eviota notata,1.54,Omnivr,Benthic,Eviota,NA,NA
Gobiidae,Eviota pardalota,2.2,Omnivr,Benthic,Eviota,NA,NA
Gobiidae,Eviota pellucida,2.12,Omnivr,Benthic,Eviota,0.01023,3.02
Gobiidae,Eviota pinocchioi,1.65,Omnivr,Benthic,Eviota,NA,NA
Gobiidae,Eviota prasina,3.1,Omnivr,Benthic,Eviota,NA,NA
Gobiidae,Eviota queenslandica,3.8,Omnivr,Benthic,Eviota,0.00708,3.09
Gobiidae,Eviota randalli,1.83,Omnivr,Benthic,Eviota,NA,NA
Gobiidae,Eviota readerae,1.79,Omnivr,Benthic,Eviota,0.01023,3.02
Gobiidae,Eviota rubrisparsa,1.95,Omnivr,Benthic,Eviota,NA,NA
Gobiidae,Eviota saipanensis,2.6,Omnivr,Benthic,Eviota,NA,NA
Gobiidae,Eviota sebreei,3.1,Omnivr,Benthic,Eviota,0.00692,3.1
Gobiidae,Eviota shimadai,1.56,Omnivr,Benthic,Eviota,NA,NA
Gobiidae,Eviota sigillata,1.8,Omnivr,Benthic,Eviota,0.00708,3.09
Gobiidae,Eviota smaragdus,2.3,Omnivr,Benthic,Eviota,NA,NA
Gobiidae,Eviota sparsa,2.5,Omnivr,Benthic,Eviota,NA,NA
Gobiidae,Eviota spilota,2.1,Omnivr,Benthic,Eviota,NA,NA
Gobiidae,Eviota springeri,1.69,Omnivr,Benthic,Eviota,NA,NA
Gobiidae,Eviota storthynx,2.5,Omnivr,Benthic,Eviota,0.00692,3.1
Gobiidae,Eviota susanae,1.85,Omnivr,Benthic,Eviota,NA,NA
Gobiidae,Eviota toshiyuki,1.78,Omnivr,Benthic,Eviota,NA,NA
Gobiidae,Eviota winterbottomi,1.62,Omnivr,Benthic,Eviota,NA,NA
Gobiidae,Eviota zebrina,3.1,Omnivr,Benthic,Eviota,0.00692,3.1
Gobiidae,Eviota zonura,1.7,Omnivr,Benthic,Eviota,NA,NA
Gobiidae,Evorthodus lyricus,15,InvMob,Benthic,Evorthodus,NA,NA
Gobiidae,Exyrias akihito,11.12,Omnivr,Benthic,Exyrias,NA,NA
Gobiidae,Exyrias belissimus,20.5,Omnivr,Benthic,Exyrias,0.00708,3.06
Gobiidae,Exyrias ferrarisi,11,Omnivr,Benthic,Exyrias,NA,NA
Gobiidae,Exyrias puntang,16.2,Omnivr,Benthic,Exyrias,NA,NA
Gobiidae,Favonigobius gymnauchen,9,Omnivr,Benthic,Favonigobius,NA,NA
Gobiidae,Favonigobius reichei,8.3,Omnivr,Benthic,Favonigobius,NA,NA
Gobiidae,Feia dabra,1.9,Omnivr,Benthic,Feia,NA,NA
Gobiidae,Feia nympha,2.7,Omnivr,Benthic,Feia,NA,NA
Gobiidae,Fusigobius aureus,3.48,InvMob,Benthic,Fusigobius,NA,NA
Gobiidae,Fusigobius duospilus,6,InvMob,Benthic,Fusigobius,0.00692,3.1
Gobiidae,Fusigobius humeralis,5.5,InvMob,Benthic,Fusigobius,0.01023,3.02
Gobiidae,Fusigobius inframaculatus,4.55,InvMob,Benthic,Fusigobius,0.01023,3.02
Gobiidae,Fusigobius longispinus,8,InvMob,Benthic,Fusigobius,NA,NA
Gobiidae,Fusigobius maximus,7.5,InvMob,Benthic,Fusigobius,0.00692,3.1
Gobiidae,Fusigobius melacron,4.3,InvMob,Benthic,Fusigobius,0.00692,3.1
Gobiidae,Fusigobius neophytus,7.5,InvMob,Benthic,Fusigobius,0.01023,3.02
Gobiidae,Fusigobius pallidus,6.45,InvMob,Benthic,Fusigobius,NA,NA
Gobiidae,Fusigobius signipinnis,6,InvMob,Benthic,Fusigobius,0.01023,3.02
Gobiidae,Ginsburgellus novemlineatus,2.5,InvMob,Benthic,Ginsburgellus,NA,NA
Gobiidae,Gladiogobius ensifer,7.5,InvMob,Benthic,Gladiogobius,NA,NA
Gobiidae,Gladiogobius rex,3.89,InvMob,Benthic,Gladiogobius,NA,NA
Gobiidae,Gnatholepis anjerensis,10.3,Omnivr,Benthic,Gnatholepis,0.00955,3.05
Gobiidae,Gnatholepis argus,2.95,Omnivr,Benthic,Gnatholepis,NA,NA
Gobiidae,Gnatholepis caudimaculata,4.25,Omnivr,Benthic,Gnatholepis,NA,NA
Gobiidae,Gnatholepis cauerensis,6,Omnivr,Benthic,Gnatholepis,0.00955,3.05
Gobiidae,Gnatholepis gymnocara,3.66,Omnivr,Benthic,Gnatholepis,NA,NA
Gobiidae,Gnatholepis ophthalmotaenia,5.5,Omnivr,Benthic,Gnatholepis,NA,NA
Gobiidae,Gnatholepis thompsoni,8.2,Omnivr,Benthic,Gnatholepis,0.00871,3.19
Gobiidae,Gnatholepis yoshinoi,3.13,Omnivr,Benthic,Gnatholepis,NA,NA
Gobiidae,Gobiodon albofasciatus,2.5,InvSes,Benthic,Gobiodon,NA,NA
Gobiidae,Gobiodon ater,2.65,InvSes,Benthic,Gobiodon,NA,NA
Gobiidae,Gobiodon bilineatus,3.57,InvSes,Benthic,Gobiodon,NA,NA
Gobiidae,Gobiodon ceramensis,3.5,InvSes,Benthic,Gobiodon,NA,NA
Gobiidae,Gobiodon citrinus,6.6,InvSes,Benthic,Gobiodon,0.01995,3.01
Gobiidae,Gobiodon erythrospilus,5.4,InvSes,Benthic,Gobiodon,NA,NA
Gobiidae,Gobiodon fuscoruber,3.67,InvSes,Benthic,Gobiodon,NA,NA
Gobiidae,Gobiodon heterospilos,6.6,InvSes,Benthic,Gobiodon,0.01995,3.01
Gobiidae,Gobiodon histrio,3.5,InvMob,Benthic,Gobiodon,0.01995,3.01
Gobiidae,Gobiodon irregularis,3.23,InvSes,Benthic,Gobiodon,NA,NA
Gobiidae,Gobiodon multilineatus,3.5,InvSes,Benthic,Gobiodon,NA,NA
Gobiidae,Gobiodon okinawae,3.5,InvSes,Benthic,Gobiodon,0.01995,3.01
Gobiidae,Gobiodon prolixus,3.21,InvSes,Benthic,Gobiodon,NA,NA
Gobiidae,Gobiodon quinquestrigatus,5.5,InvMob,Benthic,Gobiodon,0.01995,3.01
Gobiidae,Gobiodon reticulatus,2.1,InvSes,Benthic,Gobiodon,NA,NA
Gobiidae,Gobiodon rivulatus,5,InvMob,Benthic,Gobiodon,0.01995,3.01
Gobiidae,Gobiodon spilophthalmus,3.6,InvSes,Benthic,Gobiodon,0.01023,3.02
Gobiidae,Gobiodon unicolor,2.8,InvSes,Benthic,Gobiodon,NA,NA
Gobiidae,Gobioides sagitta,39.7,InvMob,Benthic,Gobioides,NA,NA
Gobiidae,Gobionellus occidentalis,13.28,InvMob,Benthic,Gobionellus,NA,NA
Gobiidae,Gobiopsis angustifrons,4.54,Omnivr,Benthic,Gobiopsis,NA,NA
Gobiidae,Gobiopsis aporia,4.1,Omnivr,Benthic,Gobiopsis,NA,NA
Gobiidae,Gobiopsis arenaria,1.6,Omnivr,Benthic,Gobiopsis,NA,NA
Gobiidae,Gobiopsis atrata,8.5,Omnivr,Benthic,Gobiopsis,NA,NA
Gobiidae,Gobiopsis bravoi,4.1,Omnivr,Benthic,Gobiopsis,NA,NA
Gobiidae,Gobiopsis canalis,6.3,Omnivr,Benthic,Gobiopsis,NA,NA
Gobiidae,Gobiopsis malekulae,3,Omnivr,Benthic,Gobiopsis,NA,NA
Gobiidae,Gobiopsis quinquecincta,2.4,Omnivr,Benthic,Gobiopsis,NA,NA
Gobiidae,Gobiopsis springeri,3.2,Omnivr,Benthic,Gobiopsis,NA,NA
Gobiidae,Gobiosoma chiquita,6.5,Omnivr,Benthic,Gobiosoma,NA,NA
Gobiidae,Gobiosoma paradoxum,4,Omnivr,Benthic,Gobiosoma,NA,NA
Gobiidae,Gobius cobitis,14.1,Omnivr,Benthic,Gobius,0.0112775,3.0795
Gobiidae,Gobius cruentatus,18,InvMob,Benthic,Gobius,NA,NA
Gobiidae,Gobius fallax,9,InvMob,Benthic,Gobius,0.00708,3.06
Gobiidae,Gobius gasteveni,12,InvMob,Benthic,Gobius,NA,NA
Gobiidae,Gobius niger,18,InvMob,Benthic,Gobius,0.011873333,3.025483333
Gobiidae,Gobius paganellus,13,InvMob,Benthic,Gobius,0.011375,3.07125
Gobiidae,Gobius vittatus,6.9,InvMob,Benthic,Gobius,0.00741,3.09
Gobiidae,Gobius xanthocephalus,10,InvMob,Benthic,Gobius,0.01023,3.02
Gobiidae,Gobulus hancocki,5.5,InvMob,Benthic,Gobulus,NA,NA
Gobiidae,Gorogobius nigricinctus,4,InvMob,Benthic,Gorogobius,NA,NA
Gobiidae,Grallenia lipi,1.55,InvMob,Benthic,Grallenia,NA,NA
Gobiidae,Gymneleotris seminuda,5,InvMob,Benthic,Gymneleotris,NA,NA
Gobiidae,Hazeus otakii,6.5,InvMob,Benthic,Hazeus,NA,NA
Gobiidae,Hetereleotris apora,3,InvMob,Benthic,Hetereleotris,NA,NA
Gobiidae,Hetereleotris caminata,4,InvMob,Benthic,Hetereleotris,NA,NA
Gobiidae,Hetereleotris georgegilli,2.25,InvMob,Benthic,Hetereleotris,NA,NA
Gobiidae,Hetereleotris margaretae,3,InvMob,Benthic,Hetereleotris,NA,NA
Gobiidae,Hetereleotris tentaculata,3,InvMob,Benthic,Hetereleotris,NA,NA
Gobiidae,Hetereleotris vulgaris,4,InvMob,Benthic,Hetereleotris,NA,NA
Gobiidae,Hetereleotris zanzibarensis,3,InvMob,Benthic,Hetereleotris,NA,NA
Gobiidae,Hetereleotris zonata,6.5,InvMob,Benthic,Hetereleotris,NA,NA
Gobiidae,Istigobius campbelli,7.1,HerDet,Benthic,Istigobius,0.01023,3.02
Gobiidae,Istigobius decoratus,13,HerDet,Benthic,Istigobius,0.00891,2.92
Gobiidae,Istigobius hoesei,6,HerDet,Benthic,Istigobius,0.01023,3.02
Gobiidae,Istigobius hoshinonis,8.9,HerDet,Benthic,Istigobius,NA,NA
Gobiidae,Istigobius nigroocellatus,6.5,HerDet,Benthic,Istigobius,0.01023,3.02
Gobiidae,Istigobius ornatus,11,Omnivr,Benthic,Istigobius,NA,NA
Gobiidae,Istigobius rigilius,12.4,InvMob,Benthic,Istigobius,0.00692,3.1
Gobiidae,Istigobius spence,7.9,HerDet,Benthic,Istigobius,0.01023,3.02
Gobiidae,Kelloggella cardinalis,2.5,Omnivr,Benthic,Kelloggella,NA,NA
Gobiidae,Koumansetta hectori,8.5,Omnivr,Benthic,Koumansetta,0.00692,3.1
Gobiidae,Koumansetta rainfordi,10.2,HerDet,Benthic,Koumansetta,0.00692,3.1
Gobiidae,Lebetus guilleti,2.5,InvMob,Benthic,Lebetus,NA,NA
Gobiidae,Lebetus scorpioides,4,InvMob,Benthic,Lebetus,NA,NA
Gobiidae,Lesueurigobius friesii,13,InvMob,Benthic,Lesueurigobius,0.021416,2.65682
Gobiidae,Lesueurigobius koumansi,11,InvMob,Benthic,Lesueurigobius,NA,NA
Gobiidae,Lesueurigobius sanzi,11,InvMob,Benthic,Lesueurigobius,NA,NA
Gobiidae,Lesueurigobius suerii,7.5,InvMob,Benthic,Lesueurigobius,NA,NA
Gobiidae,Lobulogobius morrigu,3.1,Omnivr,Benthic,Lobulogobius,NA,NA
Gobiidae,Lobulogobius omanensis,5,Omnivr,Benthic,Lobulogobius,NA,NA
Gobiidae,Lotilia graciliosa,4.5,Omnivr,Benthic,Lotilia,0.00692,3.1
Gobiidae,Lubricogobius dinah,1.63,Plktiv,Benthic,Lubricogobius,NA,NA
Gobiidae,Luposicya lupus,4.3,InvMob,Benthic,Luposicya,NA,NA
Gobiidae,Lythrypnus brasiliensis,1.61,InvMob,Benthic,Lythrypnus,NA,NA
Gobiidae,Lythrypnus dalli,6.4,InvMob,Benthic,Lythrypnus,0.00955,3.01
Gobiidae,Lythrypnus elasson,1.58,InvMob,Benthic,Lythrypnus,NA,NA
Gobiidae,Lythrypnus gilberti,4.5,InvMob,Benthic,Lythrypnus,0.00692,3.1
Gobiidae,Lythrypnus nesiotes,2,InvMob,Benthic,Lythrypnus,NA,NA
Gobiidae,Lythrypnus pulchellus,4.5,InvMob,Benthic,Lythrypnus,NA,NA
Gobiidae,Lythrypnus rhizophora,3.4,InvMob,Benthic,Lythrypnus,NA,NA
Gobiidae,Lythrypnus zebra,5.7,InvMob,Benthic,Lythrypnus,NA,NA
Gobiidae,Macrodontogobius wilburi,6.5,Omnivr,Benthic,Macrodontogobius,0.01023,3.02
Gobiidae,Mahidolia mystacina,8,InvMob,Benthic,Mahidolia,NA,NA
Gobiidae,Microgobius carri,10,InvMob,Benthic,Microgobius,NA,NA
Gobiidae,Microgobius microlepis,10,InvMob,Benthic,Microgobius,0.00692,3.1
Gobiidae,Microgobius signatus,6,InvMob,Benthic,Microgobius,NA,NA
Gobiidae,Microgobius thalassinus,6.4,InvMob,Benthic,Microgobius,0.00708,3.09
Gobiidae,Minysicya caudimaculata,1.3,Omnivr,Benthic,Minysicya,NA,NA
Gobiidae,Myersina crocata,6,Plktiv,Benthic,Myersina,NA,NA
Gobiidae,Myersina filifer,13.2,Plktiv,Benthic,Myersina,NA,NA
Gobiidae,Myersina lachneri,5,Plktiv,Benthic,Myersina,NA,NA
Gobiidae,Myersina macrostoma,6,Plktiv,Benthic,Myersina,NA,NA
Gobiidae,Myersina nigrivirgata,10,Plktiv,Benthic,Myersina,NA,NA
Gobiidae,Nematogobius maindroni,8,InvMob,Benthic,Nematogobius,NA,NA
Gobiidae,Nes longus,10,InvMob,Benthic,Nes,NA,NA
Gobiidae,Oplopomops diacanthus,7.5,Omnivr,Benthic,Oplopomops,NA,NA
Gobiidae,Oplopomus caninoides,7.5,Omnivr,Benthic,Oplopomus,NA,NA
Gobiidae,Oplopomus oplopomus,10,Omnivr,Benthic,Oplopomus,NA,NA
Gobiidae,Opua nephodes,4.4,Omnivr,Benthic,Opua,NA,NA
Gobiidae,Oxyurichthys papuensis,20,Omnivr,Benthic,Oxyurichthys,NA,NA
Gobiidae,Oxyurichthys stigmalophius,16.5,Omnivr,Benthic,Oxyurichthys,NA,NA
Gobiidae,Palutrus meteori,6.2,Omnivr,Benthic,Palutrus,NA,NA
Gobiidae,Palutrus scapulopunctatus,6.3,Omnivr,Benthic,Palutrus,NA,NA
Gobiidae,Paragobiodon echinocephalus,4,InvSes,Benthic,Paragobiodon,NA,NA
Gobiidae,Paragobiodon kasaii,1.81,InvSes,Benthic,Paragobiodon,NA,NA
Gobiidae,Paragobiodon lacunicolus,3,InvSes,Benthic,Paragobiodon,0.01995,3.01
Gobiidae,Paragobiodon lacuniculus,3,InvSes,Benthic,Paragobiodon,0.01995,3.01
Gobiidae,Paragobiodon modestus,3.5,InvSes,Benthic,Paragobiodon,0.01995,3.01
Gobiidae,Paragobiodon xanthosoma,4,InvSes,Benthic,Paragobiodon,0.01995,3.01
Gobiidae,Periophthalmus argentilineatus,19,InvMob,Benthic,Periophthalmus,NA,NA
Gobiidae,Periophthalmus barbarus,14.7,InvMob,Benthic,Periophthalmus,0.02118,2.8854
Gobiidae,Periophthalmus kalolo,14.1,InvMob,Benthic,Periophthalmus,NA,NA
Gobiidae,Periophthalmus modestus,10,InvMob,Benthic,Periophthalmus,0.01995,3.01
Gobiidae,Phyllogobius platycephalops,5,InvMob,Benthic,Phyllogobius,0.00692,3.1
Gobiidae,Pleurosicya annandalei,3,Omnivr,Benthic,Pleurosicya,NA,NA
Gobiidae,Pleurosicya bilobata,3,Omnivr,Benthic,Pleurosicya,NA,NA
Gobiidae,Pleurosicya boldinghi,4.5,Omnivr,Benthic,Pleurosicya,NA,NA
Gobiidae,Pleurosicya carolinensis,2.5,Omnivr,Benthic,Pleurosicya,NA,NA
Gobiidae,Pleurosicya coerulea,2.2,Omnivr,Benthic,Pleurosicya,NA,NA
Gobiidae,Pleurosicya elongata,4,Omnivr,Benthic,Pleurosicya,0.00692,3.1
Gobiidae,Pleurosicya fringilla,2.2,Omnivr,Benthic,Pleurosicya,NA,NA
Gobiidae,Pleurosicya labiata,3.5,Omnivr,Benthic,Pleurosicya,0.00692,3.1
Gobiidae,Pleurosicya micheli,2.5,InvMob,Benthic,Pleurosicya,NA,NA
Gobiidae,Pleurosicya mossambica,3,Omnivr,Benthic,Pleurosicya,0.00692,3.1
Gobiidae,Pleurosicya muscarum,2.2,Omnivr,Benthic,Pleurosicya,NA,NA
Gobiidae,Pleurosicya occidentalis,2,Omnivr,Benthic,Pleurosicya,NA,NA
Gobiidae,Pleurosicya plicata,3.5,Omnivr,Benthic,Pleurosicya,NA,NA
Gobiidae,Pleurosicya prognatha,1.68,Omnivr,Benthic,Pleurosicya,NA,NA
Gobiidae,Pomatoschistus marmoratus,8,InvMob,Benthic,Pomatoschistus,NA,NA
Gobiidae,Priolepis agrena,2.48,InvMob,Benthic,Priolepis,NA,NA
Gobiidae,Priolepis ailina,2.142,InvMob,Benthic,Priolepis,0.01023,3.02
Gobiidae,Priolepis aureoviridis,6.4,InvMob,Benthic,Priolepis,NA,NA
Gobiidae,Priolepis boreus,2.4,InvMob,Benthic,Priolepis,NA,NA
Gobiidae,Priolepis cincta,7,InvMob,Benthic,Priolepis,NA,NA
Gobiidae,Priolepis compita,2.5,InvMob,Benthic,Priolepis,0.01023,3.02
Gobiidae,Priolepis cyanocephala,3,InvMob,Benthic,Priolepis,NA,NA
Gobiidae,Priolepis dawsoni,2.63,InvMob,Benthic,Priolepis,NA,NA
Gobiidae,Priolepis eugenius,5.59,InvMob,Benthic,Priolepis,NA,NA
Gobiidae,Priolepis fallacincta,3.2,InvMob,Benthic,Priolepis,NA,NA
Gobiidae,Priolepis hipoliti,4,InvMob,Benthic,Priolepis,NA,NA
Gobiidae,Priolepis inhaca,4,InvMob,Benthic,Priolepis,NA,NA
Gobiidae,Priolepis kappa,2.55,InvMob,Benthic,Priolepis,NA,NA
Gobiidae,Priolepis latifascima,2.07,InvMob,Benthic,Priolepis,NA,NA
Gobiidae,Priolepis limbatosquamis,2.2,InvMob,Benthic,Priolepis,NA,NA
Gobiidae,Priolepis nocturna,3.9,InvMob,Benthic,Priolepis,NA,NA
Gobiidae,Priolepis nuchifasciata,4,InvMob,Benthic,Priolepis,NA,NA
Gobiidae,Priolepis pallidicincta,2.79,InvMob,Benthic,Priolepis,NA,NA
Gobiidae,Priolepis profunda,3.4,InvMob,Benthic,Priolepis,NA,NA
Gobiidae,Priolepis randalli,5.1,InvMob,Benthic,Priolepis,NA,NA
Gobiidae,Priolepis triops,NA,InvMob,Benthic,Priolepis,0.01023,3.02
Gobiidae,Priolepis semidoliata,2.4,InvMob,Benthic,Priolepis,0.01023,3.02
Gobiidae,Priolepis squamogena,5.4,InvMob,Benthic,Priolepis,0.01023,3.02
Gobiidae,Priolepis vexilla,1.94,InvMob,Benthic,Priolepis,NA,NA
Gobiidae,Psilogobius mainlandi,3.7,InvMob,Benthic,Psilogobius,NA,NA
Gobiidae,Psilogobius prolatus,5.5,InvMob,Benthic,Psilogobius,NA,NA
Gobiidae,Psilotris alepis,2.39,InvMob,Benthic,Psilotris,NA,NA
Gobiidae,Psilotris boehlkei,4,InvMob,Benthic,Psilotris,NA,NA
Gobiidae,Psilotris celsa,5.1,InvMob,Benthic,Psilotris,NA,NA
Gobiidae,Risor ruber,2.5,InvMob,Benthic,Risor,NA,NA
Gobiidae,Sicyopterus lagocephalus,13,Omnivr,Benthic,Sicyopterus,NA,NA
Gobiidae,Signigobius biocellatus,13,InvMob,Benthic,Signigobius,0.01023,3.02
Gobiidae,Stonogobiops dracula,7,InvMob,Benthic,Stonogobiops,NA,NA
Gobiidae,Stonogobiops nematodes,6,InvMob,Benthic,Stonogobiops,NA,NA
Gobiidae,Stonogobiops xanthorhinica,6,InvMob,Benthic,Stonogobiops,NA,NA
Gobiidae,Sueviota aprica,1.39,InvMob,Benthic,Sueviota,NA,NA
Gobiidae,Sueviota atrinasa,2,InvMob,Benthic,Sueviota,NA,NA
Gobiidae,Sueviota lachneri,2.1,InvMob,Benthic,Sueviota,NA,NA
Gobiidae,Sueviota larsonae,2.15,InvMob,Benthic,Sueviota,NA,NA
Gobiidae,Thorogobius angolensis,10.7,Omnivr,Benthic,Thorogobius,NA,NA
Gobiidae,Thorogobius ephippiatus,13,Omnivr,Benthic,Thorogobius,0.00692,3.1
Gobiidae,Tigrigobius dilepis,2.5,InvMob,Benthic,Tigrigobius,NA,NA
Gobiidae,Tigrigobius gemmatus,2.5,InvMob,Benthic,Tigrigobius,NA,NA
Gobiidae,Tigrigobius janssi,3,InvMob,Benthic,Tigrigobius,NA,NA
Gobiidae,Tigrigobius macrodon,5,InvMob,Benthic,Tigrigobius,NA,NA
Gobiidae,Tigrigobius multifasciatus,5,InvMob,Benthic,Tigrigobius,NA,NA
Gobiidae,Tomiyamichthys fourmanoiri,5.9,Omnivr,Benthic,Tomiyamichthys,NA,NA
Gobiidae,Tomiyamichthys gomezi,4.43,InvMob,Benthic,Tomiyamichthys,NA,NA
Gobiidae,Tomiyamichthys lanceolatus,7.5,Omnivr,Benthic,Tomiyamichthys,NA,NA
Gobiidae,Tomiyamichthys latruncularius,10,Omnivr,Benthic,Tomiyamichthys,NA,NA
Gobiidae,Tomiyamichthys nudus,3.34,InvMob,Benthic,Tomiyamichthys,NA,NA
Gobiidae,Tomiyamichthys oni,11,Omnivr,Benthic,Tomiyamichthys,NA,NA
Gobiidae,Tomiyamichthys tanyspilus,5.1,Omnivr,Benthic,Tomiyamichthys,NA,NA
Gobiidae,Trimma anaima,3,Omnivr,Benthic,Trimma,0.01023,3.02
Gobiidae,Trimma annosum,2.8,Omnivr,Benthic,Trimma,NA,NA
Gobiidae,Trimma anthrenum,2.04,Omnivr,Benthic,Trimma,NA,NA
Gobiidae,Trimma aturirii,1.88,Omnivr,Benthic,Trimma,NA,NA
Gobiidae,Trimma avidori,2.5,Omnivr,Benthic,Trimma,NA,NA
Gobiidae,Trimma benjamini,3.6,Omnivr,Benthic,Trimma,0.01023,3.03
Gobiidae,Trimma cana,2.45,Omnivr,Benthic,Trimma,0.01023,3.02
Gobiidae,Trimma caudipunctatum,2.09,Omnivr,Benthic,Trimma,NA,NA
Gobiidae,Trimma cheni,2.23,Omnivr,Benthic,Trimma,NA,NA
Gobiidae,Trimma dalerocheila,1.95,Omnivr,Benthic,Trimma,NA,NA
Gobiidae,Trimma emeryi,2.5,Omnivr,Benthic,Trimma,NA,NA
Gobiidae,Trimma erdmanni,2.62,Omnivr,Benthic,Trimma,NA,NA
Gobiidae,Trimma fangi,2.05,Omnivr,Benthic,Trimma,NA,NA
Gobiidae,Trimma flammeum,2.2,Omnivr,Benthic,Trimma,NA,NA
Gobiidae,Trimma flavatrum,2.3,Omnivr,Benthic,Trimma,NA,NA
Gobiidae,Trimma flavicaudatum,2.4,Omnivr,Benthic,Trimma,NA,NA
Gobiidae,Trimma fucatum,1.98,Omnivr,Benthic,Trimma,NA,NA
Gobiidae,Trimma gigantum,2.99,Omnivr,Benthic,Trimma,NA,NA
Gobiidae,Trimma grammistes,3,Omnivr,Benthic,Trimma,NA,NA
Gobiidae,Trimma griffithsi,3,Omnivr,Benthic,Trimma,NA,NA
Gobiidae,Trimma habrum,1.77,Omnivr,Benthic,Trimma,NA,NA
Gobiidae,Trimma haima,1.68,Omnivr,Benthic,Trimma,NA,NA
Gobiidae,Trimma haimassum,3.09,Omnivr,Benthic,Trimma,NA,NA
Gobiidae,Trimma halonevum,3,Omnivr,Benthic,Trimma,NA,NA
Gobiidae,Trimma hayashii,2.33,Omnivr,Benthic,Trimma,NA,NA
Gobiidae,Trimma hoesei,2.4,Omnivr,Benthic,Trimma,NA,NA
Gobiidae,Trimma hotsarihiensis,1.55,Omnivr,Benthic,Trimma,NA,NA
Gobiidae,Trimma kardium,1.67,Omnivr,Benthic,Trimma,NA,NA
Gobiidae,Trimma kitrinum,2.68,Omnivr,Benthic,Trimma,NA,NA
Gobiidae,Trimma lantana,3.5,Omnivr,Benthic,Trimma,0.01023,3.02
Gobiidae,Trimma maiandros,2.7,Omnivr,Benthic,Trimma,NA,NA
Gobiidae,Trimma marinae,2,Omnivr,Benthic,Trimma,NA,NA
Gobiidae,Trimma mendelssohni,4,Omnivr,Benthic,Trimma,NA,NA
Gobiidae,Trimma milta,3,Omnivr,Benthic,Trimma,NA,NA
Gobiidae,Trimma nasa,2.3,Plktiv,Benthopelagic,Trimma,0.01023,3.03
Gobiidae,Trimma naudei,3.5,Omnivr,Benthic,Trimma,NA,NA
Gobiidae,Trimma nomurai,1.92,Omnivr,Benthic,Trimma,NA,NA
Gobiidae,Trimma okinawae,4.3,Omnivr,Benthic,Trimma,0.01023,3.02
Gobiidae,Trimma preclarum,2.03,Omnivr,Benthic,Trimma,NA,NA
Gobiidae,Trimma randalli,1.97,Omnivr,Benthic,Trimma,NA,NA
Gobiidae,Trimma rubromaculatum,3.5,Omnivr,Benthic,Trimma,NA,NA
Gobiidae,Trimma sanguinellus,2.1,Omnivr,Benthic,Trimma,NA,NA
Gobiidae,Trimma sheppardi,1.86,Omnivr,Benthic,Trimma,NA,NA
Gobiidae,Trimma sostra,2.37,Omnivr,Benthic,Trimma,NA,NA
Gobiidae,Trimma striatum,3,Omnivr,Benthic,Trimma,0.01023,3.02
Gobiidae,Trimma tauroculum,1.92,Omnivr,Benthic,Trimma,NA,NA
Gobiidae,Trimma taylori,3.5,Omnivr,Benthic,Trimma,0.01023,3.02
Gobiidae,Trimma tevegae,4.5,Omnivr,Benthic,Trimma,0.01023,3.02
Gobiidae,Trimma trioculatum,1.94,Omnivr,Benthic,Trimma,NA,NA
Gobiidae,Trimma volcana,1.93,Omnivr,Benthic,Trimma,NA,NA
Gobiidae,Trimma winterbottomi,3,Omnivr,Benthic,Trimma,NA,NA
Gobiidae,Trimma woutsi,2.3,Omnivr,Benthic,Trimma,NA,NA
Gobiidae,Trimma xanthochrum,2.51,Omnivr,Benthic,Trimma,NA,NA
Gobiidae,Trimmatom eviotops,2.1,Omnivr,Benthic,Trimmatom,0.00692,3.1
Gobiidae,Trimmatom macropodus,1.6,Omnivr,Benthic,Trimmatom,NA,NA
Gobiidae,Trimmatom nanus,1,Omnivr,Benthic,Trimmatom,NA,NA
Gobiidae,Trimmatom offucius,1.38,Omnivr,Benthic,Trimmatom,NA,NA
Gobiidae,Trimmatom pharus,2.2,Omnivr,Benthic,Trimmatom,NA,NA
Gobiidae,Trimmatom sagma,2.1,Omnivr,Benthic,Trimmatom,NA,NA
Gobiidae,Tryssogobius colini,3.25,InvMob,Benthic,Tryssogobius,NA,NA
Gobiidae,Tryssogobius longipes,2.1,InvMob,Benthic,Tryssogobius,NA,NA
Gobiidae,Tryssogobius nigrolineatus,2.9,InvMob,Benthic,Tryssogobius,NA,NA
Gobiidae,Valenciennea alleni,7.4,Omnivr,Benthic,Valenciennea,0.00912,2.98
Gobiidae,Valenciennea bella,6.9,Omnivr,Benthic,Valenciennea,NA,NA
Gobiidae,Valenciennea decora,11.3,Omnivr,Benthic,Valenciennea,0.00692,3.1
Gobiidae,Valenciennea helsdingenii,25,Omnivr,Benthic,Valenciennea,0.01023,3.02
Gobiidae,Valenciennea immaculata,13,Omnivr,Benthic,Valenciennea,0.00692,3.1
Gobiidae,Valenciennea limicola,6.2,Omnivr,Benthic,Valenciennea,NA,NA
Gobiidae,Valenciennea longipinnis,24.4,Omnivr,Benthic,Valenciennea,0.00661,3.09
Gobiidae,Valenciennea muralis,11.6,HerDet,Benthic,Valenciennea,0.0082,2.92
Gobiidae,Valenciennea parva,12.7,Omnivr,Benthic,Valenciennea,0.01023,3.02
Gobiidae,Valenciennea persica,10.3,Omnivr,Benthic,Valenciennea,NA,NA
Gobiidae,Valenciennea puellaris,25,Omnivr,Benthic,Valenciennea,0.01023,3.02
Gobiidae,Valenciennea randalli,16,Omnivr,Benthic,Valenciennea,0.01023,3.02
Gobiidae,Valenciennea sexguttata,14,Omnivr,Benthic,Valenciennea,0.01023,3.02
Gobiidae,Valenciennea strigata,18,Omnivr,Benthic,Valenciennea,0.01023,3.02
Gobiidae,Valenciennea wardii,15,Omnivr,Benthic,Valenciennea,NA,NA
Gobiidae,Vanderhorstia ambanoro,13,Omnivr,Benthic,Vanderhorstia,NA,NA
Gobiidae,Vanderhorstia attenuata,3.63,Omnivr,Benthic,Vanderhorstia,NA,NA
Gobiidae,Vanderhorstia delagoae,7.5,Omnivr,Benthic,Vanderhorstia,NA,NA
Gobiidae,Vanderhorstia mertensi,11,Omnivr,Benthic,Vanderhorstia,NA,NA
Gobiidae,Vanderhorstia ornatissima,8.5,Omnivr,Benthic,Vanderhorstia,NA,NA
Gobiidae,Vanderhorstia steelei,5.19,Omnivr,Benthic,Vanderhorstia,NA,NA
Gobiidae,Vanneaugobius canariensis,4.3,Omnivr,Benthic,Vanneaugobius,NA,NA
Gobiidae,Vanneaugobius pruvoti,3.9,Omnivr,Benthic,Vanneaugobius,NA,NA
Gobiidae,Wheelerigobius maltzani,4.5,Omnivr,Benthic,Wheelerigobius,NA,NA
Gobiidae,Yongeichthys criniger,15,Omnivr,Benthic,Yongeichthys,NA,NA
Grammatidae,Gramma brasiliensis,6.55,Plktiv,Benthopelagic,Gramma,0.00389,3.12
Grammatidae,Gramma linki,7,Plktiv,Benthopelagic,Gramma,NA,NA
Grammatidae,Gramma loreto,8,Plktiv,Benthopelagic,Gramma,0.01122,3.04
Grammatidae,Gramma melacara,10,Plktiv,Benthopelagic,Gramma,NA,NA
Grammatidae,Lipogramma anabantoides,1.35,InvMob,Benthopelagic,Lipogramma,NA,NA
Grammatidae,Lipogramma evides,4,InvMob,Benthopelagic,Lipogramma,NA,NA
Grammatidae,Lipogramma flavescens,2.21,InvMob,Benthopelagic,Lipogramma,NA,NA
Grammatidae,Lipogramma klayi,4,InvMob,Benthopelagic,Lipogramma,NA,NA
Grammatidae,Lipogramma robinsi,2.21,InvMob,Benthopelagic,Lipogramma,NA,NA
Grammatidae,Lipogramma rosea,4.8,InvMob,Benthopelagic,Lipogramma,NA,NA
Grammatidae,Lipogramma trilineata,3.5,InvMob,Benthopelagic,Lipogramma,NA,NA
Grammistidae,Pseudogramma polyacanthum,10.3372,FisCep,Benthic,Pseudogramma,0.00389,3.12
Haemulidae,Anisotremus caesius,30,InvMob,Benthic,Anisotremus,0.01738,3.02
Haemulidae,Anisotremus davidsonii,58,InvMob,Benthic,Anisotremus,0.01738,3.02
Haemulidae,Anisotremus interruptus,51,InvMob,Benthopelagic,Anisotremus,0.0263,3.06
Haemulidae,Anisotremus moricandi,15.12,InvMob,Benthopelagic,Anisotremus,NA,NA
Haemulidae,Anisotremus scapularis,40,Omnivr,Benthic,Anisotremus,0.0123,3.02
Haemulidae,Anisotremus surinamensis,76,InvMob,Benthopelagic,Anisotremus,0.067,2.69
Haemulidae,Anisotremus taeniatus,31,InvMob,Benthic,Anisotremus,0.01738,3.02
Haemulidae,Anisotremus virginicus,40.6,InvMob,Benthopelagic,Anisotremus,0.01514,3.05
Haemulidae,Conodon nobilis,33.6,InvMob,Benthopelagic,Conodon,0.009365714,3.155142857
Haemulidae,Diagramma labiosum,90,InvMob,Benthic,Diagramma,NA,NA
Haemulidae,Diagramma melanacrum,45,InvMob,Benthic,Diagramma,0.0182,3.06
Haemulidae,Diagramma pictum,105.5,InvMob,Benthopelagic,Diagramma,0.0077,3.131
Haemulidae,Emmelichthyops atlanticus,13,Plktiv,Pelagic,Emmelichthyops,0.00389,3.12
Haemulidae,Haemulon album,79,InvMob,Benthopelagic,Haemulon,0.01202,3
Haemulidae,Haemulon aurolineatum,25,InvMob,Benthopelagic,Haemulon,0.01035,3.08565
Haemulidae,Haemulon boschmae,19,InvMob,Benthopelagic,Haemulon,NA,NA
Haemulidae,Haemulon carbonarium,36,InvMob,Benthopelagic,Haemulon,0.01622,2.99
Haemulidae,Haemulon chrysargyreum,23,InvMob,Benthopelagic,Haemulon,0.0123,3
Haemulidae,Haemulon flaviguttatum,42,InvMob,Benthopelagic,Haemulon,0.01514,3.02
Haemulidae,Haemulon flavolineatum,30,InvMob,Benthopelagic,Haemulon,0.013,3.034
Haemulidae,Haemulon macrostomum,43,InvMob,Benthopelagic,Haemulon,0.01585,3.02
Haemulidae,Haemulon maculicauda,30,InvMob,Benthopelagic,Haemulon,0.0138,3.03
Haemulidae,Haemulon melanurum,33,InvMob,Benthopelagic,Haemulon,0.01778,2.99
Haemulidae,Haemulon parra,41.2,InvMob,Benthopelagic,Haemulon,0.0106,3.18
Haemulidae,Haemulon parra,41.2,InvMob,Benthopelagic,Haemulon,0.0106,3.18
Haemulidae,Haemulon plumierii,53,InvMob,Benthopelagic,Haemulon,0.019925,2.95555
Haemulidae,Haemulon plumierii,53,InvMob,Benthopelagic,Haemulon,0.019925,2.95555
Haemulidae,Haemulon sciurus,46,InvMob,Benthopelagic,Haemulon,0.0139,3.0742
Haemulidae,Haemulon scudderii,35,InvMob,Benthic,Haemulon,NA,NA
Haemulidae,Haemulon sexfasciatum,71,InvMob,Benthopelagic,Haemulon,0.0257,3.01
Haemulidae,Haemulon squamipinna,11.5,InvMob,Benthopelagic,Haemulon,NA,NA
Haemulidae,Haemulon steindachneri,30,InvMob,Benthopelagic,Haemulon,0.01005,3.137
Haemulidae,Haemulon striatum,28,InvMob,Benthopelagic,Haemulon,NA,NA
Haemulidae,Orthopristis cantharinus,38,InvMob,Benthic,Orthopristis,NA,NA
Haemulidae,Orthopristis chrysoptera,46,InvMob,Benthopelagic,Orthopristis,NA,NA
Haemulidae,Orthopristis forbesi,30.5,InvMob,Benthic,Orthopristis,0.01318,2.99
Haemulidae,Orthopristis ruber,40,InvMob,Benthopelagic,Orthopristis,0.020919,2.93473
Haemulidae,Parapristipoma octolineatum,50,InvMob,Benthopelagic,Parapristipoma,0.01318,3.01
Haemulidae,Parapristipoma trilineatum,49.8,InvMob,Benthopelagic,Parapristipoma,0.00933,3.01
Haemulidae,Plectorhinchus albovittatus,100,InvMob,Benthopelagic,Plectorhinchus,0.01413,3
Haemulidae,Plectorhinchus chaetodonoides,72,InvMob,Benthopelagic,Plectorhinchus,0.01778,2.97
Haemulidae,Plectorhinchus chrysotaenia,48.4,InvMob,Benthopelagic,Plectorhinchus,0.01413,3
Haemulidae,Plectorhinchus chubbi,75,InvMob,Benthic,Plectorhinchus,NA,NA
Haemulidae,Plectorhinchus cinctus,60,InvMob,Benthic,Plectorhinchus,NA,NA
Haemulidae,Plectorhinchus diagrammus,40,InvMob,Benthic,Plectorhinchus,0.0195,2.95
Haemulidae,Plectorhinchus flavomaculatus,60,InvMob,Benthopelagic,Plectorhinchus,0.01738,3.02
Haemulidae,Plectorhinchus gaterinus,50,InvMob,Benthic,Plectorhinchus,NA,NA
Haemulidae,Plectorhinchus gibbosus,75,InvMob,Benthopelagic,Plectorhinchus,0.0396,2.761
Haemulidae,Plectorhinchus lessonii,40,InvMob,Benthic,Plectorhinchus,0.0195,2.95
Haemulidae,Plectorhinchus lineatus,72,InvMob,Benthopelagic,Plectorhinchus,0.01202,3.01
Haemulidae,Plectorhinchus macrolepis,45,InvMob,Benthopelagic,Plectorhinchus,NA,NA
Haemulidae,Plectorhinchus macrospilus,28.5,InvMob,Benthic,Plectorhinchus,NA,NA
Haemulidae,Plectorhinchus mediterraneus,92.7,InvMob,Benthopelagic,Plectorhinchus,0.01215,3.135
Haemulidae,Plectorhinchus obscurus,100,InvMob,Benthopelagic,Plectorhinchus,NA,NA
Haemulidae,Plectorhinchus pictus,83,InvMob,Benthopelagic,Plectorhinchus,0.043666667,2.810666667
Haemulidae,Plectorhinchus picus,84,InvMob,Benthopelagic,Plectorhinchus,0.01148,3.03
Haemulidae,Plectorhinchus playfairi,90,InvMob,Benthic,Plectorhinchus,NA,NA
Haemulidae,Plectorhinchus polytaenia,50,InvMob,Benthopelagic,Plectorhinchus,0.01778,3.02
Haemulidae,Plectorhinchus schotaf,80,InvMob,Benthic,Plectorhinchus,0.01413,3
Haemulidae,Plectorhinchus sordidus,60,InvMob,Benthopelagic,Plectorhinchus,0.01445,2.98
Haemulidae,Plectorhinchus vittatus,72,InvMob,Benthic,Plectorhinchus,0.01413,3
Haemulidae,Pomadasys argenteus,70,InvMob,Benthic,Pomadasys,0.01985,2.905166667
Haemulidae,Pomadasys argyreus,40,InvMob,Benthic,Pomadasys,0.01479,2.98
Haemulidae,Pomadasys commersonnii,80,InvMob,Benthic,Pomadasys,0.01905,2.95
Haemulidae,Pomadasys crocro,38,InvMob,Benthopelagic,Pomadasys,NA,NA
Haemulidae,Pomadasys furcatus,50,InvMob,Benthic,Pomadasys,NA,NA
Haemulidae,Pomadasys incisus,50,InvMob,Benthopelagic,Pomadasys,0.03802,2.74136
Haemulidae,Pomadasys jubelini,60,InvMob,Benthopelagic,Pomadasys,0.01865,2.8565
Haemulidae,Pomadasys kaakan,80,InvMob,Benthic,Pomadasys,0.0164,2.9905
Haemulidae,Pomadasys maculatus,59.3,InvMob,Benthic,Pomadasys,0.01738,2.93
Haemulidae,Pomadasys olivaceus,55,InvMob,Benthic,Pomadasys,NA,NA
Haemulidae,Pomadasys perotaei,36,InvMob,Benthopelagic,Pomadasys,NA,NA
Haemulidae,Pomadasys punctulatus,30,InvMob,Benthic,Pomadasys,NA,NA
Haemulidae,Pomadasys rogerii,60,InvMob,Benthopelagic,Pomadasys,NA,NA
Haemulidae,Pomadasys striatus,22,InvMob,Benthopelagic,Pomadasys,0.01995,3
Haemulidae,Pomadasys stridens,20,InvMob,Benthic,Pomadasys,0.008046667,3.217533333
Haemulidae,Pomadasys unimaculatus,19,InvMob,Benthic,Pomadasys,NA,NA
Haemulidae,Xenichthys agassizii,20,Plktiv,Pelagic,Xenichthys,NA,NA
Haemulidae,Xenichthys xanti,24,Plktiv,Pelagic,Xenichthys,NA,NA
Haemulidae,Xenocys jessiae,30,Plktiv,Pelagic,Xenocys,0.00389,3.12
Holocentridae,Corniger spinosus,20,FisCep,Benthopelagic,Corniger,NA,NA
Holocentridae,Holocentrus adscensionis,61,InvMob,Benthopelagic,Holocentrus,0.073066667,2.701366667
Holocentridae,Holocentrus rufus,35,InvMob,Benthopelagic,Holocentrus,0.0256,2.6394
Holocentridae,Myripristis adusta,35,Plktiv,Benthopelagic,Myripristis,0.02089,3.01
Holocentridae,Myripristis amaena,34,Plktiv,Benthopelagic,Myripristis,0.02089,3.08
Holocentridae,Myripristis berndti,30,Plktiv,Benthopelagic,Myripristis,0.0168,3.0612
Holocentridae,Myripristis botche,30,Plktiv,Benthopelagic,Myripristis,0.02042,3.04
Holocentridae,Myripristis chryseres,25,Plktiv,Benthopelagic,Myripristis,NA,NA
Holocentridae,Myripristis earlei,24,Plktiv,Benthopelagic,Myripristis,0.01905,3.03
Holocentridae,Myripristis hexagona,30,Plktiv,Benthopelagic,Myripristis,0.01698,3.03
Holocentridae,Myripristis jacobus,25,Plktiv,Benthopelagic,Myripristis,0.01445,3
Holocentridae,Myripristis kuntee,26,Plktiv,Benthopelagic,Myripristis,0.02188,3.12
Holocentridae,Myripristis leiognathus,18,Plktiv,Benthopelagic,Myripristis,0.0195,3.13
Holocentridae,Myripristis murdjan,27,Plktiv,Benthopelagic,Myripristis,0.024683333,3.039333333
Holocentridae,Myripristis pralinia,20,Plktiv,Benthopelagic,Myripristis,0.02089,3.05
Holocentridae,Myripristis randalli,19.5,Plktiv,Benthopelagic,Myripristis,0.01905,3.03
Holocentridae,Myripristis robusta,22,Plktiv,Benthopelagic,Myripristis,NA,NA
Holocentridae,Myripristis seychellensis,23,Plktiv,Benthopelagic,Myripristis,NA,NA
Holocentridae,Myripristis tiki,26.5,Plktiv,Benthopelagic,Myripristis,0.01905,3.03
Holocentridae,Myripristis trachyacron,20,Plktiv,Benthopelagic,Myripristis,NA,NA
Holocentridae,Myripristis violacea,35,Plktiv,Benthopelagic,Myripristis,0.02455,3.02
Holocentridae,Myripristis vittata,25,Plktiv,Benthopelagic,Myripristis,0.01905,3.03
Holocentridae,Myripristis woodsi,26.5,Plktiv,Benthopelagic,Myripristis,NA,NA
Holocentridae,Myripristis xanthacra,20,Plktiv,Benthopelagic,Myripristis,NA,NA
Holocentridae,Neoniphon argenteus,24,InvMob,Benthopelagic,Neoniphon,0.0195,2.94
Holocentridae,Neoniphon aurolineatus,25,FisCep,Benthopelagic,Neoniphon,NA,NA
Holocentridae,Neoniphon marianus,18,FisCep,Benthopelagic,Neoniphon,0.01549,2.97
Holocentridae,Neoniphon opercularis,35,InvMob,Benthopelagic,Neoniphon,0.01549,2.97
Holocentridae,Neoniphon sammara,32,InvMob,Benthopelagic,Neoniphon,0.00489,3.379
Holocentridae,Ostichthys archiepiscopus,32,FisCep,Benthopelagic,Ostichthys,NA,NA
Holocentridae,Ostichthys delta,20,FisCep,Benthopelagic,Ostichthys,NA,NA
Holocentridae,Ostichthys hypsipterygion,17,FisCep,Benthopelagic,Ostichthys,NA,NA
Holocentridae,Ostichthys kaianus,36,FisCep,Benthopelagic,Ostichthys,NA,NA
Holocentridae,Ostichthys sandix,19.2,FisCep,Benthopelagic,Ostichthys,NA,NA
Holocentridae,Ostichthys trachypoma,20,FisCep,Benthopelagic,Ostichthys,NA,NA
Holocentridae,Plectrypops lima,16,FisCep,Benthopelagic,Plectrypops,NA,NA
Holocentridae,Plectrypops retrospinis,15,FisCep,Benthopelagic,Plectrypops,NA,NA
Holocentridae,Pristilepis oligolepis,30,FisCep,Benthopelagic,Pristilepis,NA,NA
Holocentridae,Sargocentron bullisi,13,FisCep,Benthopelagic,Sargocentron,NA,NA
Holocentridae,Sargocentron caudimaculatum,25,InvMob,Benthopelagic,Sargocentron,0.02188,3.01
Holocentridae,Sargocentron cornutum,27,InvMob,Benthopelagic,Sargocentron,0.01585,2.98
Holocentridae,Sargocentron coruscum,15,FisCep,Benthopelagic,Sargocentron,NA,NA
Holocentridae,Sargocentron diadema,17,InvMob,Benthopelagic,Sargocentron,0.0117,3.138
Holocentridae,Sargocentron ensifer,23,FisCep,Benthopelagic,Sargocentron,NA,NA
Holocentridae,Sargocentron hastatum,27.9,FisCep,Benthopelagic,Sargocentron,NA,NA
Holocentridae,Sargocentron hormion,16.6,FisCep,Benthopelagic,Sargocentron,0.01585,2.98
Holocentridae,Sargocentron inaequalis,11.3,FisCep,Benthopelagic,Sargocentron,NA,NA
Holocentridae,Sargocentron iota,7.65,FisCep,Benthopelagic,Sargocentron,NA,NA
Holocentridae,Sargocentron ittodai,20,InvMob,Benthopelagic,Sargocentron,0.01585,2.98
Holocentridae,Sargocentron lepros,20,FisCep,Benthopelagic,Sargocentron,0.01585,2.98
Holocentridae,Sargocentron macrosquamis,9,FisCep,Benthopelagic,Sargocentron,NA,NA
Holocentridae,Sargocentron marisrubri,18.3,FisCep,Benthopelagic,Sargocentron,NA,NA
Holocentridae,Sargocentron melanospilos,25,InvMob,Benthopelagic,Sargocentron,0.01585,2.98
Holocentridae,Sargocentron microstoma,20,InvMob,Benthopelagic,Sargocentron,0.0166,3.13
Holocentridae,Sargocentron praslin,32,FisCep,Benthopelagic,Sargocentron,NA,NA
Holocentridae,Sargocentron punctatissimum,23,FisCep,Benthopelagic,Sargocentron,NA,NA
Holocentridae,Sargocentron rubrum,32,FisCep,Benthopelagic,Sargocentron,0.02198875,2.9969375
Holocentridae,Sargocentron seychellense,27,FisCep,Benthopelagic,Sargocentron,NA,NA
Holocentridae,Sargocentron spiniferum,53.8,InvMob,Benthopelagic,Sargocentron,0.0166,2.98
Holocentridae,Sargocentron spinosissimum,17.7,FisCep,Benthopelagic,Sargocentron,NA,NA
Holocentridae,Sargocentron suborbitale,25.4,FisCep,Benthopelagic,Sargocentron,NA,NA
Holocentridae,Sargocentron tiere,33,InvMob,Benthopelagic,Sargocentron,0.02188,2.98
Holocentridae,Sargocentron tiereoides,19.5,FisCep,Benthopelagic,Sargocentron,0.01585,2.98
Holocentridae,Sargocentron vexillarium,18,FisCep,Benthopelagic,Sargocentron,0.01349,2.97
Holocentridae,Sargocentron violaceum,45,InvMob,Benthopelagic,Sargocentron,0.01585,2.98
Holocentridae,Sargocentron xantherythrum,17,FisCep,Benthopelagic,Sargocentron,NA,NA
Kyphosidae,Girella cyanea,20,HerMac,Benthic,Girella,0.01479,3.08
Kyphosidae,Girella elevata,62,HerMac,Benthic,Girella,0.01479,3.08
Kyphosidae,Girella fimbriata,36,HerMac,Benthic,Girella,0.01479,3.08
Kyphosidae,Girella freminvillii,45,HerMac,Benthic,Girella,NA,NA
Kyphosidae,Girella leonina,46,HerMac,Benthic,Girella,NA,NA
Kyphosidae,Girella mezina,45,Omnivr,Benthic,Girella,NA,NA
Kyphosidae,Girella nigricans,66,HerMac,Benthic,Girella,0.01738,3.15
Kyphosidae,Girella punctata,50,HerMac,Benthic,Girella,0.01585,3.12
Kyphosidae,Girella simplicidens,46,Omnivr,Benthic,Girella,0.01479,3.08
Kyphosidae,Girella tephraeops,61,HerMac,Benthic,Girella,0.01479,3.08
Kyphosidae,Girella tricuspidata,73.9,HerMac,Benthic,Girella,0.01047,3.03
Kyphosidae,Girella zebra,34,HerMac,Benthic,Girella,0.01479,3.08
Kyphosidae,Girella zonata,21,HerMac,Benthic,Girella,NA,NA
Kyphosidae,Kyphosus analogus,45,HerMac,Benthic,Kyphosus,NA,NA
Kyphosidae,Kyphosus bigibbus,75,HerMac,Benthopelagic,Kyphosus,0.0275,2.86
Kyphosidae,Kyphosus cinerascens,55,HerMac,Benthopelagic,Kyphosus,0.0179,3
Kyphosidae,Kyphosus elegans,53,HerMac,Benthic,Kyphosus,0.01778,3.01
Kyphosidae,Kyphosus incisor,90,HerMac,Pelagic,Kyphosus,NA,NA
Kyphosidae,Kyphosus pacificus,75,HerMac,Benthopelagic,Kyphosus,NA,NA
Kyphosidae,Kyphosus sydneyanus,80,HerMac,Benthopelagic,Kyphosus,0.01905,3.03
Kyphosidae,Kyphosus vaigiensis,70,HerMac,Benthopelagic,Kyphosus,0.0182,3
Kyphosidae,Medialuna californiensis,48,Omnivr,Benthic,Medialuna,0.01122,3.04
Kyphosidae,Microcanthus strigatus,16,Omnivr,Benthopelagic,Microcanthus,0.02291,2.99
Kyphosidae,Neatypus obliquus,22,Plktiv,Benthic,Neatypus,0.02291,2.99
Kyphosidae,Neoscorpis lithophilus,59.8,InvMob,Benthopelagic,Neoscorpis,0.01622,3.01
Kyphosidae,Scorpis aequipinnis,40,Plktiv,Pelagic,Scorpis,0.026403333,2.837333333
Kyphosidae,Scorpis georgiana,33,Plktiv,Pelagic,Scorpis,0.01479,3
Kyphosidae,Scorpis lineolata,30,Plktiv,Pelagic,Scorpis,0.00763,3.136
Kyphosidae,Scorpis violacea,40,Plktiv,Pelagic,Scorpis,0.01202,2.97
Labridae,Acantholabrus palloni,25,InvMob,Benthopelagic,Acantholabrus,NA,NA
Labridae,Achoerodus gouldii,175,FisCep,Benthopelagic,Achoerodus,0.019555,3.05535
Labridae,Ammolabrus dicrus,9.41,Plktiv,Benthopelagic,Ammolabrus,NA,NA
Labridae,Anampses caeruleopunctatus,42,InvMob,Benthic,Anampses,0.00977,3.07
Labridae,Anampses chrysocephalus,17,InvMob,Benthic,Anampses,NA,NA
Labridae,Anampses cuvier,31,InvMob,Benthic,Anampses,0.01995,3.01
Labridae,Anampses elegans,29,InvMob,Benthic,Anampses,0.00977,3.07
Labridae,Anampses femininus,24,InvMob,Benthic,Anampses,0.00977,3.07
Labridae,Anampses geographicus,31,InvMob,Benthic,Anampses,0.00977,3.07
Labridae,Anampses lennardi,28,InvMob,Benthic,Anampses,0.01995,3.01
Labridae,Anampses lineatus,13,InvMob,Benthic,Anampses,0.00977,3.07
Labridae,Anampses melanurus,12,InvMob,Benthic,Anampses,0.00977,3.07
Labridae,Anampses meleagrides,22,InvMob,Benthic,Anampses,0.00977,3.07
Labridae,Anampses neoguinaicus,24.8,InvMob,Benthic,Anampses,0.00977,3.07
Labridae,Anampses twistii,18,InvMob,Benthic,Anampses,0.00977,3.07
Labridae,Anchichoerops natalensis,75,InvMob,Benthic,Anchichoerops,NA,NA
Labridae,Austrolabrus maculatus,12.55,InvMob,Benthic,Austrolabrus,0.01995,2.99
Labridae,Bodianus albotaeniatus,32.8,InvMob,Benthic,Bodianus,0.01202,3.05
Labridae,Bodianus anthioides,24,InvMob,Benthic,Bodianus,0.01202,3.05
Labridae,Bodianus axillaris,24.6,InvMob,Benthopelagic,Bodianus,0.01202,3.05
Labridae,Bodianus bathycapros,45.6,InvMob,Benthic,Bodianus,NA,NA
Labridae,Bodianus bilunulatus,55,InvMob,Benthic,Bodianus,0.01202,3.05
Labridae,Bodianus bimaculatus,5.9,InvMob,Benthic,Bodianus,NA,NA
Labridae,Bodianus cylindriatus,14.2,InvMob,Benthic,Bodianus,NA,NA
Labridae,Bodianus diana,16.9,InvMob,Benthic,Bodianus,0.01202,3.05
Labridae,Bodianus dictynna,18,InvMob,Benthopelagic,Bodianus,0.01202,3.05
Labridae,Bodianus diplotaenia,76,InvMob,Benthic,Bodianus,0.01202,3.05
Labridae,Bodianus eclancheri,61,InvMob,Benthic,Bodianus,0.01202,3.05
Labridae,Bodianus flavifrons,42.2,InvMob,Benthic,Bodianus,NA,NA
Labridae,Bodianus flavipinnis,36.8,InvMob,Benthic,Bodianus,NA,NA
Labridae,Bodianus frenchii,45,InvMob,Benthic,Bodianus,0.084046667,2.549066667
Labridae,Bodianus insularis,33,InvMob,Benthopelagic,Bodianus,NA,NA
Labridae,Bodianus izuensis,10,InvMob,Benthic,Bodianus,NA,NA
Labridae,Bodianus leucosticticus,24.2,InvMob,Benthic,Bodianus,NA,NA
Labridae,Bodianus loxozonus,47,InvMob,Benthopelagic,Bodianus,0.01202,3.05
Labridae,Bodianus macrognathos,62,InvMob,Benthic,Bodianus,NA,NA
Labridae,Bodianus macrourus,32,InvMob,Benthic,Bodianus,NA,NA
Labridae,Bodianus masudai,12,InvMob,Benthic,Bodianus,NA,NA
Labridae,Bodianus mesothorax,25,InvMob,Benthopelagic,Bodianus,0.01202,3.05
Labridae,Bodianus neilli,20,InvMob,Benthic,Bodianus,NA,NA
Labridae,Bodianus neopercularis,9.72,InvMob,Benthic,Bodianus,NA,NA
Labridae,Bodianus opercularis,18,InvMob,Benthic,Bodianus,NA,NA
Labridae,Bodianus oxycephalus,29,InvMob,Benthic,Bodianus,NA,NA
Labridae,Bodianus paraleucosticticus,9.91,InvMob,Benthic,Bodianus,NA,NA
Labridae,Bodianus perditio,80,InvMob,Benthic,Bodianus,0.01148,3.06
Labridae,Bodianus prognathus,17.9,InvMob,Benthic,Bodianus,NA,NA
Labridae,Bodianus pulchellus,28.5,InvMob,Benthopelagic,Bodianus,0.0123,3.06
Labridae,Bodianus rubrisos,20.2,InvMob,Benthic,Bodianus,NA,NA
Labridae,Bodianus rufus,40,InvMob,Benthopelagic,Bodianus,0.01202,3.06
Labridae,Bodianus sanguineus,19,InvMob,Benthic,Bodianus,NA,NA
Labridae,Bodianus scrofa,51,InvMob,Benthopelagic,Bodianus,0.01318,3.06
Labridae,Bodianus sepiacaudus,8.67,InvMob,Benthic,Bodianus,NA,NA
Labridae,Bodianus solatus,35,InvMob,Benthic,Bodianus,NA,NA
Labridae,Bodianus speciosus,50,InvMob,Benthopelagic,Bodianus,NA,NA
Labridae,Bodianus tanyokidus,17.7,InvMob,Benthic,Bodianus,NA,NA
Labridae,Bodianus thoracotaeniatus,14.8,InvMob,Benthic,Bodianus,NA,NA
Labridae,Bodianus trilineatus,28,InvMob,Benthic,Bodianus,NA,NA
Labridae,Bodianus unimaculatus,50,InvMob,Benthic,Bodianus,0.01202,3.05
Labridae,Bodianus vulpinus,43.5,InvMob,Benthic,Bodianus,NA,NA
Labridae,Bolbometopon muricatum,130,Omnivr,Benthopelagic,Bolbometopon,0.0138,3.03
Labridae,Calotomus carolinus,50,HerMac,Benthopelagic,Calotomus,0.01259,3.11
Labridae,Calotomus japonicus,39,HerMac,Benthopelagic,Calotomus,0.02089,2.98
Labridae,Calotomus spinidens,30,HerMac,Benthopelagic,Calotomus,0.011525,3.2115
Labridae,Calotomus viridescens,21,HerMac,Benthic,Calotomus,0.02089,2.98
Labridae,Calotomus zonarchus,33,HerMac,Benthic,Calotomus,NA,NA
Labridae,Centrolabrus caeruleus,27,InvMob,Benthopelagic,Centrolabrus,NA,NA
Labridae,Centrolabrus exoletus,18,InvMob,Benthopelagic,Centrolabrus,0.004885,3.23
Labridae,Centrolabrus trutta,18,InvMob,Benthopelagic,Centrolabrus,0.004885,3.23
Labridae,Cetoscarus bicolor,90,HerDet,Benthopelagic,Cetoscarus,0.01567,3
Labridae,Cetoscarus ocellatus,94.6,HerDet,Benthopelagic,Cetoscarus,0.01479,3.02
Labridae,Cheilinus abudjubbe,21.8,InvMob,Benthic,Cheilinus,0.02138,2.97
Labridae,Cheilinus chlorourus,45,InvMob,Benthic,Cheilinus,0.0182,2.94
Labridae,Cheilinus fasciatus,48.2,InvMob,Benthopelagic,Cheilinus,0.01622,2.95
Labridae,Cheilinus lunulatus,50,InvMob,Benthic,Cheilinus,0.02138,2.97
Labridae,Cheilinus oxycephalus,17,InvMob,Benthic,Cheilinus,0.01622,2.95
Labridae,Cheilinus trilobatus,45,InvMob,Benthopelagic,Cheilinus,0.0605,2.661
Labridae,Cheilinus undulatus,229,InvMob,Benthopelagic,Cheilinus,0.0167,3.037
Labridae,Cheilio inermis,55.6,FisCep,Benthic,Cheilio,0.00417,3.09
Labridae,Chlorurus atrilunula,30,HerDet,Benthic,Chlorurus,0.0138,3.03
Labridae,Chlorurus bleekeri,49,HerDet,Benthopelagic,Chlorurus,0.02754,3.01
Labridae,Chlorurus bowersi,40,HerDet,Benthic,Chlorurus,0.01514,3.17
Labridae,Chlorurus capistratoides,40,HerDet,Benthic,Chlorurus,0.0138,3.03
Labridae,Chlorurus cyanescens,50,HerDet,Benthic,Chlorurus,NA,NA
Labridae,Chlorurus enneacanthus,50,HerDet,Benthic,Chlorurus,NA,NA
Labridae,Chlorurus frontalis,50,HerDet,Benthopelagic,Chlorurus,0.0226,2.9935
Labridae,Chlorurus genazonatus,31,HerDet,Benthic,Chlorurus,NA,NA
Labridae,Chlorurus gibbus,70,HerDet,Benthic,Chlorurus,0.0138,3.03
Labridae,Chlorurus japanensis,31,HerDet,Benthopelagic,Chlorurus,0.01259,3.03
Labridae,Chlorurus microrhinos,70,HerDet,Benthopelagic,Chlorurus,0.0174,3.07
Labridae,Chlorurus oedema,42,HerDet,Benthic,Chlorurus,NA,NA
Labridae,Chlorurus perspicillatus,69.1215,HerDet,Benthopelagic,Chlorurus,0.02039,3
Labridae,Chlorurus rhakoura,44.2,HerDet,Benthic,Chlorurus,0.0138,3.03
Labridae,Chlorurus sordidus,40,HerDet,Benthopelagic,Chlorurus,0.02028,3.087333333
Labridae,Chlorurus spilurus,40,HerDet,Benthopelagic,Chlorurus,0.01259,3.03
Labridae,Chlorurus strongylocephalus,70,HerDet,Benthic,Chlorurus,0.0138,3.03
Labridae,Chlorurus troschelii,34.6,HerDet,Benthic,Chlorurus,NA,NA
Labridae,Choerodon anchorago,50,InvMob,Benthic,Choerodon,0.01862,3.08
Labridae,Choerodon azurio,40,InvMob,Benthic,Choerodon,0.01698,3.03
Labridae,Choerodon cauteroma,36,InvMob,Benthic,Choerodon,0.01698,3.03
Labridae,Choerodon cephalotes,38,InvMob,Benthic,Choerodon,0.01288,3.05
Labridae,Choerodon cyanodus,70,InvMob,Benthic,Choerodon,0.01288,3.05
Labridae,Choerodon fasciatus,30,InvMob,Benthopelagic,Choerodon,0.01288,3.05
Labridae,Choerodon gomoni,10.3,InvMob,Benthic,Choerodon,NA,NA
Labridae,Choerodon graphicus,51.5,InvMob,Benthic,Choerodon,0.01698,3.03
Labridae,Choerodon gymnogenys,20,InvMob,Benthic,Choerodon,NA,NA
Labridae,Choerodon jordani,17,InvMob,Benthopelagic,Choerodon,0.01288,3.05
Labridae,Choerodon margaritiferus,11,InvMob,Benthic,Choerodon,NA,NA
Labridae,Choerodon monostigma,25,InvMob,Benthic,Choerodon,0.01288,3.05
Labridae,Choerodon oligacanthus,28.2,InvMob,Benthic,Choerodon,NA,NA
Labridae,Choerodon robustus,35,InvMob,Benthic,Choerodon,NA,NA
Labridae,Choerodon rubescens,90,InvMob,Benthic,Choerodon,0.01698,3.03
Labridae,Choerodon schoenleinii,100,InvMob,Benthopelagic,Choerodon,0.0167825,3.052725
Labridae,Choerodon sugillatum,24,InvMob,Benthic,Choerodon,NA,NA
Labridae,Choerodon venustus,65,InvMob,Benthic,Choerodon,NA,NA
Labridae,Choerodon vitta,20,InvMob,Benthic,Choerodon,0.01288,3.05
Labridae,Choerodon zamboangae,45,InvMob,Benthic,Choerodon,NA,NA
Labridae,Choerodon zosterophorus,25,InvMob,Benthic,Choerodon,NA,NA
Labridae,Cirrhilabrus adornatus,6.34,Plktiv,Benthopelagic,Cirrhilabrus,NA,NA
Labridae,Cirrhilabrus aurantidorsalis,10,Plktiv,Benthopelagic,Cirrhilabrus,NA,NA
Labridae,Cirrhilabrus balteatus,10,Plktiv,Benthopelagic,Cirrhilabrus,NA,NA
Labridae,Cirrhilabrus bathyphilus,7.6,Plktiv,Benthopelagic,Cirrhilabrus,NA,NA
Labridae,Cirrhilabrus beauperryi,8.51,Plktiv,Benthopelagic,Cirrhilabrus,0.01622,2.95
Labridae,Cirrhilabrus blatteus,16,Plktiv,Benthopelagic,Cirrhilabrus,NA,NA
Labridae,Cirrhilabrus brunneus,4.36,Plktiv,Benthopelagic,Cirrhilabrus,NA,NA
Labridae,Cirrhilabrus cenderawasih,6.51,Plktiv,Benthic,Cirrhilabrus,NA,NA
Labridae,Cirrhilabrus claire,8.4,Plktiv,Benthopelagic,Cirrhilabrus,NA,NA
Labridae,Cirrhilabrus condei,8,Plktiv,Benthopelagic,Cirrhilabrus,NA,NA
Labridae,Cirrhilabrus cyanopleura,17.7,Plktiv,Benthopelagic,Cirrhilabrus,0.01622,2.95
Labridae,Cirrhilabrus earlei,6.91,Plktiv,Benthopelagic,Cirrhilabrus,NA,NA
Labridae,Cirrhilabrus exquisitus,15,Plktiv,Benthopelagic,Cirrhilabrus,0.01622,2.95
Labridae,Cirrhilabrus filamentosus,8,Plktiv,Benthopelagic,Cirrhilabrus,NA,NA
Labridae,Cirrhilabrus flavidorsalis,6.5,Plktiv,Benthopelagic,Cirrhilabrus,0.01622,2.95
Labridae,Cirrhilabrus joanallenae,8.5,Plktiv,Benthopelagic,Cirrhilabrus,NA,NA
Labridae,Cirrhilabrus johnsoni,6,Plktiv,Benthopelagic,Cirrhilabrus,NA,NA
Labridae,Cirrhilabrus jordani,10,Plktiv,Benthopelagic,Cirrhilabrus,NA,NA
Labridae,Cirrhilabrus katherinae,7.1,Plktiv,Benthopelagic,Cirrhilabrus,0.01622,2.95
Labridae,Cirrhilabrus katoi,7.51,Plktiv,Benthopelagic,Cirrhilabrus,NA,NA
Labridae,Cirrhilabrus laboutei,12,Plktiv,Benthopelagic,Cirrhilabrus,0.01622,2.95
Labridae,Cirrhilabrus lanceolatus,8.8,Plktiv,Benthopelagic,Cirrhilabrus,NA,NA
Labridae,Cirrhilabrus lineatus,12,Plktiv,Benthopelagic,Cirrhilabrus,0.01622,2.95
Labridae,Cirrhilabrus lubbocki,8,Plktiv,Benthopelagic,Cirrhilabrus,NA,NA
Labridae,Cirrhilabrus lunatus,8.49,Plktiv,Benthopelagic,Cirrhilabrus,NA,NA
Labridae,Cirrhilabrus luteovittatus,12,Plktiv,Benthopelagic,Cirrhilabrus,NA,NA
Labridae,Cirrhilabrus marjorie,5.79,Plktiv,Benthopelagic,Cirrhilabrus,NA,NA
Labridae,Cirrhilabrus melanomarginatus,13,Plktiv,Benthopelagic,Cirrhilabrus,NA,NA
Labridae,Cirrhilabrus morrisoni,5.5,Plktiv,Benthopelagic,Cirrhilabrus,0.01622,2.95
Labridae,Cirrhilabrus punctatus,13,Plktiv,Benthopelagic,Cirrhilabrus,0.01622,2.95
Labridae,Cirrhilabrus pylei,9,Plktiv,Benthopelagic,Cirrhilabrus,NA,NA
Labridae,Cirrhilabrus randalli,8.45,Plktiv,Benthopelagic,Cirrhilabrus,0.01622,2.95
Labridae,Cirrhilabrus rhomboidalis,8.5,Plktiv,Benthopelagic,Cirrhilabrus,NA,NA
Labridae,Cirrhilabrus roseafascia,10,Plktiv,Benthopelagic,Cirrhilabrus,NA,NA
Labridae,Cirrhilabrus rubrimarginatus,12.2,Plktiv,Benthopelagic,Cirrhilabrus,NA,NA
Labridae,Cirrhilabrus rubripinnis,9.1,Plktiv,Benthopelagic,Cirrhilabrus,NA,NA
Labridae,Cirrhilabrus rubrisquamis,7.2,Plktiv,Benthopelagic,Cirrhilabrus,NA,NA
Labridae,Cirrhilabrus rubriventralis,7.5,Plktiv,Benthopelagic,Cirrhilabrus,NA,NA
Labridae,Cirrhilabrus sanguineus,6.7,Plktiv,Benthopelagic,Cirrhilabrus,NA,NA
Labridae,Cirrhilabrus scottorum,13,Plktiv,Benthopelagic,Cirrhilabrus,0.01622,2.95
Labridae,Cirrhilabrus solorensis,11,Plktiv,Benthopelagic,Cirrhilabrus,0.01622,2.95
Labridae,Cirrhilabrus temminckii,9.9,Plktiv,Benthopelagic,Cirrhilabrus,0.01622,2.95
Labridae,Cirrhilabrus tonozukai,7.5,Plktiv,Benthopelagic,Cirrhilabrus,NA,NA
Labridae,Cirrhilabrus walindi,7,Plktiv,Benthopelagic,Cirrhilabrus,0.01622,2.95
Labridae,Cirrhilabrus walshi,6.28,Plktiv,Benthopelagic,Cirrhilabrus,NA,NA
Labridae,Clepticus brasiliensis,23.3,Plktiv,Pelagic,Clepticus,NA,NA
Labridae,Clepticus parrae,30,Plktiv,Pelagic,Clepticus,0.00955,3.07
Labridae,Conniella apterygia,8,Plktiv,Benthopelagic,Conniella,NA,NA
Labridae,Coris atlantica,30,InvMob,Benthopelagic,Coris,NA,NA
Labridae,Coris auricularis,40,InvMob,Benthic,Coris,0.00977,3.07
Labridae,Coris aurilineata,14,InvMob,Benthic,Coris,0.00977,3.07
Labridae,Coris aygula,70,InvMob,Benthopelagic,Coris,0.00813,3.13
Labridae,Coris ballieui,30,InvMob,Benthic,Coris,NA,NA
Labridae,Coris batuensis,17,InvMob,Benthic,Coris,0.00977,3.07
Labridae,Coris bulbifrons,60,InvMob,Benthic,Coris,0.00977,3.07
Labridae,Coris caudimacula,20,InvMob,Benthic,Coris,0.00977,3.07
Labridae,Coris centralis,9.16,InvMob,Benthic,Coris,0.0049,3.11
Labridae,Coris cuvieri,38,InvMob,Benthic,Coris,0.00977,3.07
Labridae,Coris debueni,27,InvMob,Benthic,Coris,0.00977,3.07
Labridae,Coris dorsomacula,20,InvMob,Benthic,Coris,0.00977,3.07
Labridae,Coris flavovittata,50.8,InvMob,Benthic,Coris,NA,NA
Labridae,Coris formosa,60,InvMob,Benthic,Coris,0.00977,3.07
Labridae,Coris gaimard,40,InvMob,Benthic,Coris,0.00977,3.07
Labridae,Coris hewetti,13.9,InvMob,Benthic,Coris,0.00977,3.07
Labridae,Coris julis,33.6,InvMob,Benthopelagic,Coris,0.007387778,3.142555556
Labridae,Coris latifasciata,9.35,InvMob,Benthic,Coris,NA,NA
Labridae,Coris nigrotaenia,43.5,InvMob,Benthic,Coris,NA,NA
Labridae,Coris picta,25,InvMob,Benthic,Coris,0.0049,3.11
Labridae,Coris pictoides,15,InvMob,Benthic,Coris,0.00977,3.07
Labridae,Coris roseoviridis,19.8,InvMob,Benthic,Coris,0.00977,3.07
Labridae,Coris sandeyeri,25,InvMob,Benthic,Coris,0.00977,3.07
Labridae,Coris variegata,20,InvMob,Benthic,Coris,NA,NA
Labridae,Coris venusta,19.3,InvMob,Benthic,Coris,0.00977,3.07
Labridae,Cryptotomus roseus,13,HerMac,Benthopelagic,Cryptotomus,NA,NA
Labridae,Ctenolabrus rupestris,18,InvMob,Benthopelagic,Ctenolabrus,0.0123,3
Labridae,Cymolutes lecluse,17.8,FisCep,Benthic,Cymolutes,NA,NA
Labridae,Cymolutes praetextatus,20,FisCep,Benthic,Cymolutes,NA,NA
Labridae,Cymolutes torquatus,20,FisCep,Benthic,Cymolutes,NA,NA
Labridae,Decodon grandisquamis,18.5,InvMob,Benthic,Decodon,NA,NA
Labridae,Decodon melasma,32.3,InvMob,Benthic,Decodon,NA,NA
Labridae,Decodon pacificus,16,InvMob,Benthic,Decodon,NA,NA
Labridae,Decodon puellaris,30,InvMob,Benthopelagic,Decodon,NA,NA
Labridae,Diproctacanthus xanthurus,10,InvSes,Benthopelagic,Diproctacanthus,0.00912,3.06
Labridae,Doratonotus megalepis,9.4,InvMob,Benthopelagic,Doratonotus,0.01096,3.04
Labridae,Dotalabrus alleni,8.45,InvMob,Benthic,Dotalabrus,0.01,3.04
Labridae,Dotalabrus aurantiacus,11.05,InvMob,Benthic,Dotalabrus,0.01,3.04
Labridae,Epibulus brevis,23,FisCep,Benthic,Epibulus,0.00389,3.12
Labridae,Epibulus insidiator,68.5,FisCep,Benthic,Epibulus,0.01646,3
Labridae,Eupetrichthys angustipes,12.4,InvMob,Benthic,Eupetrichthys,0.01,3.04
Labridae,Frontilabrus caeruleus,9.4,InvMob,Benthic,Frontilabrus,NA,NA
Labridae,Gomphosus caeruleus,32,InvMob,Benthic,Gomphosus,0.00955,3.07
Labridae,Gomphosus varius,35.1,InvMob,Benthic,Gomphosus,0.00631,2.97
Labridae,Haletta semifasciata,29,Omnivr,Benthic,Haletta,0.00692,3.08
Labridae,Halichoeres adustus,12.5,InvMob,Benthic,Halichoeres,0.00955,3.09
Labridae,Halichoeres aestuaricola,22,InvMob,Benthic,Halichoeres,NA,NA
Labridae,Halichoeres argus,12,InvMob,Benthic,Halichoeres,0.00813,3.05
Labridae,Halichoeres bathyphilus,23,InvMob,Benthopelagic,Halichoeres,NA,NA
Labridae,Halichoeres bicolor,12,InvMob,Benthic,Halichoeres,NA,NA
Labridae,Halichoeres binotopsis,8.9,InvMob,Benthic,Halichoeres,0.00955,3.09
Labridae,Halichoeres biocellatus,12,InvMob,Benthic,Halichoeres,0.00955,3.09
Labridae,Halichoeres bivittatus,35,InvMob,Benthopelagic,Halichoeres,0.00912,3.07
Labridae,Halichoeres bleekeri,12.2,InvMob,Benthic,Halichoeres,NA,NA
Labridae,Halichoeres brasiliensis,39.5,InvMob,Benthopelagic,Halichoeres,0.01023,3.11
Labridae,Halichoeres brownfieldi,15,InvMob,Benthic,Halichoeres,0.00955,3.09
Labridae,Halichoeres caudalis,20,InvMob,Benthopelagic,Halichoeres,NA,NA
Labridae,Halichoeres chierchiae,17.5,InvMob,Benthic,Halichoeres,0.00955,3.09
Labridae,Halichoeres chlorocephalus,7.5,InvMob,Benthic,Halichoeres,NA,NA
Labridae,Halichoeres chloropterus,22.4,InvMob,Benthic,Halichoeres,0.00741,3.03
Labridae,Halichoeres chrysus,12,InvMob,Benthic,Halichoeres,0.00955,3.09
Labridae,Halichoeres claudia,8.8,InvMob,Benthic,Halichoeres,0.0049,3.11
Labridae,Halichoeres cosmetus,13,InvMob,Benthic,Halichoeres,0.00955,3.09
Labridae,Halichoeres cyanocephalus,30,InvMob,Benthopelagic,Halichoeres,0.00955,3.09
Labridae,Halichoeres dimidiatus,27,InvMob,Benthopelagic,Halichoeres,0.01122,3.13
Labridae,Halichoeres discolor,15,InvMob,Benthic,Halichoeres,0.0049,3.11
Labridae,Halichoeres dispilus,25,InvMob,Benthic,Halichoeres,0.0049,3.11
Labridae,Halichoeres erdmanni,7.22,InvMob,Benthic,Halichoeres,0.00955,3.09
Labridae,Halichoeres garnoti,19.3,InvMob,Benthopelagic,Halichoeres,0.00977,3.15
Labridae,Halichoeres hartzfeldii,18,InvMob,Benthic,Halichoeres,0.00955,3.09
Labridae,Halichoeres hilomeni,9.56,InvMob,Benthic,Halichoeres,NA,NA
Labridae,Halichoeres hortulanus,27,InvMob,Benthic,Halichoeres,0.013375,3.032
Labridae,Halichoeres insularis,7,InvMob,Benthic,Halichoeres,NA,NA
Labridae,Halichoeres iridis,11.5,InvMob,Benthic,Halichoeres,0.00955,3.09
Labridae,Halichoeres kallochroma,12,InvMob,Benthic,Halichoeres,NA,NA
Labridae,Halichoeres lapillus,14,InvMob,Benthic,Halichoeres,NA,NA
Labridae,Halichoeres leptotaenia,10.4,InvMob,Benthic,Halichoeres,NA,NA
Labridae,Halichoeres leucoxanthus,12,InvMob,Benthic,Halichoeres,0.00955,3.09
Labridae,Halichoeres leucurus,13,InvMob,Benthic,Halichoeres,0.00955,3.09
Labridae,Halichoeres maculipinna,18,InvMob,Benthopelagic,Halichoeres,0.01047,3.21
Labridae,Halichoeres malpelo,15,InvMob,Benthic,Halichoeres,0.0049,3.11
Labridae,Halichoeres margaritaceus,14.4,InvMob,Benthic,Halichoeres,0.00955,3.09
Labridae,Halichoeres marginatus,18,InvMob,Benthopelagic,Halichoeres,0.00913,3.207
Labridae,Halichoeres melanochir,18,InvMob,Benthic,Halichoeres,0.00955,3.09
Labridae,Halichoeres melanotis,13,InvMob,Benthic,Halichoeres,NA,NA
Labridae,Halichoeres melanurus,12,InvMob,Benthic,Halichoeres,0.01288,3.19
Labridae,Halichoeres melas,12.1,InvMob,Benthic,Halichoeres,NA,NA
Labridae,Halichoeres melasmapomus,24,InvMob,Benthic,Halichoeres,0.00955,3.09
Labridae,Halichoeres miniatus,14,InvMob,Benthic,Halichoeres,0.00955,3.09
Labridae,Halichoeres nebulosus,12,InvMob,Benthic,Halichoeres,0.00955,3.09
Labridae,Halichoeres nicholsi,38,InvMob,Benthic,Halichoeres,0.00955,3.09
Labridae,Halichoeres nigrescens,14,InvMob,Benthic,Halichoeres,0.00933,3.08
Labridae,Halichoeres notospilus,25.4,InvMob,Benthic,Halichoeres,0.00955,3.09
Labridae,Halichoeres orientalis,7.56,InvMob,Benthic,Halichoeres,0.00955,3.09
Labridae,Halichoeres ornatissimus,18,InvMob,Benthic,Halichoeres,0.00955,3.09
Labridae,Halichoeres pallidus,10,InvMob,Benthic,Halichoeres,NA,NA
Labridae,Halichoeres papilionaceus,12,InvMob,Benthic,Halichoeres,NA,NA
Labridae,Halichoeres pardaleocephalus,11.2,InvMob,Benthic,Halichoeres,NA,NA
Labridae,Halichoeres pelicieri,4.9,InvMob,Benthic,Halichoeres,NA,NA
Labridae,Halichoeres penrosei,11.9,InvMob,Benthopelagic,Halichoeres,NA,NA
Labridae,Halichoeres pictus,13,InvMob,Benthopelagic,Halichoeres,0.00955,3.09
Labridae,Halichoeres podostigma,18.5,InvMob,Benthic,Halichoeres,0.00955,3.09
Labridae,Halichoeres poeyi,20,InvMob,Benthopelagic,Halichoeres,0.00933,3.09
Labridae,Halichoeres prosopeion,14.8,InvMob,Benthic,Halichoeres,0.00955,3.09
Labridae,Halichoeres radiatus,51,InvMob,Benthopelagic,Halichoeres,0.0131,3.038
Labridae,Halichoeres richmondi,19,InvMob,Benthic,Halichoeres,0.00955,3.09
Labridae,Halichoeres rubricephalus,10,InvMob,Benthic,Halichoeres,NA,NA
Labridae,Halichoeres rubrovirens,23.1,InvMob,Benthopelagic,Halichoeres,NA,NA
Labridae,Halichoeres salmofasciatus,6.29,InvMob,Benthic,Halichoeres,0.00955,3.09
Labridae,Halichoeres sazimai,21.4,InvMob,Benthopelagic,Halichoeres,NA,NA
Labridae,Halichoeres scapularis,20,InvMob,Benthopelagic,Halichoeres,0.00524,3.382
Labridae,Halichoeres semicinctus,38,InvMob,Benthic,Halichoeres,0.00955,3.09
Labridae,Halichoeres signifer,8.22,InvMob,Benthic,Halichoeres,NA,NA
Labridae,Halichoeres socialis,4.7,Plktiv,Benthopelagic,Halichoeres,NA,NA
Labridae,Halichoeres solorensis,18,InvMob,Benthic,Halichoeres,0.00955,3.09
Labridae,Halichoeres stigmaticus,12.8,InvMob,Benthic,Halichoeres,NA,NA
Labridae,Halichoeres tenuispinis,13.6,InvMob,Benthic,Halichoeres,0.00955,3.09
Labridae,Halichoeres timorensis,12,InvMob,Benthic,Halichoeres,0.00955,3.09
Labridae,Halichoeres trimaculatus,27,InvMob,Benthic,Halichoeres,0.0227,2.804
Labridae,Halichoeres trispilus,9.5,InvMob,Benthic,Halichoeres,0.00955,3.09
Labridae,Halichoeres zeylonicus,20,InvMob,Benthic,Halichoeres,NA,NA
Labridae,Halichoeres zulu,13.5,InvMob,Benthic,Halichoeres,NA,NA
Labridae,Hemigymnus fasciatus,80,InvMob,Benthopelagic,Hemigymnus,0.00977,3.07
Labridae,Hemigymnus melapterus,90,InvMob,Benthopelagic,Hemigymnus,0.01288,3.06
Labridae,Heteroscarus acroptilus,24,Omnivr,Benthic,Heteroscarus,0.00692,3.08
Labridae,Hipposcarus harid,75,HerDet,Benthopelagic,Hipposcarus,0.0194875,2.9325
Labridae,Hipposcarus longiceps,60,HerDet,Benthopelagic,Hipposcarus,0.0161,3.05
Labridae,Hologymnosus annulatus,40,FisCep,Benthopelagic,Hologymnosus,0.00977,3.07
Labridae,Hologymnosus doliatus,50,FisCep,Benthopelagic,Hologymnosus,0.0049,3.11
Labridae,Hologymnosus longipes,40,FisCep,Benthic,Hologymnosus,NA,NA
Labridae,Hologymnosus rhodonotus,32,FisCep,Benthic,Hologymnosus,NA,NA
Labridae,Iniistius aneitensis,24,InvMob,Benthic,Iniistius,NA,NA
Labridae,Iniistius auropunctatus,12.9,InvMob,Benthic,Iniistius,NA,NA
Labridae,Iniistius baldwini,20.4,InvMob,Benthic,Iniistius,NA,NA
Labridae,Iniistius bimaculatus,28.5,InvMob,Benthic,Iniistius,NA,NA
Labridae,Iniistius celebicus,16.1,InvMob,Benthic,Iniistius,0.01023,3.06
Labridae,Iniistius cyanifrons,14.9,InvMob,Benthic,Iniistius,NA,NA
Labridae,Iniistius dea,30,InvMob,Benthic,Iniistius,NA,NA
Labridae,Iniistius evides,19,InvMob,Benthic,Iniistius,NA,NA
Labridae,Iniistius griffithsi,14.3,InvMob,Benthic,Iniistius,NA,NA
Labridae,Iniistius jacksonensis,17.5,InvMob,Benthic,Iniistius,NA,NA
Labridae,Iniistius melanopus,26,InvMob,Benthic,Iniistius,NA,NA
Labridae,Iniistius naevus,13.19,InvMob,Benthic,Iniistius,NA,NA
Labridae,Iniistius pavo,42,InvMob,Benthic,Iniistius,NA,NA
Labridae,Iniistius pentadactylus,25,InvMob,Benthic,Iniistius,NA,NA
Labridae,Iniistius trivittatus,30,InvMob,Benthic,Iniistius,NA,NA
Labridae,Iniistius twistii,20,InvMob,Benthic,Iniistius,NA,NA
Labridae,Iniistius umbrilatus,17.5,InvMob,Benthic,Iniistius,NA,NA
Labridae,Labrichthys unilineatus,17.5,InvSes,Benthic,Labrichthys,0.00955,3.07
Labridae,Labroides bicolor,15,InvMob,Benthopelagic,Labroides,0.00501,3.15
Labridae,Labroides dimidiatus,14,InvMob,Benthopelagic,Labroides,0.00589,3.17
Labridae,Labroides pectoralis,11,InvMob,Benthopelagic,Labroides,0.00501,3.15
Labridae,Labroides phthirophagus,12,InvMob,Benthic,Labroides,0.00955,3.07
Labridae,Labroides rubrolabiatus,9,InvMob,Benthopelagic,Labroides,0.00955,3.07
Labridae,Labropsis alleni,10,InvSes,Benthic,Labropsis,0.00955,3.07
Labridae,Labropsis australis,10.5,InvSes,Benthic,Labropsis,0.00955,3.07
Labridae,Labropsis manabei,10,InvSes,Benthic,Labropsis,0.00955,3.07
Labridae,Labropsis micronesica,12,InvSes,Benthic,Labropsis,0.00955,3.07
Labridae,Labropsis polynesica,7.9,InvSes,Benthic,Labropsis,NA,NA
Labridae,Labropsis xanthonota,13,InvSes,Benthic,Labropsis,0.00912,3.06
Labridae,Labrus bergylta,65.9,InvMob,Benthopelagic,Labrus,0.0132,3.0575
Labridae,Labrus merula,53.2,InvMob,Benthopelagic,Labrus,0.0126425,3.055375
Labridae,Labrus mixtus,45.4,InvMob,Benthopelagic,Labrus,0.0049,3.2875
Labridae,Labrus viridis,47,InvMob,Benthopelagic,Labrus,0.01148,2.98
Labridae,Lachnolaimus maximus,91,InvMob,Benthopelagic,Lachnolaimus,0.02188,2.95
Labridae,Lappanella fasciata,15,InvMob,Benthopelagic,Lappanella,NA,NA
Labridae,Lappanella guineensis,11.78,InvMob,Benthic,Lappanella,NA,NA
Labridae,Larabicus quadrilineatus,11.5,InvSes,Benthic,Larabicus,0.00955,3.07
Labridae,Leptojulis chrysotaenia,11,InvMob,Benthopelagic,Leptojulis,0.00955,3.07
Labridae,Leptojulis cyanopleura,13,Plktiv,Benthopelagic,Leptojulis,0.00955,3.07
Labridae,Leptojulis lambdastigma,13.65,InvMob,Benthopelagic,Leptojulis,NA,NA
Labridae,Leptojulis polylepis,10,InvMob,Benthopelagic,Leptojulis,NA,NA
Labridae,Leptojulis urostigma,11,InvMob,Benthic,Leptojulis,NA,NA
Labridae,Leptoscarus vaigiensis,35,HerMac,Benthic,Leptoscarus,0.01795,2.9545
Labridae,Macropharyngodon bipartitus,13,InvMob,Benthic,Macropharyngodon,0.00977,3.07
Labridae,Macropharyngodon choati,7.6,InvMob,Benthic,Macropharyngodon,0.00977,3.07
Labridae,Macropharyngodon cyanoguttatus,11.5,InvMob,Benthic,Macropharyngodon,NA,NA
Labridae,Macropharyngodon geoffroy,15,InvMob,Benthic,Macropharyngodon,0.00977,3.07
Labridae,Macropharyngodon kuiteri,10,InvMob,Benthic,Macropharyngodon,0.00977,3.07
Labridae,Macropharyngodon marisrubri,9.48,InvMob,Benthic,Macropharyngodon,NA,NA
Labridae,Macropharyngodon meleagris,18.7,InvMob,Benthic,Macropharyngodon,0.00977,3.07
Labridae,Macropharyngodon moyeri,12,InvMob,Benthic,Macropharyngodon,NA,NA
Labridae,Macropharyngodon negrosensis,18.2,InvMob,Benthic,Macropharyngodon,0.00977,3.07
Labridae,Macropharyngodon ornatus,13,InvMob,Benthic,Macropharyngodon,0.00977,3.07
Labridae,Macropharyngodon vivienae,11,InvMob,Benthic,Macropharyngodon,NA,NA
Labridae,Minilabrus striatus,6,Plktiv,Benthic,Minilabrus,NA,NA
Labridae,Neoodax balteatus,14,InvMob,Benthic,Neoodax,0.00389,3.12
Labridae,Nicholsina collettei,24,HerMac,Benthopelagic,Nicholsina,NA,NA
Labridae,Nicholsina denticulata,32,HerMac,Benthic,Nicholsina,0.01122,3.09
Labridae,Nicholsina usta,30,HerMac,Benthopelagic,Nicholsina,NA,NA
Labridae,Notolabrus celidotus,29.3,InvMob,Benthic,Notolabrus,0.00472,3.227
Labridae,Notolabrus cinctus,29.9,InvMob,Benthic,Notolabrus,0.01995,2.99
Labridae,Notolabrus fucicola,38,InvMob,Benthic,Notolabrus,0.00781,3.161
Labridae,Notolabrus gymnogenis,23,InvMob,Benthic,Notolabrus,0.01995,2.99
Labridae,Notolabrus inscriptus,50,InvMob,Benthic,Notolabrus,0.00955,3.07
Labridae,Notolabrus parilus,31.2,InvMob,Benthic,Notolabrus,0.00955,3.07
Labridae,Notolabrus tetricus,50,InvMob,Benthopelagic,Notolabrus,0.01995,2.99
Labridae,Novaculichthys taeniourus,30,InvMob,Benthopelagic,Novaculichthys,0.02042,2.96
Labridae,Novaculoides macrolepidotus,16,InvMob,Benthic,Novaculoides,0.00794,3.02
Labridae,Novaculops halsteadi,12.02,InvMob,Benthic,Novaculops,NA,NA
Labridae,Novaculops koteamea,25.9,InvMob,Benthic,Novaculops,NA,NA
Labridae,Novaculops pastellus,11.7,InvMob,Benthic,Novaculops,NA,NA
Labridae,Novaculops sciistius,6.2,InvMob,Benthic,Novaculops,NA,NA
Labridae,Novaculops woodi,19.3,InvMob,Benthic,Novaculops,NA,NA
Labridae,Odax cyanoallix,27,HerMac,Benthic,Odax,0.01,3.04
Labridae,Odax pullus,48.4,HerMac,Benthic,Odax,0.00073,3.498
Labridae,Olisthops cyanomelas,35,HerDet,Benthic,Olisthops,0.00692,3.08
Labridae,Ophthalmolepis lineolata,40,InvMob,Benthopelagic,Ophthalmolepis,NA,NA
Labridae,Oxycheilinus arenatus,21,FisCep,Benthopelagic,Oxycheilinus,NA,NA
Labridae,Oxycheilinus bimaculatus,15,InvMob,Benthic,Oxycheilinus,0.0195,2.77
Labridae,Oxycheilinus celebicus,24,FisCep,Benthopelagic,Oxycheilinus,0.01738,3.01
Labridae,Oxycheilinus digramma,48.1,FisCep,Benthopelagic,Oxycheilinus,0.0195,2.95
Labridae,Oxycheilinus lineatus,15.95,FisCep,Benthic,Oxycheilinus,0.01622,2.95
Labridae,Oxycheilinus mentalis,20,FisCep,Benthic,Oxycheilinus,0.01622,2.95
Labridae,Oxycheilinus nigromarginatus,13.9420658,FisCep,Benthopelagic,Oxycheilinus,0.01622,2.95
Labridae,Oxycheilinus orientalis,20,FisCep,Benthopelagic,Oxycheilinus,0.01622,2.95
Labridae,Oxycheilinus unifasciatus,46,FisCep,Benthopelagic,Oxycheilinus,0.01622,2.95
Labridae,Oxyjulis californica,25,InvMob,Benthopelagic,Oxyjulis,0.00501,3.15
Labridae,Paracheilinus angulatus,7.5,Plktiv,Benthopelagic,Paracheilinus,NA,NA
Labridae,Paracheilinus attenuatus,5.95,Plktiv,Benthopelagic,Paracheilinus,NA,NA
Labridae,Paracheilinus bellae,6.5,Plktiv,Benthopelagic,Paracheilinus,NA,NA
Labridae,Paracheilinus carpenteri,8,Plktiv,Benthopelagic,Paracheilinus,NA,NA
Labridae,Paracheilinus cyaneus,7,Plktiv,Benthopelagic,Paracheilinus,0.00955,3.07
Labridae,Paracheilinus filamentosus,21,Plktiv,Benthopelagic,Paracheilinus,0.00955,3.07
Labridae,Paracheilinus flavianalis,8.5,Plktiv,Benthopelagic,Paracheilinus,NA,NA
Labridae,Paracheilinus lineopunctatus,7,Plktiv,Benthopelagic,Paracheilinus,NA,NA
Labridae,Paracheilinus mccoskeri,8,Plktiv,Benthopelagic,Paracheilinus,0.00955,3.07
Labridae,Paracheilinus nursalim,5.1,Plktiv,Benthopelagic,Paracheilinus,0.00955,3.07
Labridae,Paracheilinus octotaenia,9,Plktiv,Benthopelagic,Paracheilinus,0.00955,3.07
Labridae,Paracheilinus piscilineatus,5.65,Plktiv,Benthopelagic,Paracheilinus,NA,NA
Labridae,Paracheilinus rubricaudalis,5.6,Plktiv,Benthopelagic,Paracheilinus,NA,NA
Labridae,Paracheilinus togeanensis,7,Plktiv,Benthopelagic,Paracheilinus,NA,NA
Labridae,Paracheilinus walton,4.07,Plktiv,Benthopelagic,Paracheilinus,NA,NA
Labridae,Parajulis poecilepterus,34,InvMob,Benthic,Parajulis,0.01096,3.11
Labridae,Pictilabrus brauni,7.4,InvMob,Benthic,Pictilabrus,NA,NA
Labridae,Pictilabrus laticlavius,23,InvMob,Benthic,Pictilabrus,0.00955,3.07
Labridae,Pictilabrus viridis,14.05,InvMob,Benthic,Pictilabrus,0.01,3.04
Labridae,Polylepion cruentum,24,InvMob,Benthic,Polylepion,NA,NA
Labridae,Polylepion russelli,25,InvMob,Benthic,Polylepion,NA,NA
Labridae,Pseudocheilinops ataenia,6.5,InvMob,Benthic,Pseudocheilinops,0.01622,2.95
Labridae,Pseudocheilinus citrinus,6.6,InvMob,Benthic,Pseudocheilinus,NA,NA
Labridae,Pseudocheilinus dispilus,7.82,InvMob,Benthic,Pseudocheilinus,NA,NA
Labridae,Pseudocheilinus evanidus,9,InvMob,Benthic,Pseudocheilinus,0.01622,2.95
Labridae,Pseudocheilinus hexataenia,10,InvMob,Benthic,Pseudocheilinus,0.01622,2.96
Labridae,Pseudocheilinus ocellatus,10.25,InvMob,Benthic,Pseudocheilinus,0.01622,2.95
Labridae,Pseudocheilinus octotaenia,17,InvMob,Benthic,Pseudocheilinus,0.01622,2.95
Labridae,Pseudocheilinus tetrataenia,7.5,InvMob,Benthic,Pseudocheilinus,0.01622,2.95
Labridae,Pseudocoris aequalis,11.2,Plktiv,Pelagic,Pseudocoris,NA,NA
Labridae,Pseudocoris aurantiofasciata,20,Plktiv,Benthopelagic,Pseudocoris,0.00977,3.07
Labridae,Pseudocoris bleekeri,15,Plktiv,Benthopelagic,Pseudocoris,0.00977,3.07
Labridae,Pseudocoris heteroptera,20,Plktiv,Benthopelagic,Pseudocoris,NA,NA
Labridae,Pseudocoris ocellata,11.08,Plktiv,Pelagic,Pseudocoris,NA,NA
Labridae,Pseudocoris petila,14,Plktiv,Pelagic,Pseudocoris,NA,NA
Labridae,Pseudocoris yamashiroi,16,Plktiv,Benthopelagic,Pseudocoris,0.0049,3.11
Labridae,Pseudodax moluccanus,30,InvMob,Benthic,Pseudodax,0.01122,3.04
Labridae,Pseudojuloides atavai,13,InvMob,Pelagic,Pseudojuloides,0.00977,3.07
Labridae,Pseudojuloides cerasinus,10.3,InvMob,Benthic,Pseudojuloides,0.00977,3.07
Labridae,Pseudojuloides elongatus,14,InvMob,Benthic,Pseudojuloides,0.0049,3.11
Labridae,Pseudojuloides erythrops,10,InvMob,Benthic,Pseudojuloides,NA,NA
Labridae,Pseudojuloides kaleidos,10,InvMob,Benthic,Pseudojuloides,NA,NA
Labridae,Pseudojuloides mesostigma,7,InvMob,Benthic,Pseudojuloides,NA,NA
Labridae,Pseudojuloides pyrius,7.2,InvMob,Benthic,Pseudojuloides,NA,NA
Labridae,Pseudojuloides severnsi,9.15,InvMob,Benthic,Pseudojuloides,NA,NA
Labridae,Pseudojuloides xanthomos,6.5,InvMob,Benthic,Pseudojuloides,NA,NA
Labridae,Pseudolabrus biserialis,17.2,InvMob,Benthic,Pseudolabrus,0.01995,2.99
Labridae,Pseudolabrus eoethinus,20,InvMob,Benthic,Pseudolabrus,NA,NA
Labridae,Pseudolabrus fuentesi,16.5,InvMob,Benthic,Pseudolabrus,0.00955,3.07
Labridae,Pseudolabrus gayi,9.73,InvMob,Benthic,Pseudolabrus,NA,NA
Labridae,Pseudolabrus guentheri,18,InvMob,Benthic,Pseudolabrus,0.00955,3.07
Labridae,Pseudolabrus japonicus,25,InvMob,Benthic,Pseudolabrus,NA,NA
Labridae,Pseudolabrus luculentus,17,InvMob,Benthic,Pseudolabrus,0.00955,3.07
Labridae,Pseudolabrus miles,27.2,InvMob,Benthopelagic,Pseudolabrus,0.01585,2.99
Labridae,Pseudolabrus semifasciatus,25,InvMob,Benthic,Pseudolabrus,0.01995,2.99
Labridae,Pseudolabrus sieboldi,19,InvMob,Benthic,Pseudolabrus,0.00955,3.07
Labridae,Pseudolabrus torotai,15.8,InvMob,Benthic,Pseudolabrus,NA,NA
Labridae,Pteragogus aurigarius,17,InvMob,Benthic,Pteragogus,0.01622,2.95
Labridae,Pteragogus cryptus,9.5,InvMob,Benthic,Pteragogus,0.01622,2.95
Labridae,Pteragogus enneacanthus,15,InvMob,Benthic,Pteragogus,0.01622,2.95
Labridae,Pteragogus flagellifer,20,InvMob,Benthic,Pteragogus,0.01622,2.95
Labridae,Pteragogus guttatus,9,InvMob,Benthic,Pteragogus,NA,NA
Labridae,Pteragogus pelycus,15,InvMob,Benthic,Pteragogus,NA,NA
Labridae,Pteragogus taeniops,15,InvMob,Benthic,Pteragogus,NA,NA
Labridae,Pteragogus trispilus,7.9,InvMob,Benthic,Pteragogus,NA,NA
Labridae,Pteragogus variabilis,5.8,InvMob,Benthic,Pteragogus,NA,NA
Labridae,Scarus altipinnis,60,HerDet,Benthopelagic,Scarus,0.0206,3
Labridae,Scarus arabicus,45,HerDet,Benthic,Scarus,NA,NA
Labridae,Scarus caudofasciatus,50,HerDet,Benthic,Scarus,NA,NA
Labridae,Scarus chameleon,31,HerDet,Benthopelagic,Scarus,0.01413,3.03
Labridae,Scarus coelestinus,77,HerDet,Benthopelagic,Scarus,0.01585,3.05
Labridae,Scarus coeruleus,100,HerDet,Benthopelagic,Scarus,0.0124,3.111
Labridae,Scarus collana,33,HerDet,Benthic,Scarus,NA,NA
Labridae,Scarus compressus,68,HerDet,Benthic,Scarus,0.01445,3.03
Labridae,Scarus dimidiatus,40,HerDet,Benthopelagic,Scarus,0.0138,3.13
Labridae,Scarus dubius,35.6,HerDet,Benthic,Scarus,NA,NA
Labridae,Scarus falcipinnis,60,HerDet,Benthic,Scarus,0.01445,3.03
Labridae,Scarus ferrugineus,41,HerDet,Benthopelagic,Scarus,0.02092,2.97225
Labridae,Scarus festivus,45,HerDet,Benthic,Scarus,0.0123,3.16
Labridae,Scarus flavipectoralis,40,HerDet,Benthopelagic,Scarus,0.02399,3.03
Labridae,Scarus forsteni,55,HerDet,Benthopelagic,Scarus,0.0142,3.13
Labridae,Scarus frenatus,47,HerDet,Benthopelagic,Scarus,0.01738,3.07
Labridae,Scarus fuscocaudalis,25,HerDet,Benthic,Scarus,NA,NA
Labridae,Scarus fuscopurpureus,38,HerDet,Benthic,Scarus,0.01445,3.03
Labridae,Scarus ghobban,75,HerDet,Benthopelagic,Scarus,0.0261,2.893
Labridae,Scarus globiceps,28,HerDet,Benthopelagic,Scarus,0.00977,3.09
Labridae,Scarus guacamaia,120,HerDet,Benthopelagic,Scarus,0.0155,3.0629
Labridae,Scarus hoefleri,66,HerDet,Benthopelagic,Scarus,NA,NA
Labridae,Scarus hypselopterus,31,HerDet,Benthic,Scarus,0.01023,3.09
Labridae,Scarus iseri,35,HerDet,Benthopelagic,Scarus,0.01525,3.05325
Labridae,Scarus koputea,31,HerDet,Benthic,Scarus,0.01445,3.03
Labridae,Scarus longipinnis,40,HerDet,Benthopelagic,Scarus,0.01445,3.03
Labridae,Scarus maculipinna,19.05,HerDet,Benthic,Scarus,NA,NA
Labridae,Scarus niger,40,HerDet,Benthopelagic,Scarus,0.0411,2.75
Labridae,Scarus obishime,70,HerDet,Benthic,Scarus,NA,NA
Labridae,Scarus oviceps,35,HerDet,Benthopelagic,Scarus,0.01072,3.13
Labridae,Scarus ovifrons,78,HerDet,Benthic,Scarus,NA,NA
Labridae,Scarus perrico,76,HerDet,Benthic,Scarus,0.01023,3.09
Labridae,Scarus persicus,50,HerDet,Benthic,Scarus,NA,NA
Labridae,Scarus prasiognathos,70,HerDet,Benthic,Scarus,0.01023,3.09
Labridae,Scarus psittacus,30,HerDet,Benthopelagic,Scarus,0.01995,3.0215
Labridae,Scarus quoyi,40,HerDet,Benthopelagic,Scarus,0.0166,3.12
Labridae,Scarus rivulatus,46,HerDet,Benthopelagic,Scarus,0.0184,3.058
Labridae,Scarus rubroviolaceus,70,HerDet,Benthopelagic,Scarus,0.0114,3.18
Labridae,Scarus russelii,51,HerDet,Benthic,Scarus,0.01445,3.03
Labridae,Scarus scaber,37,HerDet,Benthopelagic,Scarus,0.0278,2.857
Labridae,Scarus schlegeli,40,HerDet,Benthopelagic,Scarus,0.0248,2.95
Labridae,Scarus spinus,30,HerDet,Benthopelagic,Scarus,0.01023,3.09
Labridae,Scarus taeniopterus,35,HerDet,Benthopelagic,Scarus,0.0135,3
Labridae,Scarus tricolor,40,HerDet,Benthopelagic,Scarus,0.01778,3.06
Labridae,Scarus trispinosus,55.6,HerDet,Benthopelagic,Scarus,0.01862,3.05
Labridae,Scarus vetula,61,HerDet,Benthopelagic,Scarus,0.01413,3.03
Labridae,Scarus viridifucatus,45,HerDet,Benthic,Scarus,0.01445,3.03
Labridae,Scarus xanthopleura,54,HerDet,Benthic,Scarus,0.01445,3.03
Labridae,Scarus zelindae,33.2,HerDet,Benthopelagic,Scarus,0.01995,2.98
Labridae,Scarus zufar,50,HerDet,Benthic,Scarus,NA,NA
Labridae,Semicossyphus darwini,70,InvMob,Benthic,Semicossyphus,0.00871,3.04
Labridae,Semicossyphus pulcher,91,InvMob,Benthic,Semicossyphus,0.0289,3
Labridae,Siphonognathus argyrophanes,40,InvMob,Benthic,Siphonognathus,0.00389,3.12
Labridae,Siphonognathus attenuatus,12,InvMob,Benthic,Siphonognathus,0.00389,3.12
Labridae,Siphonognathus beddomei,12,InvMob,Benthic,Siphonognathus,0.00389,3.12
Labridae,Siphonognathus caninis,10,InvMob,Benthic,Siphonognathus,0.00389,3.12
Labridae,Siphonognathus radiatus,18,InvMob,Benthic,Siphonognathus,0.00389,3.12
Labridae,Sparisoma amplum,39,HerDet,Benthopelagic,Sparisoma,0.01585,3.14
Labridae,Sparisoma atomarium,25,HerDet,Benthopelagic,Sparisoma,0.0121,3.028
Labridae,Sparisoma aurofrenatum,28,HerDet,Benthopelagic,Sparisoma,0.01072,3.13
Labridae,Sparisoma axillare,43.6,HerDet,Benthopelagic,Sparisoma,0.01288,3.1
Labridae,Sparisoma chrysopterum,46,HerDet,Benthopelagic,Sparisoma,0.0154,3.0423
Labridae,Sparisoma cretense,50,HerDet,Benthopelagic,Sparisoma,0.01331,3.0585
Labridae,Sparisoma frondosum,50,HerDet,Benthopelagic,Sparisoma,0.0123,3.12
Labridae,Sparisoma radians,20,HerDet,Benthopelagic,Sparisoma,0.01072,3.13
Labridae,Sparisoma rocha,30.5,HerDet,Benthopelagic,Sparisoma,NA,NA
Labridae,Sparisoma rubripinne,47.8,HerDet,Benthopelagic,Sparisoma,0.0196,2.99
Labridae,Sparisoma strigatum,58.2,HerDet,Benthopelagic,Sparisoma,0.01122,3.09
Labridae,Sparisoma tuiupiranga,15.4,HerDet,Benthopelagic,Sparisoma,NA,NA
Labridae,Sparisoma viride,64,HerDet,Benthopelagic,Sparisoma,0.0138,3.05
Labridae,Stethojulis albovittata,14,InvMob,Benthic,Stethojulis,0.02595,2.7995
Labridae,Stethojulis balteata,15,InvMob,Benthic,Stethojulis,0.00977,3.07
Labridae,Stethojulis bandanensis,15,InvMob,Benthic,Stethojulis,0.01,3
Labridae,Stethojulis interrupta,13,InvMob,Benthic,Stethojulis,0.00977,3.07
Labridae,Stethojulis maculata,16,InvMob,Benthic,Stethojulis,NA,NA
Labridae,Stethojulis marquesensis,8.54,InvMob,Benthic,Stethojulis,0.00977,3.07
Labridae,Stethojulis notialis,8.855384811,InvMob,Benthic,Stethojulis,NA,NA
Labridae,Stethojulis strigiventer,15,InvMob,Benthic,Stethojulis,0.00813,3
Labridae,Stethojulis terina,12.6,InvMob,Benthic,Stethojulis,0.00977,3.07
Labridae,Stethojulis trilineata,15,InvMob,Benthic,Stethojulis,0.00716,3.257
Labridae,Suezichthys arquatus,13.5,InvMob,Benthic,Suezichthys,0.00501,3.15
Labridae,Suezichthys aylingi,11.7,InvMob,Benthic,Suezichthys,0.00501,3.15
Labridae,Suezichthys bifurcatus,9,InvMob,Benthic,Suezichthys,NA,NA
Labridae,Suezichthys caudavittatus,12,InvMob,Benthic,Suezichthys,NA,NA
Labridae,Suezichthys cyanolaemus,9.7,InvMob,Benthic,Suezichthys,0.00501,3.15
Labridae,Suezichthys devisi,14,InvMob,Benthic,Suezichthys,0.00501,3.15
Labridae,Suezichthys gracilis,16,InvMob,Benthic,Suezichthys,NA,NA
Labridae,Suezichthys notatus,14.2,InvMob,Benthic,Suezichthys,NA,NA
Labridae,Suezichthys ornatus,3.87,InvMob,Benthic,Suezichthys,NA,NA
Labridae,Suezichthys russelli,7.5,InvMob,Benthic,Suezichthys,NA,NA
Labridae,Suezichthys soelae,10.3,InvMob,Benthic,Suezichthys,NA,NA
Labridae,Symphodus bailloni,20,InvMob,Benthic,Symphodus,0.01047,3.09
Labridae,Symphodus cinereus,16,InvMob,Benthopelagic,Symphodus,0.006321111,3.448255556
Labridae,Symphodus doderleini,10,InvMob,Benthopelagic,Symphodus,0.01096,3.06
Labridae,Symphodus mediterraneus,21.8,InvMob,Benthopelagic,Symphodus,0.014995,2.982225
Labridae,Symphodus melanocercus,14,InvMob,Benthopelagic,Symphodus,0.012772684,3.121807681
Labridae,Symphodus melops,33.5,InvMob,Benthic,Symphodus,0.00904,3.135
Labridae,Symphodus ocellatus,14.1,InvMob,Benthopelagic,Symphodus,0.013848333,3.17745
Labridae,Symphodus roissali,22.6,InvMob,Benthic,Symphodus,0.02095,3.028
Labridae,Symphodus rostratus,18.4,InvMob,Benthic,Symphodus,0.010624,3.21256
Labridae,Symphodus tinca,52.5,InvMob,Benthic,Symphodus,0.017745714,2.962778571
Labridae,Tautoga onitis,91,InvMob,Benthic,Tautoga,0.0276,2.95
Labridae,Tautogolabrus adspersus,38,InvMob,Benthic,Tautogolabrus,0.00275,3.378
Labridae,Terelabrus rubrovittatus,12,InvMob,Benthic,Terelabrus,NA,NA
Labridae,Thalassoma amblycephalum,20.3,Plktiv,Benthopelagic,Thalassoma,0.00912,3.07
Labridae,Thalassoma ascensionis,10,InvMob,Benthopelagic,Thalassoma,NA,NA
Labridae,Thalassoma ballieui,39.5,InvMob,Benthic,Thalassoma,NA,NA
Labridae,Thalassoma bifasciatum,25,Plktiv,Benthopelagic,Thalassoma,0.0107,2.916
Labridae,Thalassoma cupido,20,InvMob,Benthic,Thalassoma,0.0049,3.11
Labridae,Thalassoma duperrey,28,InvMob,Benthic,Thalassoma,0.00832,3.01
Labridae,Thalassoma genivittatum,20,InvMob,Benthic,Thalassoma,NA,NA
Labridae,Thalassoma grammaticum,32,InvMob,Benthic,Thalassoma,0.00955,3.06
Labridae,Thalassoma hardwicke,20,InvMob,Benthic,Thalassoma,0.01522,3.016666667
Labridae,Thalassoma hebraicum,23,InvMob,Benthic,Thalassoma,0.00955,3.06
Labridae,Thalassoma heiseri,11.62,InvMob,Benthic,Thalassoma,0.00955,3.06
Labridae,Thalassoma jansenii,20,InvMob,Benthic,Thalassoma,0.00955,3.06
Labridae,Thalassoma loxum,18,InvMob,Benthic,Thalassoma,NA,NA
Labridae,Thalassoma lucasanum,15,Plktiv,Benthic,Thalassoma,0.00813,3
Labridae,Thalassoma lunare,25,InvMob,Benthic,Thalassoma,0.0123,2.96
Labridae,Thalassoma lutescens,30,InvMob,Benthic,Thalassoma,0.00977,3.06
Labridae,Thalassoma nigrofasciatum,27,InvMob,Benthic,Thalassoma,0.00955,3.06
Labridae,Thalassoma noronhanum,13.3,Plktiv,Benthopelagic,Thalassoma,NA,NA
Labridae,Thalassoma pavo,25,InvMob,Benthopelagic,Thalassoma,0.00955,3.06
Labridae,Thalassoma purpureum,46,InvMob,Benthic,Thalassoma,0.00955,3.06
Labridae,Thalassoma quinquevittatum,17,InvMob,Benthic,Thalassoma,0.00955,3.06
Labridae,Thalassoma robertsoni,7.82,InvMob,Benthic,Thalassoma,NA,NA
Labridae,Thalassoma rueppellii,20,InvMob,Benthic,Thalassoma,0.00955,3.06
Labridae,Thalassoma septemfasciatum,31,InvMob,Benthic,Thalassoma,0.01,3.04
Labridae,Thalassoma trilobatum,30,InvMob,Benthic,Thalassoma,0.00955,3.06
Labridae,Thalassoma virens,30,InvMob,Benthic,Thalassoma,NA,NA
Labridae,Wetmorella albofasciata,6,InvMob,Benthic,Wetmorella,NA,NA
Labridae,Wetmorella nigropinnata,8,InvMob,Benthic,Wetmorella,NA,NA
Labridae,Wetmorella tanakai,3.65,InvMob,Benthic,Wetmorella,NA,NA
Labridae,Xenojulis margaritaceus,10,InvMob,Benthic,Xenojulis,NA,NA
Labridae,Xiphocheilus typus,14.8,InvMob,Benthic,Xiphocheilus,0.00955,3.07
Labridae,Xyrichtys blanchardi,21.2,InvMob,Benthopelagic,Xyrichtys,NA,NA
Labridae,Xyrichtys martinicensis,15,InvMob,Benthopelagic,Xyrichtys,NA,NA
Labridae,Xyrichtys mundiceps,14.5,InvMob,Benthic,Xyrichtys,NA,NA
Labridae,Xyrichtys novacula,38,InvMob,Benthopelagic,Xyrichtys,0.054033333,2.517666667
Labridae,Xyrichtys sanctaehelenae,23.3,InvMob,Benthopelagic,Xyrichtys,NA,NA
Labridae,Xyrichtys splendens,17.5,InvMob,Benthopelagic,Xyrichtys,NA,NA
Labridae,Xyrichtys victori,15,InvMob,Benthic,Xyrichtys,NA,NA
Labridae,Xyrichtys wellingtoni,7.16,InvMob,Benthic,Xyrichtys,NA,NA
Labrisomidae,Brockius albigenys,5.2,InvMob,Benthic,Brockius,NA,NA
Labrisomidae,Brockius nigricinctus,8,InvMob,Benthic,Brockius,NA,NA
Labrisomidae,Cottoclinus canops,4.52,InvMob,Benthic,Cottoclinus,NA,NA
Labrisomidae,Dialommus macrocephalus,11,InvMob,Benthic,Dialommus,NA,NA
Labrisomidae,Exerpes asper,6.5,InvMob,Benthic,Exerpes,NA,NA
Labrisomidae,Gobioclinus bucciferus,9,InvMob,Benthic,Gobioclinus,NA,NA
Labrisomidae,Gobioclinus dendriticus,13,InvMob,Benthic,Gobioclinus,NA,NA
Labrisomidae,Gobioclinus filamentosus,12,InvMob,Benthic,Gobioclinus,NA,NA
Labrisomidae,Gobioclinus gobio,6.5,InvMob,Benthic,Gobioclinus,NA,NA
Labrisomidae,Gobioclinus guppyi,11.5,InvMob,Benthic,Gobioclinus,NA,NA
Labrisomidae,Gobioclinus kalisherae,7.5,InvMob,Benthic,Gobioclinus,NA,NA
Labrisomidae,Labrisomus conditus,13.42,InvMob,Benthic,Labrisomus,NA,NA
Labrisomidae,Labrisomus cricota,9.3,InvMob,Benthic,Labrisomus,0.00912,3.06
Labrisomidae,Labrisomus jenkinsi,13,InvMob,Benthic,Labrisomus,NA,NA
Labrisomidae,Labrisomus multiporosus,18,InvMob,Benthic,Labrisomus,0.00977,3.08
Labrisomidae,Labrisomus nuchipinnis,23,InvMob,Benthic,Labrisomus,0.00955,3.09
Labrisomidae,Labrisomus xanti,17.8,InvMob,Benthic,Labrisomus,NA,NA
Labrisomidae,Malacoctenus africanus,7.35,InvMob,Benthic,Malacoctenus,NA,NA
Labrisomidae,Malacoctenus aurolineatus,6,InvMob,Benthic,Malacoctenus,NA,NA
Labrisomidae,Malacoctenus boehlkei,6.4,InvMob,Benthic,Malacoctenus,0.00912,3.06
Labrisomidae,Malacoctenus carrowi,3.46,InvMob,Benthic,Malacoctenus,NA,NA
Labrisomidae,Malacoctenus delalandii,8.2,InvMob,Benthic,Malacoctenus,NA,NA
Labrisomidae,Malacoctenus ebisui,6.5,InvMob,Benthic,Malacoctenus,0.00912,3.06
Labrisomidae,Malacoctenus erdmani,3.8,InvMob,Benthic,Malacoctenus,NA,NA
Labrisomidae,Malacoctenus gigas,13,InvMob,Benthic,Malacoctenus,NA,NA
Labrisomidae,Malacoctenus gilli,7.6,InvMob,Benthic,Malacoctenus,NA,NA
Labrisomidae,Malacoctenus hubbsi,9,InvMob,Benthic,Malacoctenus,0.00912,3.06
Labrisomidae,Malacoctenus macropus,5.5,InvMob,Benthic,Malacoctenus,0.00759,3.01
Labrisomidae,Malacoctenus margaritae,6.5,InvMob,Benthic,Malacoctenus,0.00912,3.06
Labrisomidae,Malacoctenus tetranemus,7.5,InvMob,Benthic,Malacoctenus,0.00912,3.06
Labrisomidae,Malacoctenus triangulatus,7.5,InvMob,Benthic,Malacoctenus,0.00912,3.06
Labrisomidae,Malacoctenus versicolor,7.6,InvMob,Benthic,Malacoctenus,NA,NA
Labrisomidae,Malacoctenus zonifer,8,InvMob,Benthic,Malacoctenus,NA,NA
Labrisomidae,Malacoctenus zonogaster,8.5,InvMob,Benthic,Malacoctenus,NA,NA
Labrisomidae,Nemaclinus atelestos,2.9,InvMob,Benthic,Nemaclinus,NA,NA
Labrisomidae,Paraclinus arcanus,3.2,InvMob,Benthic,Paraclinus,NA,NA
Labrisomidae,Paraclinus barbatus,3.4,InvMob,Benthic,Paraclinus,NA,NA
Labrisomidae,Paraclinus cingulatus,3,InvMob,Benthic,Paraclinus,NA,NA
Labrisomidae,Paraclinus fasciatus,6.5,InvMob,Benthic,Paraclinus,NA,NA
Labrisomidae,Paraclinus fehlmanni,4.03,InvMob,Benthic,Paraclinus,NA,NA
Labrisomidae,Paraclinus grandicomis,4,InvMob,Benthic,Paraclinus,NA,NA
Labrisomidae,Paraclinus infrons,3,InvMob,Benthic,Paraclinus,NA,NA
Labrisomidae,Paraclinus marmoratus,10,InvMob,Benthic,Paraclinus,NA,NA
Labrisomidae,Paraclinus mexicanus,4,InvMob,Benthic,Paraclinus,NA,NA
Labrisomidae,Paraclinus monophthalmus,8.5,InvMob,Benthic,Paraclinus,NA,NA
Labrisomidae,Paraclinus naeorhegmis,2.7,InvMob,Benthic,Paraclinus,NA,NA
Labrisomidae,Paraclinus nigripinnis,6.5,InvMob,Benthic,Paraclinus,NA,NA
Labrisomidae,Paraclinus rubicundus,4.7,InvMob,Benthic,Paraclinus,NA,NA
Labrisomidae,Paraclinus sini,6,InvMob,Benthic,Paraclinus,NA,NA
Labrisomidae,Paraclinus spectator,5.19,InvMob,Benthic,Paraclinus,NA,NA
Labrisomidae,Paraclinus tanygnathus,3.5,InvMob,Benthic,Paraclinus,NA,NA
Labrisomidae,Starksia atlantica,2.5,InvMob,Benthic,Starksia,NA,NA
Labrisomidae,Starksia brasiliensis,3.5,InvMob,Benthic,Starksia,NA,NA
Labrisomidae,Starksia culebrae,2.7,InvMob,Benthic,Starksia,NA,NA
Labrisomidae,Starksia elongata,2.7,InvMob,Benthic,Starksia,NA,NA
Labrisomidae,Starksia fasciata,2.69,InvMob,Benthic,Starksia,NA,NA
Labrisomidae,Starksia fulva,4.5,InvMob,Benthic,Starksia,NA,NA
Labrisomidae,Starksia galapagensis,4.5,InvMob,Benthic,Starksia,NA,NA
Labrisomidae,Starksia guttata,4.572,InvMob,Benthic,Starksia,NA,NA
Labrisomidae,Starksia hassi,4,InvMob,Benthic,Starksia,NA,NA
Labrisomidae,Starksia lepicoelia,3.4,InvMob,Benthic,Starksia,NA,NA
Labrisomidae,Starksia leucovitta,2.49,InvMob,Benthic,Starksia,NA,NA
Labrisomidae,Starksia melasma,2.11,InvMob,Benthic,Starksia,NA,NA
Labrisomidae,Starksia multilepis,2.16,InvMob,Benthic,Starksia,NA,NA
Labrisomidae,Starksia nanodes,2.15,InvMob,Benthic,Starksia,NA,NA
Labrisomidae,Starksia ocellata,6,InvMob,Benthic,Starksia,NA,NA
Labrisomidae,Starksia posthon,4,InvMob,Benthic,Starksia,NA,NA
Labrisomidae,Starksia rava,2.53,InvMob,Benthic,Starksia,NA,NA
Labrisomidae,Starksia sella,2.77,InvMob,Benthic,Starksia,NA,NA
Labrisomidae,Starksia sluiteri,2.8,InvMob,Benthic,Starksia,NA,NA
Labrisomidae,Starksia smithvanizi,1.95,InvMob,Benthic,Starksia,NA,NA
Labrisomidae,Starksia spinipenis,5,InvMob,Benthic,Starksia,NA,NA
Labrisomidae,Starksia starcki,4,InvMob,Benthic,Starksia,NA,NA
Labrisomidae,Starksia variabilis,3.3,InvMob,Benthic,Starksia,NA,NA
Labrisomidae,Starksia y-lineata,2.1,InvMob,Benthic,Starksia,NA,NA
Labrisomidae,Xenomedea rhodopyga,6.5,InvMob,Benthic,Xenomedea,NA,NA
Lethrinidae,Gnathodentex aureolineatus,30,InvMob,Benthopelagic,Gnathodentex,0.01514,3.02
Lethrinidae,Gymnocranius audleyi,40,InvMob,Benthic,Gymnocranius,0.02138,2.97
Lethrinidae,Gymnocranius elongatus,35,FisCep,Benthic,Gymnocranius,NA,NA
Lethrinidae,Gymnocranius euanus,45,InvMob,Benthic,Gymnocranius,0.01905,2.97
Lethrinidae,Gymnocranius frenatus,35,FisCep,Benthic,Gymnocranius,NA,NA
Lethrinidae,Gymnocranius grandoculis,80,InvMob,Benthic,Gymnocranius,0.01673,2.9681
Lethrinidae,Gymnocranius griseus,35,InvMob,Benthic,Gymnocranius,0.01451,3
Lethrinidae,Gymnocranius microdon,45,InvMob,Benthopelagic,Gymnocranius,0.01778,2.97
Lethrinidae,Lethrinus amboinensis,70,FisCep,Benthic,Lethrinus,0.00457,3.1
Lethrinidae,Lethrinus atkinsoni,50,InvMob,Benthopelagic,Lethrinus,0.01717,2.98105
Lethrinidae,Lethrinus atlanticus,50,FisCep,Benthopelagic,Lethrinus,NA,NA
Lethrinidae,Lethrinus borbonicus,40,InvMob,Benthic,Lethrinus,0.01479,2.98
Lethrinidae,Lethrinus conchyliatus,76,FisCep,Benthic,Lethrinus,NA,NA
Lethrinidae,Lethrinus crocineus,60,FisCep,Benthic,Lethrinus,NA,NA
Lethrinidae,Lethrinus enigmaticus,55,InvMob,Benthic,Lethrinus,0.01479,2.99
Lethrinidae,Lethrinus erythracanthus,70,InvMob,Benthic,Lethrinus,0.01445,3.02
Lethrinidae,Lethrinus erythropterus,50,InvMob,Benthopelagic,Lethrinus,0.01995,3.09
Lethrinidae,Lethrinus genivittatus,25,InvMob,Benthic,Lethrinus,0.014,3.02
Lethrinidae,Lethrinus haematopterus,45,FisCep,Benthic,Lethrinus,NA,NA
Lethrinidae,Lethrinus harak,50,InvMob,Benthopelagic,Lethrinus,0.0152,3.0215
Lethrinidae,Lethrinus laticaudis,56,FisCep,Benthic,Lethrinus,0.01479,2.98
Lethrinidae,Lethrinus lentjan,52,InvMob,Benthic,Lethrinus,0.02765,2.82732
Lethrinidae,Lethrinus mahsena,65,InvMob,Benthic,Lethrinus,0.01349,3.01
Lethrinidae,Lethrinus microdon,80,FisCep,Benthic,Lethrinus,0.015686667,2.978133333
Lethrinidae,Lethrinus miniatus,90,FisCep,Benthic,Lethrinus,0.02021,2.9388
Lethrinidae,Lethrinus nebulosus,87,InvMob,Benthopelagic,Lethrinus,0.054801667,2.72845
Lethrinidae,Lethrinus nebulosus,87,InvMob,Benthopelagic,Lethrinus,0.054801667,2.72845
Lethrinidae,Lethrinus obsoletus,60,InvMob,Benthopelagic,Lethrinus,0.01175,2.98
Lethrinidae,Lethrinus olivaceus,100,FisCep,Benthopelagic,Lethrinus,0.01514,2.98
Lethrinidae,Lethrinus ornatus,45,InvMob,Benthic,Lethrinus,0.01862,3.02
Lethrinidae,Lethrinus ravus,25,FisCep,Benthic,Lethrinus,0.01318,2.99
Lethrinidae,Lethrinus reticulatus,40,FisCep,Benthic,Lethrinus,NA,NA
Lethrinidae,Lethrinus rubrioperculatus,50,InvMob,Benthic,Lethrinus,0.00721,3.1592
Lethrinidae,Lethrinus semicinctus,35,InvMob,Benthic,Lethrinus,0.01318,3
Lethrinidae,Lethrinus variegatus,20,FisCep,Benthic,Lethrinus,0.01479,2.98
Lethrinidae,Lethrinus xanthochilus,75.1,InvMob,Benthic,Lethrinus,0.01514,2.97
Lethrinidae,Monotaxis grandoculis,60,InvMob,Benthopelagic,Monotaxis,0.02138,2.95
Lethrinidae,Wattsia mossambica,55,FisCep,Benthic,Wattsia,0.01862,2.96
Lutjanidae,Aphareus furca,70,FisCep,Pelagic,Aphareus,0.01698,2.95
Lutjanidae,Aphareus rutilans,110,FisCep,Benthopelagic,Aphareus,0.01514,2.94
Lutjanidae,Aprion virescens,112,FisCep,Pelagic,Aprion,0.01413,2.95
Lutjanidae,Apsilus dentatus,65,InvMob,Pelagic,Apsilus,0.01096,3.02
Lutjanidae,Apsilus fuscus,75,FisCep,Pelagic,Apsilus,NA,NA
Lutjanidae,Caesio caerulaurea,35,Plktiv,Pelagic,Caesio,0.01514,3.04
Lutjanidae,Caesio cuning,40,Plktiv,Pelagic,Caesio,0.01374,3
Lutjanidae,Caesio cuning,40,Plktiv,Pelagic,Caesio,0.01374,3
Lutjanidae,Caesio lunaris,40,Plktiv,Pelagic,Caesio,0.01698,3.09
Lutjanidae,Caesio striata,25,Plktiv,Pelagic,Caesio,0.01288,3.08
Lutjanidae,Caesio suevica,35,Plktiv,Pelagic,Caesio,0.01288,3.08
Lutjanidae,Caesio teres,40,Plktiv,Pelagic,Caesio,0.01202,3.09
Lutjanidae,Caesio varilineata,40,Plktiv,Pelagic,Caesio,0.01288,3.08
Lutjanidae,Caesio xanthalytos,22,Plktiv,Pelagic,Caesio,NA,NA
Lutjanidae,Caesio xanthonota,40,Plktiv,Pelagic,Caesio,0.01288,3.08
Lutjanidae,Dipterygonotus balteatus,14,Plktiv,Pelagic,Dipterygonotus,0.01122,3.04
Lutjanidae,Etelis carbunculus,127,FisCep,Benthopelagic,Etelis,0.00471,3.1956
Lutjanidae,Etelis coruscans,120,FisCep,Pelagic,Etelis,0.01622,2.95
Lutjanidae,Etelis coruscans,120,FisCep,Pelagic,Etelis,0.01622,2.95
Lutjanidae,Etelis oculatus,100,FisCep,Benthopelagic,Etelis,0.0128,2.908
Lutjanidae,Etelis radiosus,80,FisCep,Benthopelagic,Etelis,NA,NA
Lutjanidae,Gymnocaesio gymnoptera,18,Plktiv,Pelagic,Gymnocaesio,0.01122,3.04
Lutjanidae,Hoplopagrus guentherii,92,FisCep,Benthic,Hoplopagrus,0.01479,2.97
Lutjanidae,Lipocheilus carnolabrum,50,FisCep,Benthopelagic,Lipocheilus,NA,NA
Lutjanidae,Lutjanus adetii,50,InvMob,Benthopelagic,Lutjanus,0.0138,3.03
Lutjanidae,Lutjanus agennes,139,FisCep,Benthopelagic,Lutjanus,NA,NA
Lutjanidae,Lutjanus analis,94,InvMob,Benthopelagic,Lutjanus,0.013266667,3.021333333
Lutjanidae,Lutjanus apodus,67.2,InvMob,Benthopelagic,Lutjanus,0.0211,2.9261
Lutjanidae,Lutjanus aratus,100,FisCep,Benthopelagic,Lutjanus,0.01445,2.97
Lutjanidae,Lutjanus argentimaculatus,104,FisCep,Benthopelagic,Lutjanus,0.01408,3.03492
Lutjanidae,Lutjanus argentiventris,71,InvMob,Benthopelagic,Lutjanus,0.015006667,2.9945
Lutjanidae,Lutjanus argentiventris,71,InvMob,Benthopelagic,Lutjanus,0.015006667,2.9945
Lutjanidae,Lutjanus bengalensis,30,FisCep,Benthopelagic,Lutjanus,NA,NA
Lutjanidae,Lutjanus biguttatus,25,FisCep,Benthopelagic,Lutjanus,0.01445,2.97
Lutjanidae,Lutjanus bitaeniatus,30,FisCep,Benthopelagic,Lutjanus,NA,NA
Lutjanidae,Lutjanus bohar,90,FisCep,Benthopelagic,Lutjanus,0.01259,3
Lutjanidae,Lutjanus boutton,35,InvMob,Benthopelagic,Lutjanus,0.01479,2.98
Lutjanidae,Lutjanus buccanella,75,InvMob,Benthopelagic,Lutjanus,0.01445,2.97
Lutjanidae,Lutjanus campechanus,117,FisCep,Benthopelagic,Lutjanus,0.009013333,3.126666667
Lutjanidae,Lutjanus carponotatus,40,FisCep,Benthopelagic,Lutjanus,0.02241,2.883566667
Lutjanidae,Lutjanus coeruleolineatus,40,FisCep,Benthopelagic,Lutjanus,0.01479,2.98
Lutjanidae,Lutjanus colorado,91,FisCep,Benthic,Lutjanus,0.01148,2.95
Lutjanidae,Lutjanus cyanopterus,160,FisCep,Benthopelagic,Lutjanus,0.00708,3.16
Lutjanidae,Lutjanus decussatus,35,InvMob,Benthopelagic,Lutjanus,0.01778,2.99
Lutjanidae,Lutjanus dentatus,150,FisCep,Benthopelagic,Lutjanus,NA,NA
Lutjanidae,Lutjanus dodecacanthoides,30,FisCep,Benthopelagic,Lutjanus,NA,NA
Lutjanidae,Lutjanus ehrenbergii,35,InvMob,Benthopelagic,Lutjanus,0.0248,2.9875
Lutjanidae,Lutjanus erythropterus,81.6,InvMob,Benthopelagic,Lutjanus,0.18803,2.3342
Lutjanidae,Lutjanus fulgens,60,FisCep,Benthopelagic,Lutjanus,NA,NA
Lutjanidae,Lutjanus fulviflamma,35,InvMob,Benthopelagic,Lutjanus,0.048465,2.762575
Lutjanidae,Lutjanus fulvus,40,InvMob,Benthopelagic,Lutjanus,0.01514,2.98
Lutjanidae,Lutjanus gibbus,50,InvMob,Benthopelagic,Lutjanus,0.041,2.63
Lutjanidae,Lutjanus goreensis,80,FisCep,Benthopelagic,Lutjanus,NA,NA
Lutjanidae,Lutjanus griseus,89,InvMob,Benthopelagic,Lutjanus,0.01437,3.0082
Lutjanidae,Lutjanus guilcheri,60,FisCep,Benthopelagic,Lutjanus,NA,NA
Lutjanidae,Lutjanus guttatus,80,InvMob,Benthopelagic,Lutjanus,0.0226,2.86875
Lutjanidae,Lutjanus indicus,22.6,FisCep,Benthopelagic,Lutjanus,NA,NA
Lutjanidae,Lutjanus inermis,34,FisCep,Benthic,Lutjanus,0.01445,2.97
Lutjanidae,Lutjanus jocu,128,InvMob,Benthopelagic,Lutjanus,0.01446,3.0722
Lutjanidae,Lutjanus johnii,97,InvMob,Benthopelagic,Lutjanus,0.790558,2.39992
Lutjanidae,Lutjanus jordani,60,FisCep,Benthic,Lutjanus,0.01445,2.97
Lutjanidae,Lutjanus kasmira,40,InvMob,Benthopelagic,Lutjanus,0.0165,2.98
Lutjanidae,Lutjanus lemniscatus,65,FisCep,Benthopelagic,Lutjanus,0.01445,2.97
Lutjanidae,Lutjanus lunulatus,40,FisCep,Benthopelagic,Lutjanus,NA,NA
Lutjanidae,Lutjanus lutjanus,35,InvMob,Benthopelagic,Lutjanus,0.0235,2.807
Lutjanidae,Lutjanus lutjanus,35,InvMob,Benthopelagic,Lutjanus,0.0235,2.807
Lutjanidae,Lutjanus madras,30,FisCep,Benthopelagic,Lutjanus,NA,NA
Lutjanidae,Lutjanus mahogoni,48,InvMob,Benthopelagic,Lutjanus,0.00763,3.15
Lutjanidae,Lutjanus malabaricus,100,InvMob,Benthopelagic,Lutjanus,0.02249,2.8969
Lutjanidae,Lutjanus mizenkoi,32,FisCep,Benthopelagic,Lutjanus,NA,NA
Lutjanidae,Lutjanus monostigma,60,FisCep,Benthopelagic,Lutjanus,0.0138,2.96
Lutjanidae,Lutjanus notatus,25,FisCep,Benthopelagic,Lutjanus,NA,NA
Lutjanidae,Lutjanus novemfasciatus,170,FisCep,Benthic,Lutjanus,0.01479,2.97
Lutjanidae,Lutjanus papuensis,25.9,FisCep,Benthopelagic,Lutjanus,NA,NA
Lutjanidae,Lutjanus peru,95,FisCep,Benthopelagic,Lutjanus,0.0142,3
Lutjanidae,Lutjanus purpureus,100,InvMob,Benthopelagic,Lutjanus,0.011,3.041
Lutjanidae,Lutjanus quinquelineatus,38,InvMob,Benthopelagic,Lutjanus,0.0118,3.098
Lutjanidae,Lutjanus rivulatus,80,FisCep,Benthopelagic,Lutjanus,0.01784,3
Lutjanidae,Lutjanus rufolineatus,30,FisCep,Benthopelagic,Lutjanus,0.01995,3
Lutjanidae,Lutjanus sanguineus,100,FisCep,Benthopelagic,Lutjanus,0.01288,2.96
Lutjanidae,Lutjanus sebae,121,FisCep,Benthopelagic,Lutjanus,0.0081375,3.060525
Lutjanidae,Lutjanus semicinctus,35,FisCep,Benthopelagic,Lutjanus,0.01288,3.04
Lutjanidae,Lutjanus synagris,60,InvMob,Benthopelagic,Lutjanus,0.014816667,2.983516667
Lutjanidae,Lutjanus timoriensis,50,InvMob,Benthopelagic,Lutjanus,0.01413,3.05
Lutjanidae,Lutjanus viridis,30,FisCep,Benthic,Lutjanus,0.01445,2.97
Lutjanidae,Lutjanus vitta,40,FisCep,Benthopelagic,Lutjanus,0.0175225,3.0415
Lutjanidae,Lutjanus vivanus,83,InvMob,Benthopelagic,Lutjanus,0.0169,2.948
Lutjanidae,Macolor macularis,60,Plktiv,Pelagic,Macolor,0.01549,2.99
Lutjanidae,Macolor niger,75,FisCep,Pelagic,Macolor,0.01585,3
Lutjanidae,Ocyurus chrysurus,86.3,InvMob,Pelagic,Ocyurus,0.023466667,2.742833333
Lutjanidae,Ocyurus chrysurus,86.3,InvMob,Pelagic,Ocyurus,0.023466667,2.742833333
Lutjanidae,Paracaesio gonzalesi,42,Plktiv,Pelagic,Paracaesio,NA,NA
Lutjanidae,Paracaesio kusakarii,60,Plktiv,Pelagic,Paracaesio,0.01288,3.06
Lutjanidae,Paracaesio sordida,48,Plktiv,Pelagic,Paracaesio,0.01622,3.07
Lutjanidae,Paracaesio stonei,50,Plktiv,Pelagic,Paracaesio,0.03311,2.89
Lutjanidae,Paracaesio xanthura,50,Plktiv,Pelagic,Paracaesio,0.01905,3.08
Lutjanidae,Pinjalo lewisi,50,Plktiv,Pelagic,Pinjalo,NA,NA
Lutjanidae,Pinjalo pinjalo,80,Plktiv,Pelagic,Pinjalo,NA,NA
Lutjanidae,Pristipomoides aquilonaris,56,FisCep,Pelagic,Pristipomoides,NA,NA
Lutjanidae,Pristipomoides argyrogrammicus,40,FisCep,Pelagic,Pristipomoides,0.01514,3
Lutjanidae,Pristipomoides auricilla,45,FisCep,Pelagic,Pristipomoides,0.01288,2.98
Lutjanidae,Pristipomoides filamentosus,100,FisCep,Pelagic,Pristipomoides,0.016316667,2.872633333
Lutjanidae,Pristipomoides filamentosus,100,FisCep,Pelagic,Pristipomoides,0.016316667,2.872633333
Lutjanidae,Pristipomoides flavipinnis,50,FisCep,Pelagic,Pristipomoides,0.01445,2.95
Lutjanidae,Pristipomoides freemani,23.3,FisCep,Pelagic,Pristipomoides,NA,NA
Lutjanidae,Pristipomoides macrophthalmus,50,FisCep,Pelagic,Pristipomoides,NA,NA
Lutjanidae,Pristipomoides multidens,90,FisCep,Pelagic,Pristipomoides,0.00843,3.08075
Lutjanidae,Pristipomoides sieboldii,79,FisCep,Pelagic,Pristipomoides,0.01413,2.99
Lutjanidae,Pristipomoides typus,70,FisCep,Pelagic,Pristipomoides,0.010285,3.00725
Lutjanidae,Pristipomoides zonatus,57.5,FisCep,Pelagic,Pristipomoides,0.01318,2.95
Lutjanidae,Pterocaesio chrysozona,21,Plktiv,Pelagic,Pterocaesio,0.01096,3.11
Lutjanidae,Pterocaesio digramma,30,Plktiv,Pelagic,Pterocaesio,0.01175,3.15
Lutjanidae,Pterocaesio flavifasciata,20.43,Plktiv,Pelagic,Pterocaesio,NA,NA
Lutjanidae,Pterocaesio lativittata,23,Plktiv,Pelagic,Pterocaesio,NA,NA
Lutjanidae,Pterocaesio marri,35,Plktiv,Pelagic,Pterocaesio,0.01096,3.11
Lutjanidae,Pterocaesio monikae,9.75,Plktiv,Pelagic,Pterocaesio,NA,NA
Lutjanidae,Pterocaesio pisang,21,Plktiv,Pelagic,Pterocaesio,0.00743,3.15
Lutjanidae,Pterocaesio randalli,25,Plktiv,Pelagic,Pterocaesio,0.01096,3.11
Lutjanidae,Pterocaesio tessellata,25,Plktiv,Pelagic,Pterocaesio,0.01349,3.15
Lutjanidae,Pterocaesio tile,30,Plktiv,Pelagic,Pterocaesio,0.01288,3.14
Lutjanidae,Pterocaesio trilineata,20,Plktiv,Pelagic,Pterocaesio,0.01122,3.11
Lutjanidae,Randallichthys filamentosus,50,FisCep,Pelagic,Randallichthys,NA,NA
Lutjanidae,Rhomboplites aurorubens,60,InvMob,Pelagic,Rhomboplites,0.03175,2.743
Lutjanidae,Symphorichthys spilurus,60,FisCep,Benthic,Symphorichthys,0.0123,3.02
Lutjanidae,Symphorus nematophorus,118.8,FisCep,Benthic,Symphorus,0.051443333,2.789566667
Malacanthidae,Branchiostegus albus,45,Plktiv,Benthic,Branchiostegus,NA,NA
Malacanthidae,Branchiostegus argentatus,32.7,InvMob,Benthic,Branchiostegus,0.00708,3.07
Malacanthidae,Branchiostegus auratus,30,FisCep,Benthic,Branchiostegus,NA,NA
Malacanthidae,Branchiostegus doliatus,40,FisCep,Benthic,Branchiostegus,NA,NA
Malacanthidae,Branchiostegus ilocanus,27,FisCep,Benthic,Branchiostegus,NA,NA
Malacanthidae,Branchiostegus japonicus,46,Plktiv,Benthic,Branchiostegus,0.006,3.215
Malacanthidae,Branchiostegus sawakinensis,60,FisCep,Benthic,Branchiostegus,NA,NA
Malacanthidae,Branchiostegus wardi,40,FisCep,Benthic,Branchiostegus,NA,NA
Malacanthidae,Caulolatilus affinis,49.5,InvMob,Benthic,Caulolatilus,0.0123,3
Malacanthidae,Caulolatilus hubbsi,36,FisCep,Benthic,Caulolatilus,NA,NA
Malacanthidae,Caulolatilus princeps,102,FisCep,Benthic,Caulolatilus,0.00708,3.07
Malacanthidae,Hoplolatilus chlupatyi,13,Plktiv,Benthopelagic,Hoplolatilus,NA,NA
Malacanthidae,Hoplolatilus cuniculus,16,Plktiv,Benthopelagic,Hoplolatilus,0.00537,3.03
Malacanthidae,Hoplolatilus fourmanoiri,14,Plktiv,Benthopelagic,Hoplolatilus,NA,NA
Malacanthidae,Hoplolatilus fronticinctus,21,Plktiv,Benthopelagic,Hoplolatilus,NA,NA
Malacanthidae,Hoplolatilus luteus,13,Plktiv,Benthopelagic,Hoplolatilus,NA,NA
Malacanthidae,Hoplolatilus marcosi,12,Plktiv,Benthopelagic,Hoplolatilus,NA,NA
Malacanthidae,Hoplolatilus purpureus,13,Plktiv,Benthopelagic,Hoplolatilus,NA,NA
Malacanthidae,Hoplolatilus randalli,15.43,Plktiv,Benthopelagic,Hoplolatilus,NA,NA
Malacanthidae,Hoplolatilus starcki,15.5,Plktiv,Benthopelagic,Hoplolatilus,0.01122,3.04
Malacanthidae,Lopholatilus chamaeleonticeps,125,FisCep,Benthopelagic,Lopholatilus,0.00776,3.11
Malacanthidae,Malacanthus brevirostris,32,InvMob,Benthic,Malacanthus,0.00537,3.03
Malacanthidae,Malacanthus latovittatus,49,InvMob,Benthic,Malacanthus,0.00537,3.03
Malacanthidae,Malacanthus plumieri,70,InvMob,Benthopelagic,Malacanthus,0.00537,3.03
Megalopidae,Megalops atlanticus,320,FisCep,Pelagic,Megalops,0.00532,3
Megalopidae,Megalops cyprinoides,150,FisCep,Pelagic,Megalops,NA,NA
Microdesmidae,Aioliops megastigma,3,Plktiv,Benthopelagic,Aioliops,0.00389,3.12
Microdesmidae,Aioliops novaeguineae,2.3,Plktiv,Benthopelagic,Aioliops,0.00389,3.12
Microdesmidae,Aioliops tetrophthalmus,3.56,Plktiv,Benthopelagic,Aioliops,NA,NA
Microdesmidae,Cerdale floridana,9,InvMob,Benthopelagic,Cerdale,NA,NA
Microdesmidae,Cerdale ionthas,7.5,InvMob,Benthic,Cerdale,NA,NA
Microdesmidae,Clarkichthys bilineatus,6.2,InvMob,Benthic,Clarkichthys,NA,NA
Microdesmidae,Gunnellichthys curiosus,12,Plktiv,Benthopelagic,Gunnellichthys,NA,NA
Microdesmidae,Gunnellichthys monostigma,15,Plktiv,Benthopelagic,Gunnellichthys,0.00389,3.12
Microdesmidae,Gunnellichthys pleurotaenia,12,Plktiv,Benthopelagic,Gunnellichthys,NA,NA
Microdesmidae,Gunnellichthys viridescens,12,Plktiv,Benthopelagic,Gunnellichthys,NA,NA
Microdesmidae,Microdesmus longipinnis,27,InvMob,Benthopelagic,Microdesmus,NA,NA
Microdesmidae,Nemateleotris decora,9,Plktiv,Benthopelagic,Nemateleotris,NA,NA
Microdesmidae,Nemateleotris helfrichi,6,Plktiv,Benthopelagic,Nemateleotris,NA,NA
Microdesmidae,Nemateleotris magnifica,9,Plktiv,Benthopelagic,Nemateleotris,0.00389,3.12
Microdesmidae,Oxymetopon compressus,24,Plktiv,Benthopelagic,Oxymetopon,NA,NA
Microdesmidae,Oxymetopon cyanoctenosum,20,Plktiv,Benthopelagic,Oxymetopon,NA,NA
Microdesmidae,Oxymetopon typus,18,Plktiv,Benthopelagic,Oxymetopon,NA,NA
Microdesmidae,Parioglossus formosus,4.5,Plktiv,Benthopelagic,Parioglossus,NA,NA
Microdesmidae,Parioglossus nudus,2,Plktiv,Benthopelagic,Parioglossus,NA,NA
Microdesmidae,Parioglossus palustris,2.8,Plktiv,Benthopelagic,Parioglossus,NA,NA
Microdesmidae,Parioglossus philippinus,3.5,Plktiv,Benthopelagic,Parioglossus,NA,NA
Microdesmidae,Parioglossus raoi,3.5,Plktiv,Benthopelagic,Parioglossus,NA,NA
Microdesmidae,Parioglossus senoui,2.22,Plktiv,Benthopelagic,Parioglossus,NA,NA
Microdesmidae,Ptereleotris brachyptera,5.4,Plktiv,Benthopelagic,Ptereleotris,NA,NA
Microdesmidae,Ptereleotris calliura,12.5,Plktiv,Benthopelagic,Ptereleotris,0.00389,3.12
Microdesmidae,Ptereleotris evides,14,Plktiv,Benthopelagic,Ptereleotris,0.00389,3.12
Microdesmidae,Ptereleotris grammica,10,Plktiv,Benthopelagic,Ptereleotris,NA,NA
Microdesmidae,Ptereleotris hanae,12,Plktiv,Benthopelagic,Ptereleotris,0.00389,3.12
Microdesmidae,Ptereleotris helenae,12,Plktiv,Benthopelagic,Ptereleotris,NA,NA
Microdesmidae,Ptereleotris heteroptera,14,Plktiv,Benthopelagic,Ptereleotris,0.00389,3.12
Microdesmidae,Ptereleotris microlepis,13,Plktiv,Benthopelagic,Ptereleotris,0.00389,3.12
Microdesmidae,Ptereleotris monoptera,15.1,Plktiv,Benthopelagic,Ptereleotris,0.00389,3.12
Microdesmidae,Ptereleotris randalli,8.7,Plktiv,Benthopelagic,Ptereleotris,NA,NA
Microdesmidae,Ptereleotris uroditaenia,10,Plktiv,Benthopelagic,Ptereleotris,NA,NA
Microdesmidae,Ptereleotris zebra,14.3,Plktiv,Benthopelagic,Ptereleotris,0.00389,3.12
Monacanthidae,Acanthaluteres brownii,55,Omnivr,Benthopelagic,Acanthaluteres,0.01995,2.93
Monacanthidae,Acanthaluteres spilomelanurus,14,Omnivr,Benthopelagic,Acanthaluteres,0.01995,2.93
Monacanthidae,Acanthaluteres vittiger,35,Omnivr,Benthopelagic,Acanthaluteres,0.01995,2.93
Monacanthidae,Acreichthys radiatus,7,Omnivr,Benthic,Acreichthys,NA,NA
Monacanthidae,Acreichthys tomentosus,12,Omnivr,Benthic,Acreichthys,0.011,3.242
Monacanthidae,Aluterus heudelotii,45,Omnivr,Pelagic,Aluterus,NA,NA
Monacanthidae,Aluterus monoceros,76.2,Plktiv,Pelagic,Aluterus,0.0222,2.86
Monacanthidae,Aluterus schoepfii,61,HerDet,Pelagic,Aluterus,NA,NA
Monacanthidae,Aluterus scriptus,110,Omnivr,Benthopelagic,Aluterus,0.01995,2.93
Monacanthidae,Amanses scopas,20,InvSes,Benthopelagic,Amanses,0.01995,2.93
Monacanthidae,Anacanthus barbatus,35,Omnivr,Benthic,Anacanthus,NA,NA
Monacanthidae,Brachaluteres jacksonianus,10,Omnivr,Benthic,Brachaluteres,0.01995,2.93
Monacanthidae,Brachaluteres taylori,5,Omnivr,Benthic,Brachaluteres,NA,NA
Monacanthidae,Brachaluteres ulvarum,7.5,Omnivr,Benthic,Brachaluteres,NA,NA
Monacanthidae,Cantherhines cerinus,12,Omnivr,Benthic,Cantherhines,NA,NA
Monacanthidae,Cantherhines dumerilii,38,InvSes,Benthopelagic,Cantherhines,0.02399,2.93
Monacanthidae,Cantherhines fronticinctus,25,InvSes,Benthopelagic,Cantherhines,0.01995,2.93
Monacanthidae,Cantherhines macrocerus,46,InvSes,Benthopelagic,Cantherhines,0.02089,2.94
Monacanthidae,Cantherhines pardalis,25,InvSes,Benthopelagic,Cantherhines,0.01622,2.93
Monacanthidae,Cantherhines pullus,20,InvSes,Benthopelagic,Cantherhines,0.02188,2.88
Monacanthidae,Cantherhines sandwichiensis,19.3,Omnivr,Benthic,Cantherhines,0.01995,2.93
Monacanthidae,Cantherhines verecundus,12.5,InvSes,Benthic,Cantherhines,NA,NA
Monacanthidae,Cantheschenia grandisquamis,26,Omnivr,Benthic,Cantheschenia,0.01995,2.93
Monacanthidae,Chaetodermis penicilligerus,31,Omnivr,Benthic,Chaetodermis,0.01995,2.93
Monacanthidae,Eubalichthys bucephalus,50,InvSes,Benthic,Eubalichthys,0.01995,2.93
Monacanthidae,Eubalichthys caeruleoguttatus,38,Omnivr,Benthic,Eubalichthys,0.01995,2.93
Monacanthidae,Eubalichthys mosaicus,60,Omnivr,Benthic,Eubalichthys,0.01995,2.93
Monacanthidae,Meuschenia australis,30,Omnivr,Benthic,Meuschenia,0.01995,2.93
Monacanthidae,Meuschenia flavolineata,30,Omnivr,Benthic,Meuschenia,0.01995,2.93
Monacanthidae,Meuschenia freycineti,60,Omnivr,Benthic,Meuschenia,0.01995,2.93
Monacanthidae,Meuschenia hippocrepis,51,Omnivr,Benthic,Meuschenia,0.01995,2.93
Monacanthidae,Meuschenia scaber,31,InvSes,Benthopelagic,Meuschenia,0.0309,2.8153
Monacanthidae,Meuschenia trachylepis,40,Omnivr,Benthic,Meuschenia,0.01995,2.93
Monacanthidae,Monacanthus chinensis,38,Omnivr,Benthic,Monacanthus,0.02399,2.82
Monacanthidae,Monacanthus ciliatus,20,Omnivr,Benthopelagic,Monacanthus,NA,NA
Monacanthidae,Monacanthus tuckeri,10,Omnivr,Benthopelagic,Monacanthus,0.0263,3.07
Monacanthidae,Nelusetta ayraud,100,Plktiv,Benthic,Nelusetta,0.01175,2.83
Monacanthidae,Nelusetta ayraud,100,Plktiv,Benthic,Nelusetta,0.01175,2.83
Monacanthidae,Oxymonacanthus halli,7,InvSes,Benthic,Oxymonacanthus,NA,NA
Monacanthidae,Oxymonacanthus longirostris,12,InvSes,Benthopelagic,Oxymonacanthus,0.01995,2.93
Monacanthidae,Paraluteres prionurus,11,InvMob,Benthic,Paraluteres,0.01995,2.93
Monacanthidae,Paramonacanthus choirocephalus,11,Omnivr,Benthic,Paramonacanthus,NA,NA
Monacanthidae,Paramonacanthus cryptodon,7,Omnivr,Benthopelagic,Paramonacanthus,NA,NA
Monacanthidae,Paramonacanthus japonicus,12,Omnivr,Benthic,Paramonacanthus,0.01862,2.86
Monacanthidae,Paramonacanthus nipponensis,15,Omnivr,Benthic,Paramonacanthus,NA,NA
Monacanthidae,Paramonacanthus oblongus,7.8,Omnivr,Benthic,Paramonacanthus,NA,NA
Monacanthidae,Paramonacanthus sulcatus,20,Omnivr,Benthic,Paramonacanthus,NA,NA
Monacanthidae,Paramonacanthus tricuspis,10,Omnivr,Benthic,Paramonacanthus,NA,NA
Monacanthidae,Pervagor aspricaudus,13,InvMob,Benthopelagic,Pervagor,0.01995,2.93
Monacanthidae,Pervagor janthinosoma,16,InvMob,Benthopelagic,Pervagor,0.01995,2.93
Monacanthidae,Pervagor melanocephalus,16,InvMob,Benthopelagic,Pervagor,0.01995,2.93
Monacanthidae,Pervagor nigrolineatus,10,Omnivr,Benthic,Pervagor,NA,NA
Monacanthidae,Pervagor randalli,6.7,Omnivr,Benthic,Pervagor,NA,NA
Monacanthidae,Pervagor spilosoma,18,Omnivr,Benthic,Pervagor,NA,NA
Monacanthidae,Pseudalutarius nasicornis,19,Omnivr,Benthic,Pseudalutarius,NA,NA
Monacanthidae,Pseudomonacanthus elongatus,25,Omnivr,Benthic,Pseudomonacanthus,NA,NA
Monacanthidae,Pseudomonacanthus macrurus,18,Omnivr,Benthic,Pseudomonacanthus,NA,NA
Monacanthidae,Pseudomonacanthus peroni,35,Omnivr,Benthic,Pseudomonacanthus,NA,NA
Monacanthidae,Rudarius excelsus,2.5,Omnivr,Benthic,Rudarius,NA,NA
Monacanthidae,Rudarius minutus,5,Omnivr,Benthic,Rudarius,NA,NA
Monacanthidae,Scobinichthys granulatus,30,Omnivr,Benthic,Scobinichthys,0.01995,2.93
Monacanthidae,Stephanolepis auratus,28,Omnivr,Benthic,Stephanolepis,NA,NA
Monacanthidae,Stephanolepis cirrhifer,30,Omnivr,Benthic,Stephanolepis,0.02818,2.93
Monacanthidae,Stephanolepis diaspros,25,Omnivr,Benthic,Stephanolepis,NA,NA
Monacanthidae,Stephanolepis hispidus,27.5,Omnivr,Benthopelagic,Stephanolepis,0.027849286,2.919714286
Monacanthidae,Stephanolepis setifer,20,Omnivr,Benthopelagic,Stephanolepis,NA,NA
Monacanthidae,Thamnaconus analis,19.3,Omnivr,Pelagic,Thamnaconus,0.01995,2.93
Monacanthidae,Thamnaconus arenaceus,23,Omnivr,Pelagic,Thamnaconus,NA,NA
Monacanthidae,Thamnaconus fajardoi,22,Omnivr,Benthic,Thamnaconus,NA,NA
Monacanthidae,Thamnaconus modestoides,32,Omnivr,Pelagic,Thamnaconus,NA,NA
Monacanthidae,Thamnaconus modestus,36,Plktiv,Pelagic,Thamnaconus,0.02089,2.92
Monacanthidae,Thamnaconus septentrionalis,23,Omnivr,Benthic,Thamnaconus,NA,NA
Moringuidae,Moringua abbreviata,33,FisCep,Benthic,Moringua,0.00102,3.06
Moringuidae,Moringua edwardsi,15,FisCep,Benthic,Moringua,0.00102,3.06
Moringuidae,Moringua ferruginea,140,FisCep,Benthic,Moringua,0.00102,3.06
Moringuidae,Moringua javanica,120,FisCep,Benthic,Moringua,0.00102,3.06
Moringuidae,Moringua microchir,47,FisCep,Benthic,Moringua,0.00102,3.06
Mullidae,Mulloidichthys ayliffe,24.5,InvMob,Benthic,Mulloidichthys,NA,NA
Mullidae,Mulloidichthys dentatus,31,InvMob,Benthic,Mulloidichthys,0.01023,3.1
Mullidae,Mulloidichthys flavolineatus,43,InvMob,Benthopelagic,Mulloidichthys,0.032665,2.834825
Mullidae,Mulloidichthys martinicus,39.4,InvMob,Benthopelagic,Mulloidichthys,0.01,3.0726
Mullidae,Mulloidichthys mimicus,30,InvMob,Benthic,Mulloidichthys,0.01023,3.1
Mullidae,Mulloidichthys pfluegeri,45,InvMob,Benthopelagic,Mulloidichthys,NA,NA
Mullidae,Mulloidichthys vanicolensis,38,InvMob,Benthopelagic,Mulloidichthys,0.021325,2.9636
Mullidae,Mullus argentinae,30,InvMob,Benthopelagic,Mullus,0.01023,3.1
Mullidae,Mullus auratus,25,InvMob,Benthopelagic,Mullus,NA,NA
Mullidae,Mullus surmuletus,49.8,InvMob,Benthopelagic,Mullus,0.008616774,3.173578871
Mullidae,Parupeneus barberinoides,30,InvMob,Benthic,Parupeneus,0.0138,3.13
Mullidae,Parupeneus barberinus,60,InvMob,Benthic,Parupeneus,0.00627,3.195
Mullidae,Parupeneus chrysonemus,19.6,InvMob,Benthic,Parupeneus,NA,NA
Mullidae,Parupeneus chrysopleuron,55,InvMob,Benthic,Parupeneus,0.0138,3.08
Mullidae,Parupeneus ciliatus,38,InvMob,Benthic,Parupeneus,0.01096,3.13
Mullidae,Parupeneus crassilabris,38,InvMob,Benthic,Parupeneus,0.01202,3.09
Mullidae,Parupeneus cyclostomus,50,FisCep,Benthic,Parupeneus,0.0123,3.09
Mullidae,Parupeneus diagonalis,16.5,InvMob,Benthic,Parupeneus,NA,NA
Mullidae,Parupeneus forsskali,28,InvMob,Benthic,Parupeneus,0.007,3.1699
Mullidae,Parupeneus forsskali,28,InvMob,Benthic,Parupeneus,0.007,3.1699
Mullidae,Parupeneus fraserorum,22.3,InvMob,Benthic,Parupeneus,NA,NA
Mullidae,Parupeneus heptacanthus,36,InvMob,Benthic,Parupeneus,0.009185,3.1275
Mullidae,Parupeneus indicus,45,InvMob,Benthic,Parupeneus,0.01175,3.1
Mullidae,Parupeneus insularis,30,InvMob,Benthic,Parupeneus,0.01122,3.13
Mullidae,Parupeneus jansenii,25,InvMob,Benthic,Parupeneus,NA,NA
Mullidae,Parupeneus macronemus,40,InvMob,Benthic,Parupeneus,0.006886667,3.262666667
Mullidae,Parupeneus margaritatus,23,InvMob,Benthic,Parupeneus,NA,NA
Mullidae,Parupeneus minys,10.65,InvMob,Benthic,Parupeneus,NA,NA
Mullidae,Parupeneus multifasciatus,35,InvMob,Benthic,Parupeneus,0.01288,3.1
Mullidae,Parupeneus nansen,13.9,InvMob,Benthic,Parupeneus,NA,NA
Mullidae,Parupeneus pleurostigma,33,InvMob,Benthic,Parupeneus,0.01202,3.09
Mullidae,Parupeneus porphyreus,51,InvMob,Benthic,Parupeneus,0.01526,3
Mullidae,Parupeneus posteli,15.2,InvMob,Benthic,Parupeneus,NA,NA
Mullidae,Parupeneus procerigena,19.84,InvMob,Benthic,Parupeneus,NA,NA
Mullidae,Parupeneus seychellensis,23,InvMob,Benthic,Parupeneus,NA,NA
Mullidae,Parupeneus spilurus,50,InvMob,Benthic,Parupeneus,0.01259,3.04
Mullidae,Parupeneus trifasciatus,35,InvMob,Benthic,Parupeneus,NA,NA
Mullidae,Pseudupeneus grandisquamis,30,InvMob,Benthic,Pseudupeneus,0.00585,3.30775
Mullidae,Pseudupeneus maculatus,30,InvMob,Benthic,Pseudupeneus,0.0049,3.3734
Mullidae,Pseudupeneus prayensis,63.7,InvMob,Benthic,Pseudupeneus,0.0198,2.965
Mullidae,Upeneichthys lineatus,40,InvMob,Benthic,Upeneichthys,0.01047,3.11
Mullidae,Upeneichthys stotti,17.9,InvMob,Benthic,Upeneichthys,NA,NA
Mullidae,Upeneichthys vlamingii,35,InvMob,Benthic,Upeneichthys,0.01023,3.1
Mullidae,Upeneus asymmetricus,30,InvMob,Benthic,Upeneus,NA,NA
Mullidae,Upeneus australiae,16,InvMob,Benthic,Upeneus,0.01023,3.1
Mullidae,Upeneus davidaromi,24,InvMob,Benthic,Upeneus,NA,NA
Mullidae,Upeneus francisi,7.22,InvMob,Benthic,Upeneus,NA,NA
Mullidae,Upeneus heemstra,15,InvMob,Benthic,Upeneus,0.00421,3.202
Mullidae,Upeneus japonicus,20,InvMob,Benthic,Upeneus,0.0159,2.9325
Mullidae,Upeneus luzonius,20,InvMob,Benthic,Upeneus,0.00955,3.09
Mullidae,Upeneus margarethae,11,InvMob,Benthic,Upeneus,NA,NA
Mullidae,Upeneus mascareinsis,18,InvMob,Benthic,Upeneus,NA,NA
Mullidae,Upeneus moluccensis,20,InvMob,Benthic,Upeneus,0.007144444,3.238222222
Mullidae,Upeneus mouthami,9.5,InvMob,Benthic,Upeneus,NA,NA
Mullidae,Upeneus oligospilus,17,InvMob,Benthic,Upeneus,NA,NA
Mullidae,Upeneus parvus,30,InvMob,Benthopelagic,Upeneus,0.013145,3.22925
Mullidae,Upeneus pori,19,InvMob,Benthic,Upeneus,0.009408333,3.04855
Mullidae,Upeneus quadrilineatus,17,InvMob,Benthic,Upeneus,NA,NA
Mullidae,Upeneus stenopsis,13.1,InvMob,Benthic,Upeneus,NA,NA
Mullidae,Upeneus suahelicus,13.5,InvMob,Benthic,Upeneus,NA,NA
Mullidae,Upeneus subvittatus,24.1,InvMob,Benthic,Upeneus,NA,NA
Mullidae,Upeneus sulphureus,23,InvMob,Benthic,Upeneus,0.0077,3.234333333
Mullidae,Upeneus sundaicus,22,InvMob,Benthic,Upeneus,NA,NA
Mullidae,Upeneus taeniopterus,33,InvMob,Benthic,Upeneus,0.01212,3
Mullidae,Upeneus tragula,25,InvMob,Benthic,Upeneus,0.022116667,2.904
Mullidae,Upeneus vittatus,28,InvMob,Benthic,Upeneus,0.009433333,3.178333333
Muraenidae,Anarchias allardicei,17,FisCep,Benthic,Anarchias,NA,NA
Muraenidae,Anarchias cantonensis,21.9,FisCep,Benthic,Anarchias,NA,NA
Muraenidae,Anarchias euryurus,25,FisCep,Benthic,Anarchias,NA,NA
Muraenidae,Anarchias galapagensis,17,FisCep,Benthic,Anarchias,NA,NA
Muraenidae,Anarchias leucurus,11.5,FisCep,Benthic,Anarchias,NA,NA
Muraenidae,Anarchias schultzi,15.9,FisCep,Benthic,Anarchias,NA,NA
Muraenidae,Anarchias similis,20,FisCep,Benthic,Anarchias,NA,NA
Muraenidae,Channomuraena vittata,150,FisCep,Benthic,Channomuraena,NA,NA
Muraenidae,Echidna amblyodon,20.5,FisCep,Benthic,Echidna,NA,NA
Muraenidae,Echidna catenata,165,FisCep,Benthic,Echidna,NA,NA
Muraenidae,Echidna delicatula,65,FisCep,Benthic,Echidna,NA,NA
Muraenidae,Echidna leucotaenia,75,FisCep,Benthic,Echidna,NA,NA
Muraenidae,Echidna nebulosa,100,FisCep,Benthic,Echidna,0.00034,3.32
Muraenidae,Echidna nocturna,71,FisCep,Benthic,Echidna,5.00E-04,3.26
Muraenidae,Echidna peli,100,FisCep,Benthic,Echidna,NA,NA
Muraenidae,Echidna polyzona,72.3,FisCep,Benthic,Echidna,NA,NA
Muraenidae,Echidna unicolor,40,FisCep,Benthic,Echidna,NA,NA
Muraenidae,Echidna xanthospilos,75,FisCep,Benthic,Echidna,NA,NA
Muraenidae,Enchelycore anatina,120,FisCep,Benthic,Enchelycore,NA,NA
Muraenidae,Enchelycore bayeri,70,FisCep,Benthic,Enchelycore,NA,NA
Muraenidae,Enchelycore carychroa,34,FisCep,Benthic,Enchelycore,NA,NA
Muraenidae,Enchelycore lichenosa,90,FisCep,Benthic,Enchelycore,0.00048,3.24
Muraenidae,Enchelycore nigricans,100,FisCep,Benthic,Enchelycore,NA,NA
Muraenidae,Enchelycore octaviana,91,FisCep,Benthic,Enchelycore,NA,NA
Muraenidae,Enchelycore pardalis,92,FisCep,Benthic,Enchelycore,NA,NA
Muraenidae,Enchelycore schismatorhynchus,120,FisCep,Benthic,Enchelycore,NA,NA
Muraenidae,Enchelynassa canina,250,FisCep,Benthic,Enchelynassa,NA,NA
Muraenidae,Gymnomuraena zebra,150,FisCep,Benthic,Gymnomuraena,5.00E-04,3.26
Muraenidae,Gymnothorax albimarginatus,105,FisCep,Benthic,Gymnothorax,NA,NA
Muraenidae,Gymnothorax angusticauda,50.3,FisCep,Benthic,Gymnothorax,NA,NA
Muraenidae,Gymnothorax annulatus,50.1,FisCep,Benthic,Gymnothorax,NA,NA
Muraenidae,Gymnothorax australicola,37.5,FisCep,Benthic,Gymnothorax,NA,NA
Muraenidae,Gymnothorax bacalladoi,34.7,FisCep,Benthic,Gymnothorax,NA,NA
Muraenidae,Gymnothorax berndti,100,FisCep,Benthic,Gymnothorax,NA,NA
Muraenidae,Gymnothorax breedeni,100,FisCep,Benthic,Gymnothorax,0.00048,3.28
Muraenidae,Gymnothorax buroensis,38.7,FisCep,Benthic,Gymnothorax,NA,NA
Muraenidae,Gymnothorax castaneus,150,FisCep,Benthic,Gymnothorax,0.00048,3.28
Muraenidae,Gymnothorax castlei,22.9,FisCep,Benthic,Gymnothorax,NA,NA
Muraenidae,Gymnothorax chilospilus,50.5,FisCep,Benthic,Gymnothorax,0.00054,3.24
Muraenidae,Gymnothorax chlamydatus,60,FisCep,Benthic,Gymnothorax,NA,NA
Muraenidae,Gymnothorax cribroris,75,FisCep,Benthic,Gymnothorax,0.00048,3.28
Muraenidae,Gymnothorax dorsalis,82.2,FisCep,Benthic,Gymnothorax,NA,NA
Muraenidae,Gymnothorax dovii,170,FisCep,Benthic,Gymnothorax,0.00048,3.28
Muraenidae,Gymnothorax elegans,64.7,FisCep,Benthic,Gymnothorax,NA,NA
Muraenidae,Gymnothorax enigmaticus,58,FisCep,Benthic,Gymnothorax,NA,NA
Muraenidae,Gymnothorax eurostus,60,FisCep,Benthic,Gymnothorax,0.00065,3.28
Muraenidae,Gymnothorax favagineus,300,FisCep,Benthic,Gymnothorax,0.00035,3.27
Muraenidae,Gymnothorax fimbriatus,100,FisCep,Benthic,Gymnothorax,4.00E-04,3.31
Muraenidae,Gymnothorax flavimarginatus,240,FisCep,Benthic,Gymnothorax,0.00035,3.35
Muraenidae,Gymnothorax funebris,250,FisCep,Benthic,Gymnothorax,0.00062,3.27
Muraenidae,Gymnothorax fuscomaculatus,20,FisCep,Benthic,Gymnothorax,NA,NA
Muraenidae,Gymnothorax gracilicauda,32,FisCep,Benthic,Gymnothorax,NA,NA
Muraenidae,Gymnothorax griseus,65,FisCep,Benthic,Gymnothorax,NA,NA
Muraenidae,Gymnothorax hepaticus,100,FisCep,Benthic,Gymnothorax,NA,NA
Muraenidae,Gymnothorax herrei,30,FisCep,Benthic,Gymnothorax,NA,NA
Muraenidae,Gymnothorax hubbsi,30,FisCep,Benthic,Gymnothorax,NA,NA
Muraenidae,Gymnothorax isingteena,180,FisCep,Benthic,Gymnothorax,0.00048,3.28
Muraenidae,Gymnothorax javanicus,300,FisCep,Benthic,Gymnothorax,0.00052,3.27
Muraenidae,Gymnothorax kidako,91.5,FisCep,Benthic,Gymnothorax,NA,NA
Muraenidae,Gymnothorax kontodontos,18,FisCep,Benthic,Gymnothorax,NA,NA
Muraenidae,Gymnothorax mareei,40,FisCep,Benthic,Gymnothorax,NA,NA
Muraenidae,Gymnothorax margaritophorus,70,FisCep,Benthic,Gymnothorax,NA,NA
Muraenidae,Gymnothorax marshallensis,18,FisCep,Benthic,Gymnothorax,NA,NA
Muraenidae,Gymnothorax melatremus,30,FisCep,Benthic,Gymnothorax,0.00048,3.28
Muraenidae,Gymnothorax meleagris,120,FisCep,Benthic,Gymnothorax,0.00058,3.32
Muraenidae,Gymnothorax microstictus,30,FisCep,Benthic,Gymnothorax,NA,NA
Muraenidae,Gymnothorax miliaris,70,FisCep,Benthic,Gymnothorax,0.00098,3.24
Muraenidae,Gymnothorax minor,54.5,FisCep,Benthic,Gymnothorax,NA,NA
Muraenidae,Gymnothorax moluccensis,45,FisCep,Benthic,Gymnothorax,NA,NA
Muraenidae,Gymnothorax monochrous,80,FisCep,Benthic,Gymnothorax,NA,NA
Muraenidae,Gymnothorax monostigma,65,FisCep,Benthic,Gymnothorax,NA,NA
Muraenidae,Gymnothorax mordax,152,FisCep,Benthic,Gymnothorax,NA,NA
Muraenidae,Gymnothorax moringa,200,FisCep,Benthic,Gymnothorax,0.00056,3.27
Muraenidae,Gymnothorax nigromarginatus,99,FisCep,Benthic,Gymnothorax,NA,NA
Muraenidae,Gymnothorax niphostigmus,75.7,FisCep,Benthic,Gymnothorax,NA,NA
Muraenidae,Gymnothorax nudivomer,180,FisCep,Benthic,Gymnothorax,NA,NA
Muraenidae,Gymnothorax ocellatus,90,FisCep,Benthic,Gymnothorax,NA,NA
Muraenidae,Gymnothorax panamensis,75,FisCep,Benthic,Gymnothorax,0.00052,3.27
Muraenidae,Gymnothorax phasmatodes,46,FisCep,Benthic,Gymnothorax,NA,NA
Muraenidae,Gymnothorax philippinus,60,FisCep,Benthic,Gymnothorax,NA,NA
Muraenidae,Gymnothorax pictus,140,FisCep,Benthic,Gymnothorax,0.00049,3.28
Muraenidae,Gymnothorax polygonius,98,FisCep,Benthic,Gymnothorax,NA,NA
Muraenidae,Gymnothorax porphyreus,103.2,FisCep,Benthic,Gymnothorax,0.00062,3.27
Muraenidae,Gymnothorax prasinus,91.5,FisCep,Benthic,Gymnothorax,0.00048,3.28
Muraenidae,Gymnothorax prismodon,49.7,FisCep,Benthic,Gymnothorax,NA,NA
Muraenidae,Gymnothorax pseudothyrsoideus,80,FisCep,Benthic,Gymnothorax,NA,NA
Muraenidae,Gymnothorax punctatofasciatus,50.5,FisCep,Benthic,Gymnothorax,NA,NA
Muraenidae,Gymnothorax punctatus,90,FisCep,Benthic,Gymnothorax,NA,NA
Muraenidae,Gymnothorax reevesii,70,FisCep,Benthic,Gymnothorax,NA,NA
Muraenidae,Gymnothorax reticularis,60,FisCep,Benthic,Gymnothorax,NA,NA
Muraenidae,Gymnothorax richardsonii,34,FisCep,Benthic,Gymnothorax,NA,NA
Muraenidae,Gymnothorax robinsi,18.2,FisCep,Benthic,Gymnothorax,NA,NA
Muraenidae,Gymnothorax rueppelliae,80,FisCep,Benthic,Gymnothorax,NA,NA
Muraenidae,Gymnothorax saxicola,60,FisCep,Benthic,Gymnothorax,NA,NA
Muraenidae,Gymnothorax steindachneri,91,FisCep,Benthic,Gymnothorax,NA,NA
Muraenidae,Gymnothorax taiwanensis,52.3,FisCep,Benthic,Gymnothorax,NA,NA
Muraenidae,Gymnothorax thyrsoideus,66,FisCep,Benthic,Gymnothorax,0.00033,3.3
Muraenidae,Gymnothorax undulatus,150,FisCep,Benthic,Gymnothorax,0.00065,3.28
Muraenidae,Gymnothorax unicolor,100,FisCep,Benthic,Gymnothorax,0.00048,3.28
Muraenidae,Gymnothorax vicinus,132,FisCep,Benthic,Gymnothorax,NA,NA
Muraenidae,Gymnothorax zonipectis,50,FisCep,Benthic,Gymnothorax,0.00056,3.21
Muraenidae,Monopenchelys acuta,20.9,FisCep,Benthic,Monopenchelys,NA,NA
Muraenidae,Muraena argus,120,FisCep,Benthic,Muraena,5.00E-04,3.26
Muraenidae,Muraena augusti,90,InvMob,Benthic,Muraena,0.00079,3.2466
Muraenidae,Muraena clepsydra,120,FisCep,Benthic,Muraena,5.00E-04,3.26
Muraenidae,Muraena helena,150,FisCep,Benthic,Muraena,0.00056,3.27
Muraenidae,Muraena lentiginosa,61,FisCep,Benthic,Muraena,5.00E-04,3.26
Muraenidae,Muraena melanotis,100,FisCep,Benthic,Muraena,NA,NA
Muraenidae,Muraena pavonina,51.2,FisCep,Benthic,Muraena,NA,NA
Muraenidae,Muraena retifera,60,FisCep,Benthic,Muraena,NA,NA
Muraenidae,Muraena robusta,150,FisCep,Benthic,Muraena,NA,NA
Muraenidae,Pseudechidna brummeri,103,FisCep,Benthic,Pseudechidna,NA,NA
Muraenidae,Rhinomuraena quaesita,130,FisCep,Benthic,Rhinomuraena,5.00E-04,3.26
Muraenidae,Scuticaria okinawae,90.5,FisCep,Benthic,Scuticaria,NA,NA
Muraenidae,Scuticaria tigrina,140,FisCep,Benthic,Scuticaria,NA,NA
Muraenidae,Strophidon sathete,400,FisCep,Benthic,Strophidon,NA,NA
Muraenidae,Uropterygius alboguttata,62,FisCep,Benthic,Uropterygius,0.00069,3.12
Muraenidae,Uropterygius alboguttatus,62,FisCep,Benthic,Uropterygius,0.00069,3.12
Muraenidae,Uropterygius concolor,50,FisCep,Benthic,Uropterygius,NA,NA
Muraenidae,Uropterygius fasciolatus,53,FisCep,Benthic,Uropterygius,NA,NA
Muraenidae,Uropterygius fuscoguttatus,30,FisCep,Benthic,Uropterygius,0.00069,3.12
Muraenidae,Uropterygius inornatus,19,FisCep,Benthic,Uropterygius,NA,NA
Muraenidae,Uropterygius kamar,37,FisCep,Benthic,Uropterygius,NA,NA
Muraenidae,Uropterygius macrocephalus,47,FisCep,Benthic,Uropterygius,NA,NA
Muraenidae,Uropterygius macularius,30,FisCep,Benthic,Uropterygius,NA,NA
Muraenidae,Uropterygius marmoratus,62,FisCep,Benthic,Uropterygius,NA,NA
Muraenidae,Uropterygius micropterus,30,FisCep,Benthic,Uropterygius,NA,NA
Muraenidae,Uropterygius nagoensis,71.3,FisCep,Benthic,Uropterygius,0.00069,3.12
Muraenidae,Uropterygius oligospondylus,53.5,FisCep,Benthic,Uropterygius,NA,NA
Muraenidae,Uropterygius polyspilus,78,FisCep,Benthic,Uropterygius,NA,NA
Muraenidae,Uropterygius polystictus,72,FisCep,Benthic,Uropterygius,NA,NA
Muraenidae,Uropterygius supraforatus,40,FisCep,Benthic,Uropterygius,NA,NA
Muraenidae,Uropterygius versutus,56,FisCep,Benthic,Uropterygius,NA,NA
Muraenidae,Uropterygius xanthopterus,62,FisCep,Benthic,Uropterygius,NA,NA
Muraenidae,Uropterygius xenodontus,53,FisCep,Benthic,Uropterygius,NA,NA
Nemipteridae,Nemipterus furcosus,24,InvMob,Benthic,Nemipterus,0.01354,2.945
Nemipteridae,Nemipterus japonicus,32,InvMob,Benthic,Nemipterus,0.028191,2.8486
Nemipteridae,Nemipterus peronii,32,InvMob,Benthic,Nemipterus,0.011,3.04
Nemipteridae,Nemipterus peronii,32,InvMob,Benthic,Nemipterus,0.011,3.04
Nemipteridae,Nemipterus randalli,25,InvMob,Benthic,Nemipterus,0.020175,2.817075
Nemipteridae,Nemipterus vitiensis,22,InvMob,Benthopelagic,Nemipterus,NA,NA
Nemipteridae,Nemipterus zysron,29.7,InvMob,Benthic,Nemipterus,0.01778,2.97
Nemipteridae,Pentapodus aureofasciatus,25,InvMob,Pelagic,Pentapodus,0.01479,2.98
Nemipteridae,Pentapodus bifasciatus,20,InvMob,Pelagic,Pentapodus,NA,NA
Nemipteridae,Pentapodus caninus,35,InvMob,Pelagic,Pentapodus,0.0182,2.94
Nemipteridae,Pentapodus emeryii,35,InvMob,Pelagic,Pentapodus,0.01479,2.98
Nemipteridae,Pentapodus nagasakiensis,20,InvMob,Pelagic,Pentapodus,NA,NA
Nemipteridae,Pentapodus paradiseus,30,InvMob,Pelagic,Pentapodus,0.01479,2.98
Nemipteridae,Pentapodus porosus,27,InvMob,Pelagic,Pentapodus,0.01479,2.98
Nemipteridae,Pentapodus setosus,18,InvMob,Pelagic,Pentapodus,NA,NA
Nemipteridae,Pentapodus trivittatus,28,InvMob,Pelagic,Pentapodus,0.0195,3.02
Nemipteridae,Scaevius milii,20,InvMob,Benthic,Scaevius,0.01479,2.98
Nemipteridae,Scolopsis affinis,24,InvMob,Benthic,Scolopsis,0.01622,2.99
Nemipteridae,Scolopsis aurata,26,InvMob,Benthic,Scolopsis,0.01622,2.99
Nemipteridae,Scolopsis bilineata,23,InvMob,Benthic,Scolopsis,0.0138,3.06
Nemipteridae,Scolopsis bimaculata,31,InvMob,Benthic,Scolopsis,NA,NA
Nemipteridae,Scolopsis ciliata,25,InvMob,Benthic,Scolopsis,0.0182,3.06
Nemipteridae,Scolopsis frenata,26,InvMob,Benthopelagic,Scolopsis,NA,NA
Nemipteridae,Scolopsis ghanam,30,InvMob,Benthic,Scolopsis,0.01622,2.99
Nemipteridae,Scolopsis lineata,23,InvMob,Benthic,Scolopsis,0.0166,2.98
Nemipteridae,Scolopsis margaritifera,28,InvMob,Benthic,Scolopsis,NA,NA
Nemipteridae,Scolopsis monogramma,31,InvMob,Benthic,Scolopsis,0.0195,3.03
Nemipteridae,Scolopsis taeniata,36,InvMob,Benthic,Scolopsis,0.01738,2.98
Nemipteridae,Scolopsis taenioptera,39.1,InvMob,Benthic,Scolopsis,0.00542,3.28
Nemipteridae,Scolopsis temporalis,35,InvMob,Benthic,Scolopsis,0.01514,2.96
Nemipteridae,Scolopsis trilineata,25,InvMob,Benthic,Scolopsis,0.01622,2.99
Nemipteridae,Scolopsis vosmeri,25,InvMob,Benthic,Scolopsis,0.01549,3.03
Opistognathidae,Opistognathus aurifrons,10,Plktiv,Benthic,Opistognathus,0.00389,3.12
Opistognathidae,Opistognathus brasiliensis,12.92,InvMob,Benthic,Opistognathus,NA,NA
Opistognathidae,Opistognathus cyanospilotus,13,Plktiv,Benthic,Opistognathus,NA,NA
Opistognathidae,Opistognathus darwiniensis,50,InvMob,Benthic,Opistognathus,0.00389,3.12
Opistognathidae,Opistognathus dendriticus,28,InvMob,Benthic,Opistognathus,NA,NA
Opistognathidae,Opistognathus fenmutis,27.1,InvMob,Benthic,Opistognathus,NA,NA
Opistognathidae,Opistognathus macrognathus,20,FisCep,Benthic,Opistognathus,NA,NA
Opistognathidae,Opistognathus maxillosus,13,InvMob,Benthic,Opistognathus,NA,NA
Opistognathidae,Opistognathus muscatensis,45,InvMob,Benthic,Opistognathus,NA,NA
Opistognathidae,Opistognathus papuensis,40,InvMob,Benthic,Opistognathus,NA,NA
Opistognathidae,Opistognathus rosenbergii,14,Plktiv,Benthic,Opistognathus,NA,NA
Opistognathidae,Opistognathus signatus,8.91,InvMob,Benthic,Opistognathus,NA,NA
Opistognathidae,Opistognathus solorensis,4.8,Plktiv,Benthic,Opistognathus,NA,NA
Opistognathidae,Opistognathus variabilis,9.62,Plktiv,Benthic,Opistognathus,NA,NA
Opistognathidae,Opistognathus whitehursti,14,InvMob,Benthic,Opistognathus,NA,NA
Opistognathidae,Stalix dicra,3.9,InvMob,Benthic,Stalix,NA,NA
Opistognathidae,Stalix moenensis,7.2,InvMob,Benthic,Stalix,NA,NA
Opistognathidae,Stalix versluysi,3.8,InvMob,Benthic,Stalix,NA,NA
Ostraciidae,Acanthostracion guineensis,18,InvSes,Benthopelagic,Acanthostracion,NA,NA
Ostraciidae,Acanthostracion notacanthus,50,InvSes,Benthopelagic,Acanthostracion,NA,NA
Ostraciidae,Acanthostracion polygonius,50,InvSes,Benthopelagic,Acanthostracion,0.02818,2.83
Ostraciidae,Acanthostracion quadricornis,55,InvSes,Benthic,Acanthostracion,0.04074,2.7
Ostraciidae,Anoplocapros amygdaloides,30,Omnivr,Benthic,Anoplocapros,0.01995,3.01
Ostraciidae,Aracana aurita,20,Omnivr,Benthic,Aracana,0.01995,3.01
Ostraciidae,Aracana ornata,15,Omnivr,Benthic,Aracana,0.01995,3.01
Ostraciidae,Kentrocapros flavofasciatus,14.59,Omnivr,Benthic,Kentrocapros,NA,NA
Ostraciidae,Lactophrys bicaudalis,48,Omnivr,Benthopelagic,Lactophrys,0.03548,2.81
Ostraciidae,Lactophrys trigonus,55,Omnivr,Benthopelagic,Lactophrys,0.03548,2.81
Ostraciidae,Lactoria cornuta,46,Omnivr,Benthic,Lactoria,0.02042,2.77
Ostraciidae,Lactoria diaphana,34,Omnivr,Benthic,Lactoria,0.03548,2.81
Ostraciidae,Lactoria fornasini,23,Omnivr,Benthic,Lactoria,0.03548,2.81
Ostraciidae,Ostracion cubicus,45,Omnivr,Benthopelagic,Ostracion,0.027393333,2.886666667
Ostraciidae,Ostracion cyanurus,15,Omnivr,Benthic,Ostracion,0.01122,3.04
Ostraciidae,Ostracion meleagris,35,InvSes,Benthopelagic,Ostracion,0.03548,2.81
Ostraciidae,Ostracion rhinorhynchos,35,Omnivr,Benthic,Ostracion,NA,NA
Ostraciidae,Ostracion solorensis,12,Omnivr,Benthic,Ostracion,0.027393333,2.886666667
Ostraciidae,Ostracion trachys,11,Omnivr,Benthic,Ostracion,NA,NA
Ostraciidae,Ostracion whitleyi,15.5,Omnivr,Benthic,Ostracion,0.03548,2.81
Ostraciidae,Rhynchostracion nasus,30,Omnivr,Benthic,Rhynchostracion,0.03548,2.81
Ostraciidae,Tetrosomus concatenatus,30,Omnivr,Benthic,Tetrosomus,NA,NA
Ostraciidae,Tetrosomus gibbosus,30,Omnivr,Benthic,Tetrosomus,NA,NA
Pempheridae,Parapriacanthus dispar,16,InvMob,Benthopelagic,Parapriacanthus,0.01479,3.02
Pempheridae,Parapriacanthus elongatus,14,InvMob,Benthopelagic,Parapriacanthus,0.01122,3.04
Pempheridae,Parapriacanthus ransonneti,10,Plktiv,Benthopelagic,Parapriacanthus,0.01479,3.02
Pempheridae,Pempheris adspersa,15,Plktiv,Benthopelagic,Pempheris,0.00776,3.127
Pempheridae,Pempheris adusta,17,Plktiv,Benthopelagic,Pempheris,0.01585,3
Pempheridae,Pempheris analis,20,Plktiv,Benthopelagic,Pempheris,0.01288,3.03
Pempheridae,Pempheris compressa,20,Plktiv,Benthopelagic,Pempheris,0.01288,3.03
Pempheridae,Pempheris japonica,18,InvMob,Benthopelagic,Pempheris,NA,NA
Pempheridae,Pempheris klunzingeri,18,InvMob,Benthopelagic,Pempheris,0.01288,3.03
Pempheridae,Pempheris mangula,16,Plktiv,Benthopelagic,Pempheris,0.01288,3.03
Pempheridae,Pempheris molucca,15,Plktiv,Benthopelagic,Pempheris,0.01288,3.03
Pempheridae,Pempheris multiradiata,28,Plktiv,Benthopelagic,Pempheris,0.01288,3.03
Pempheridae,Pempheris otaitensis,13.1,Plktiv,Benthopelagic,Pempheris,NA,NA
Pempheridae,Pempheris oualensis,22,Plktiv,Benthopelagic,Pempheris,0.01259,3.02
Pempheridae,Pempheris schomburgkii,15,Plktiv,Benthopelagic,Pempheris,0.0138,2.98
Pempheridae,Pempheris schwenkii,15,Plktiv,Benthopelagic,Pempheris,0.01585,3
Pempheridae,Pempheris vanicolensis,20,Plktiv,Benthopelagic,Pempheris,0.01202,3.03
Pempheridae,Pempheris ypsilychnus,12.06,Plktiv,Benthopelagic,Pempheris,NA,NA
Pentacerotidae,Evistias acutirostris,90,InvMob,Benthopelagic,Evistias,0.01995,3.01
Pentacerotidae,Histiopterus typus,42,InvMob,Benthopelagic,Histiopterus,NA,NA
Pentacerotidae,Pentaceropsis recurvirostris,50,InvMob,Benthopelagic,Pentaceropsis,0.01995,3.01
Pentacerotidae,Pentaceros decacanthus,25.5,InvMob,Benthopelagic,Pentaceros,NA,NA
Pinguipedidae,Parapercis alboguttata,27,FisCep,Benthic,Parapercis,NA,NA
Pinguipedidae,Parapercis australis,11.6,FisCep,Benthic,Parapercis,0.00692,3.06
Pinguipedidae,Parapercis clathrata,24,InvMob,Benthic,Parapercis,0.00646,3.1
Pinguipedidae,Parapercis colemani,8.22,FisCep,Benthic,Parapercis,NA,NA
Pinguipedidae,Parapercis colias,45,FisCep,Benthic,Parapercis,0.010723333,3.133
Pinguipedidae,Parapercis cylindrica,23,InvMob,Benthic,Parapercis,0.0143,2.95
Pinguipedidae,Parapercis diplospilus,10,FisCep,Benthic,Parapercis,NA,NA
Pinguipedidae,Parapercis dockinsi,17.2,FisCep,Benthic,Parapercis,NA,NA
Pinguipedidae,Parapercis filamentosa,18,FisCep,Benthic,Parapercis,NA,NA
Pinguipedidae,Parapercis haackei,10,FisCep,Benthic,Parapercis,0.00692,3.06
Pinguipedidae,Parapercis hexophtalma,29,InvMob,Benthic,Parapercis,0.00759,3.14
Pinguipedidae,Parapercis lata,21.2,FisCep,Benthic,Parapercis,NA,NA
Pinguipedidae,Parapercis lineopunctata,8.7,FisCep,Benthic,Parapercis,0.00692,3.06
Pinguipedidae,Parapercis maculata,20,FisCep,Benthic,Parapercis,NA,NA
Pinguipedidae,Parapercis millepunctata,18,InvMob,Benthic,Parapercis,0.00692,3.06
Pinguipedidae,Parapercis multiplicata,15,FisCep,Benthic,Parapercis,0.00692,3.06
Pinguipedidae,Parapercis nebulosa,25,FisCep,Benthic,Parapercis,NA,NA
Pinguipedidae,Parapercis pacifica,18.58,FisCep,Benthic,Parapercis,0.00692,3.06
Pinguipedidae,Parapercis pulchella,20,FisCep,Benthic,Parapercis,NA,NA
Pinguipedidae,Parapercis punctulata,13,FisCep,Benthic,Parapercis,NA,NA
Pinguipedidae,Parapercis queenslandica,23.7,FisCep,Benthic,Parapercis,0.00692,3.06
Pinguipedidae,Parapercis robinsoni,30,FisCep,Benthic,Parapercis,NA,NA
Pinguipedidae,Parapercis sagma,7.16,FisCep,Benthic,Parapercis,NA,NA
Pinguipedidae,Parapercis schauinslandii,18,FisCep,Benthic,Parapercis,0.00692,3.06
Pinguipedidae,Parapercis sexfasciata,12,FisCep,Benthic,Parapercis,NA,NA
Pinguipedidae,Parapercis snyderi,11,FisCep,Benthic,Parapercis,0.00692,3.06
Pinguipedidae,Parapercis striolata,20,FisCep,Benthic,Parapercis,NA,NA
Pinguipedidae,Parapercis tetracantha,26,FisCep,Benthic,Parapercis,0.00692,3.06
Pinguipedidae,Parapercis xanthogramma,17.44,FisCep,Benthic,Parapercis,0.00692,3.06
Pinguipedidae,Parapercis xanthozona,23,FisCep,Benthic,Parapercis,0.00676,3.03
Pinguipedidae,Pinguipes brasilianus,70,FisCep,Benthic,Pinguipes,0.00741,3.12
Pinguipedidae,Pseudopercis numida,120,FisCep,Benthic,Pseudopercis,NA,NA
Pinguipedidae,Pseudopercis semifasciata,100,FisCep,Benthic,Pseudopercis,0.00933,3.03
Pinguipedidae,Ryukyupercis gushikeni,30,FisCep,Benthic,Ryukyupercis,NA,NA
Platycephalidae,Cociella crocodilus,50,FisCep,Benthic,Cociella,NA,NA
Platycephalidae,Cociella punctata,35,FisCep,Benthic,Cociella,NA,NA
Platycephalidae,Cymbacephalus beauforti,50,FisCep,Benthic,Cymbacephalus,0.00562,3.09
Platycephalidae,Cymbacephalus bosschei,45,FisCep,Benthic,Cymbacephalus,NA,NA
Platycephalidae,Cymbacephalus nematophthalmus,58,FisCep,Benthic,Cymbacephalus,NA,NA
Platycephalidae,Leviprora inops,29.2,FisCep,Benthic,Leviprora,0.01,3.04
Platycephalidae,Onigocia bimacula,11.88,InvMob,Benthic,Onigocia,0.01,3.04
Platycephalidae,Onigocia bimaculata,11.88,InvMob,Benthic,Onigocia,0.01,3.04
Platycephalidae,Onigocia oligolepis,10,InvMob,Benthic,Onigocia,NA,NA
Platycephalidae,Onigocia pedimacula,11,InvMob,Benthic,Onigocia,NA,NA
Platycephalidae,Papilloculiceps longiceps,70,FisCep,Benthic,Papilloculiceps,NA,NA
Platycephalidae,Platycephalus fuscus,120,FisCep,Benthic,Platycephalus,0.00776,3.09
Platycephalidae,Platycephalus indicus,100,FisCep,Benthic,Platycephalus,0.005846667,3.104983333
Platycephalidae,Platycephalus indicus,100,FisCep,Benthic,Platycephalus,0.005846667,3.104983333
Platycephalidae,Rogadius fehlmanni,11.2,FisCep,Benthic,Rogadius,NA,NA
Platycephalidae,Rogadius serratus,24,FisCep,Benthic,Rogadius,NA,NA
Platycephalidae,Rogadius welanderi,13,FisCep,Benthic,Rogadius,NA,NA
Platycephalidae,Sunagocia arenicola,37,FisCep,Benthic,Sunagocia,NA,NA
Platycephalidae,Sunagocia otaitensis,30,FisCep,Benthic,Sunagocia,NA,NA
Platycephalidae,Thysanophrys celebica,20,FisCep,Benthic,Thysanophrys,NA,NA
Platycephalidae,Thysanophrys chiltonae,25,FisCep,Benthic,Thysanophrys,NA,NA
Platycephalidae,Thysanophrys cirronasa,38,FisCep,Benthic,Thysanophrys,0.006032143,3.069242857
Platycephalidae,Thysanophrys randalli,9.9,FisCep,Benthic,Thysanophrys,NA,NA
Platycephalidae,Thysanophrys springeri,8.9,FisCep,Benthic,Thysanophrys,NA,NA
Plesiopidae,Acanthoplesiops echinatus,4,InvMob,Benthic,Acanthoplesiops,NA,NA
Plesiopidae,Acanthoplesiops hiatti,2.4,InvMob,Benthic,Acanthoplesiops,NA,NA
Plesiopidae,Acanthoplesiops indicus,5,InvMob,Benthic,Acanthoplesiops,NA,NA
Plesiopidae,Acanthoplesiops psilogaster,2.26,InvMob,Benthic,Acanthoplesiops,NA,NA
Plesiopidae,Assessor flavissimus,6,Omnivr,Benthic,Assessor,0.00468,3.18
Plesiopidae,Assessor macneilli,6,Omnivr,Benthic,Assessor,0.01096,2.98
Plesiopidae,Beliops batanensis,2.4,InvMob,Benthic,Beliops,NA,NA
Plesiopidae,Belonepterygion fasciolatum,5,InvMob,Benthic,Belonepterygion,NA,NA
Plesiopidae,Calloplesiops altivelis,20,InvMob,Benthic,Calloplesiops,0.01995,3.01
Plesiopidae,Notograptus gregoryi,10,InvMob,Benthic,Notograptus,NA,NA
Plesiopidae,Notograptus guttatus,10.6,InvMob,Benthic,Notograptus,NA,NA
Plesiopidae,Paraplesiops meleagris,33,FisCep,Benthic,Paraplesiops,0.00468,3.18
Plesiopidae,Paraplesiops poweri,8.3,InvMob,Benthic,Paraplesiops,0.01096,2.98
Plesiopidae,Paraplesiops sinclairi,22,FisCep,Benthic,Paraplesiops,NA,NA
Plesiopidae,Plesiops auritus,7.59,InvMob,Benthic,Plesiops,NA,NA
Plesiopidae,Plesiops cephalotaenia,7.7,InvMob,Benthic,Plesiops,NA,NA
Plesiopidae,Plesiops coeruleolineatus,10,InvMob,Benthic,Plesiops,NA,NA
Plesiopidae,Plesiops corallicola,18,InvMob,Benthic,Plesiops,NA,NA
Plesiopidae,Plesiops gracilis,7,InvMob,Benthic,Plesiops,NA,NA
Plesiopidae,Plesiops insularis,9.82,InvMob,Benthic,Plesiops,0.01096,2.98
Plesiopidae,Plesiops mystaxus,9,InvMob,Benthic,Plesiops,NA,NA
Plesiopidae,Plesiops nigricans,17,InvMob,Benthic,Plesiops,NA,NA
Plesiopidae,Plesiops oxycephalus,6,InvMob,Benthic,Plesiops,NA,NA
Plesiopidae,Plesiops polydactylus,4.58,InvMob,Benthic,Plesiops,NA,NA
Plesiopidae,Plesiops verecundus,9.45,InvMob,Benthic,Plesiops,NA,NA
Plesiopidae,Steeneichthys nativitatus,3.2,InvMob,Benthic,Steeneichthys,NA,NA
Plesiopidae,Steeneichthys plesiopsus,3,InvMob,Benthic,Steeneichthys,NA,NA
Plesiopidae,Trachinops brauni,8,FisCep,Benthic,Trachinops,0.00468,3.18
Pomacanthidae,Apolemichthys arcuatus,18,InvSes,Benthic,Apolemichthys,NA,NA
Pomacanthidae,Apolemichthys griffisi,30,InvSes,Benthic,Apolemichthys,NA,NA
Pomacanthidae,Apolemichthys guezei,15,InvSes,Benthic,Apolemichthys,NA,NA
Pomacanthidae,Apolemichthys kingi,21,InvSes,Benthic,Apolemichthys,NA,NA
Pomacanthidae,Apolemichthys trimaculatus,26,InvSes,Benthic,Apolemichthys,0.03236,2.89
Pomacanthidae,Apolemichthys xanthopunctatus,25,InvSes,Benthic,Apolemichthys,NA,NA
Pomacanthidae,Apolemichthys xanthotis,20,Omnivr,Benthic,Apolemichthys,0.03236,2.89
Pomacanthidae,Apolemichthys xanthurus,15,InvSes,Benthic,Apolemichthys,NA,NA
Pomacanthidae,Centropyge abei,9.08,HerDet,Benthic,Centropyge,NA,NA
Pomacanthidae,Centropyge acanthops,8,HerDet,Benthic,Centropyge,0.03236,2.89
Pomacanthidae,Centropyge argi,8,HerDet,Benthic,Centropyge,0.03236,2.89
Pomacanthidae,Centropyge aurantia,10,HerDet,Benthic,Centropyge,NA,NA
Pomacanthidae,Centropyge aurantonotus,7.5,HerDet,Benthic,Centropyge,NA,NA
Pomacanthidae,Centropyge bicolor,15,HerDet,Benthic,Centropyge,0.02107,3
Pomacanthidae,Centropyge bispinosa,10,HerDet,Benthic,Centropyge,0.131,2.26
Pomacanthidae,Centropyge boylei,7,HerDet,Benthic,Centropyge,NA,NA
Pomacanthidae,Centropyge colini,9,HerDet,Benthic,Centropyge,NA,NA
Pomacanthidae,Centropyge debelius,9,HerDet,Benthic,Centropyge,NA,NA
Pomacanthidae,Centropyge eibli,15,HerDet,Benthic,Centropyge,0.03236,2.89
Pomacanthidae,Centropyge ferrugata,10,HerDet,Benthic,Centropyge,0.03236,2.89
Pomacanthidae,Centropyge fisheri,8.4,HerDet,Benthic,Centropyge,0.02818,2.81
Pomacanthidae,Centropyge flavipectoralis,10,HerDet,Benthic,Centropyge,NA,NA
Pomacanthidae,Centropyge flavissima,14,HerDet,Benthic,Centropyge,0.03388,2.93
Pomacanthidae,Centropyge heraldi,12,HerDet,Benthic,Centropyge,0.03236,2.89
Pomacanthidae,Centropyge hotumatua,10,HerDet,Benthic,Centropyge,0.03236,2.89
Pomacanthidae,Centropyge interrupta,15,HerDet,Benthic,Centropyge,NA,NA
Pomacanthidae,Centropyge joculator,9,HerDet,Benthic,Centropyge,0.03236,2.89
Pomacanthidae,Centropyge loricula,15,HerDet,Benthic,Centropyge,0.038214,2.85
Pomacanthidae,Centropyge loriculus,15,HerDet,Benthic,Centropyge,NA,NA
Pomacanthidae,Centropyge multicolor,9,HerDet,Benthic,Centropyge,NA,NA
Pomacanthidae,Centropyge multispinis,14,HerDet,Benthic,Centropyge,0.03236,2.89
Pomacanthidae,Centropyge nahackyi,9,HerDet,Benthic,Centropyge,NA,NA
Pomacanthidae,Centropyge narcosis,5.51,HerDet,Benthic,Centropyge,NA,NA
Pomacanthidae,Centropyge nigriocella,6,HerDet,Benthic,Centropyge,NA,NA
Pomacanthidae,Centropyge nox,10,HerDet,Benthic,Centropyge,0.03236,2.89
Pomacanthidae,Centropyge potteri,10,HerDet,Benthic,Centropyge,NA,NA
Pomacanthidae,Centropyge resplendens,6,HerDet,Benthic,Centropyge,NA,NA
Pomacanthidae,Centropyge shepardi,9,HerDet,Benthic,Centropyge,NA,NA
Pomacanthidae,Centropyge tibicen,19,HerDet,Benthic,Centropyge,0.03548,2.85
Pomacanthidae,Centropyge venusta,12,HerDet,Benthic,Centropyge,NA,NA
Pomacanthidae,Centropyge vrolikii,12,HerDet,Benthic,Centropyge,0.03236,2.89
Pomacanthidae,Chaetodontoplus caeruleopunctatus,20,InvSes,Benthic,Chaetodontoplus,NA,NA
Pomacanthidae,Chaetodontoplus chrysocephalus,22,InvSes,Benthic,Chaetodontoplus,NA,NA
Pomacanthidae,Chaetodontoplus conspicillatus,10,InvSes,Benthic,Chaetodontoplus,0.03236,2.89
Pomacanthidae,Chaetodontoplus dimidiatus,22,InvSes,Benthic,Chaetodontoplus,NA,NA
Pomacanthidae,Chaetodontoplus duboulayi,28,InvSes,Benthic,Chaetodontoplus,0.03236,2.89
Pomacanthidae,Chaetodontoplus melanosoma,20,InvSes,Benthic,Chaetodontoplus,NA,NA
Pomacanthidae,Chaetodontoplus meredithi,25,InvSes,Benthic,Chaetodontoplus,0.03236,2.89
Pomacanthidae,Chaetodontoplus mesoleucus,18,Omnivr,Benthic,Chaetodontoplus,0.03236,2.89
Pomacanthidae,Chaetodontoplus niger,25,InvSes,Benthic,Chaetodontoplus,NA,NA
Pomacanthidae,Chaetodontoplus personifer,35,InvSes,Benthic,Chaetodontoplus,0.03236,2.89
Pomacanthidae,Chaetodontoplus poliourus,8.6,InvSes,Benthic,Chaetodontoplus,NA,NA
Pomacanthidae,Chaetodontoplus septentrionalis,22,InvSes,Benthic,Chaetodontoplus,0.03236,2.89
Pomacanthidae,Chaetodontoplus vanderloosi,12.52,InvSes,Benthic,Chaetodontoplus,NA,NA
Pomacanthidae,Genicanthus bellus,18,Plktiv,Benthopelagic,Genicanthus,NA,NA
Pomacanthidae,Genicanthus caudovittatus,20,Plktiv,Benthopelagic,Genicanthus,0.01122,3.04
Pomacanthidae,Genicanthus lamarck,25,Plktiv,Pelagic,Genicanthus,0.03236,2.89
Pomacanthidae,Genicanthus melanospilos,18,Plktiv,Benthopelagic,Genicanthus,0.03236,2.89
Pomacanthidae,Genicanthus personatus,21,Plktiv,Benthopelagic,Genicanthus,NA,NA
Pomacanthidae,Genicanthus semicinctus,21,Plktiv,Benthopelagic,Genicanthus,0.03236,2.89
Pomacanthidae,Genicanthus semifasciatus,21,Plktiv,Benthopelagic,Genicanthus,NA,NA
Pomacanthidae,Genicanthus spinus,35,Plktiv,Benthopelagic,Genicanthus,NA,NA
Pomacanthidae,Genicanthus takeuchii,25,Plktiv,Benthopelagic,Genicanthus,NA,NA
Pomacanthidae,Genicanthus watanabei,15,Plktiv,Benthopelagic,Genicanthus,0.03236,2.89
Pomacanthidae,Holacanthus africanus,45,Omnivr,Benthopelagic,Holacanthus,NA,NA
Pomacanthidae,Holacanthus bermudensis,45,Omnivr,Benthopelagic,Holacanthus,0.03162,2.88
Pomacanthidae,Holacanthus ciliaris,45,InvSes,Benthopelagic,Holacanthus,0.03236,2.88
Pomacanthidae,Holacanthus clarionensis,20,InvSes,Benthic,Holacanthus,NA,NA
Pomacanthidae,Holacanthus limbaughi,25,InvSes,Benthic,Holacanthus,NA,NA
Pomacanthidae,Holacanthus passer,35.6,InvSes,Benthic,Holacanthus,0.06755,2.851
Pomacanthidae,Holacanthus tricolor,35,InvSes,Benthopelagic,Holacanthus,0.03467,2.9
Pomacanthidae,Paracentropyge multifasciata,12,HerDet,Benthic,Paracentropyge,0.03236,2.89
Pomacanthidae,Pomacanthus annularis,45,InvSes,Benthic,Pomacanthus,NA,NA
Pomacanthidae,Pomacanthus arcuatus,60,InvSes,Benthopelagic,Pomacanthus,0.0344,2.968
Pomacanthidae,Pomacanthus asfur,40,InvSes,Benthic,Pomacanthus,NA,NA
Pomacanthidae,Pomacanthus chrysurus,33,InvSes,Benthic,Pomacanthus,NA,NA
Pomacanthidae,Pomacanthus imperator,45,InvSes,Benthic,Pomacanthus,0.04677,2.9
Pomacanthidae,Pomacanthus maculosus,60.7,Omnivr,Benthopelagic,Pomacanthus,0.0385,2.911
Pomacanthidae,Pomacanthus navarchus,28,InvSes,Benthic,Pomacanthus,0.03802,2.88
Pomacanthidae,Pomacanthus paru,41.1,Omnivr,Benthopelagic,Pomacanthus,0.06975,2.96
Pomacanthidae,Pomacanthus rhomboides,46,InvSes,Benthic,Pomacanthus,NA,NA
Pomacanthidae,Pomacanthus semicirculatus,48.9,Omnivr,Benthopelagic,Pomacanthus,0.03802,2.88
Pomacanthidae,Pomacanthus sexstriatus,46,Omnivr,Benthic,Pomacanthus,0.02924,3
Pomacanthidae,Pomacanthus xanthometopon,38,Omnivr,Benthopelagic,Pomacanthus,0.03802,2.88
Pomacanthidae,Pomacanthus zonipectus,46,InvSes,Benthic,Pomacanthus,0.03802,2.88
Pomacanthidae,Pygoplites diacanthus,30.9,InvSes,Benthic,Pygoplites,0.03236,2.89
Pomacentridae,Abudefduf abdominalis,30,Plktiv,Benthopelagic,Abudefduf,0.0263,3.11
Pomacentridae,Abudefduf bengalensis,17,Plktiv,Benthopelagic,Abudefduf,0.02188,3.08
Pomacentridae,Abudefduf concolor,19,Omnivr,Benthopelagic,Abudefduf,0.02188,3.08
Pomacentridae,Abudefduf conformis,13.1,Plktiv,Benthopelagic,Abudefduf,0.01122,3.04
Pomacentridae,Abudefduf declivifrons,18,Omnivr,Benthopelagic,Abudefduf,NA,NA
Pomacentridae,Abudefduf hoefleri,20,Omnivr,Benthopelagic,Abudefduf,NA,NA
Pomacentridae,Abudefduf lorenzi,18,Omnivr,Benthopelagic,Abudefduf,NA,NA
Pomacentridae,Abudefduf margariteus,16,Omnivr,Benthopelagic,Abudefduf,NA,NA
Pomacentridae,Abudefduf natalensis,17,Omnivr,Benthopelagic,Abudefduf,NA,NA
Pomacentridae,Abudefduf notatus,17,Omnivr,Benthopelagic,Abudefduf,0.02188,3.08
Pomacentridae,Abudefduf saxatilis,22.9,Omnivr,Benthopelagic,Abudefduf,0.01778,3.09
Pomacentridae,Abudefduf septemfasciatus,23,Omnivr,Benthopelagic,Abudefduf,0.02188,3.08
Pomacentridae,Abudefduf sexfasciatus,16,Plktiv,Benthopelagic,Abudefduf,0.02188,3.1
Pomacentridae,Abudefduf sordidus,24,Omnivr,Benthopelagic,Abudefduf,0.02455,3.11
Pomacentridae,Abudefduf sparoides,16,Omnivr,Benthopelagic,Abudefduf,0.02188,3.08
Pomacentridae,Abudefduf taurus,25,Omnivr,Benthopelagic,Abudefduf,NA,NA
Pomacentridae,Abudefduf troschelii,20,Plktiv,Benthopelagic,Abudefduf,0.02188,3.08
Pomacentridae,Abudefduf vaigiensis,20,Plktiv,Benthopelagic,Abudefduf,0.019945,3.0335
Pomacentridae,Abudefduf whitleyi,19.4,Plktiv,Benthopelagic,Abudefduf,0.02138,3.09
Pomacentridae,Acanthochromis polyacanthus,14,Plktiv,Benthopelagic,Acanthochromis,0.0135,3.312
Pomacentridae,Altrichthys azurelineatus,6.5,Plktiv,Benthopelagic,Altrichthys,NA,NA
Pomacentridae,Altrichthys curatus,6.5,Plktiv,Benthopelagic,Altrichthys,NA,NA
Pomacentridae,Amblyglyphidodon aureus,13,Omnivr,Benthopelagic,Amblyglyphidodon,0.02344,2.98
Pomacentridae,Amblyglyphidodon batunai,10,Plktiv,Benthopelagic,Amblyglyphidodon,0.02344,2.98
Pomacentridae,Amblyglyphidodon curacao,11,Omnivr,Benthopelagic,Amblyglyphidodon,0.02951,3
Pomacentridae,Amblyglyphidodon flavilatus,10,Plktiv,Benthopelagic,Amblyglyphidodon,0.02344,2.98
Pomacentridae,Amblyglyphidodon flavopurpureus,9.4,Plktiv,Benthopelagic,Amblyglyphidodon,NA,NA
Pomacentridae,Amblyglyphidodon indicus,8.3,Plktiv,Benthopelagic,Amblyglyphidodon,0.02344,2.98
Pomacentridae,Amblyglyphidodon leucogaster,13,Omnivr,Benthopelagic,Amblyglyphidodon,0.01995,2.96
Pomacentridae,Amblyglyphidodon melanopterus,13.12514577,Omnivr,Benthopelagic,Amblyglyphidodon,0.02344,2.98
Pomacentridae,Amblyglyphidodon ternatensis,10,Plktiv,Benthopelagic,Amblyglyphidodon,0.02344,2.98
Pomacentridae,Amblypomacentrus breviceps,8.5,Plktiv,Benthopelagic,Amblypomacentrus,NA,NA
Pomacentridae,Amblypomacentrus clarus,6,Plktiv,Benthopelagic,Amblypomacentrus,NA,NA
Pomacentridae,Amphiprion akallopisos,11,Plktiv,Benthic,Amphiprion,0.01445,3
Pomacentridae,Amphiprion akindynos,9,Plktiv,Benthic,Amphiprion,0.02399,2.96
Pomacentridae,Amphiprion allardi,15,Plktiv,Benthic,Amphiprion,0.02344,2.98
Pomacentridae,Amphiprion barberi,8.58,Plktiv,Benthic,Amphiprion,NA,NA
Pomacentridae,Amphiprion bicinctus,14,Plktiv,Benthic,Amphiprion,0.02344,2.98
Pomacentridae,Amphiprion chagosensis,11,Plktiv,Benthic,Amphiprion,NA,NA
Pomacentridae,Amphiprion chrysogaster,15,Plktiv,Benthic,Amphiprion,NA,NA
Pomacentridae,Amphiprion chrysopterus,17,Plktiv,Benthic,Amphiprion,0.01447,3
Pomacentridae,Amphiprion clarkii,21.2,Plktiv,Benthic,Amphiprion,0.02344,2.98
Pomacentridae,Amphiprion ephippium,14,Plktiv,Benthic,Amphiprion,0.02344,2.98
Pomacentridae,Amphiprion frenatus,14,Plktiv,Benthic,Amphiprion,0.02344,2.98
Pomacentridae,Amphiprion fuscocaudatus,14,Plktiv,Benthic,Amphiprion,0.02344,2.98
Pomacentridae,Amphiprion latezonatus,14,Plktiv,Benthic,Amphiprion,0.02344,2.98
Pomacentridae,Amphiprion latifasciatus,13,Plktiv,Benthic,Amphiprion,NA,NA
Pomacentridae,Amphiprion leucokranos,12,Plktiv,Benthic,Amphiprion,0.01445,3
Pomacentridae,Amphiprion mccullochi,12,Plktiv,Benthic,Amphiprion,0.02344,2.98
Pomacentridae,Amphiprion melanopus,12,Plktiv,Benthic,Amphiprion,0.02346,3
Pomacentridae,Amphiprion nigripes,11,Plktiv,Benthic,Amphiprion,0.01445,3
Pomacentridae,Amphiprion ocellaris,11,Plktiv,Benthic,Amphiprion,0.01445,3
Pomacentridae,Amphiprion omanensis,14,Plktiv,Benthic,Amphiprion,NA,NA
Pomacentridae,Amphiprion pacificus,6.338452197,Plktiv,Benthic,Amphiprion,NA,NA
Pomacentridae,Amphiprion percula,11,Plktiv,Benthic,Amphiprion,0.01445,3
Pomacentridae,Amphiprion perideraion,10,Plktiv,Benthic,Amphiprion,0.02344,2.98
Pomacentridae,Amphiprion polymnus,13,Plktiv,Benthic,Amphiprion,0.02344,2.98
Pomacentridae,Amphiprion rubrocinctus,12,Plktiv,Benthic,Amphiprion,0.01445,3
Pomacentridae,Amphiprion sandaracinos,14,Plktiv,Benthic,Amphiprion,0.01445,3
Pomacentridae,Amphiprion sebae,16,Plktiv,Benthic,Amphiprion,NA,NA
Pomacentridae,Amphiprion tricinctus,12,Plktiv,Benthic,Amphiprion,0.02512,2.95
Pomacentridae,Azurina eupalama,15,Plktiv,Pelagic,Azurina,NA,NA
Pomacentridae,Azurina hirundo,14,Plktiv,Pelagic,Azurina,NA,NA
Pomacentridae,Cheiloprion labiatus,6,InvSes,Benthic,Cheiloprion,0.02344,2.98
Pomacentridae,Chromis abrupta,5.36,Plktiv,Benthopelagic,Chromis,0.02089,2.98
Pomacentridae,Chromis abyssicola,12.5,Plktiv,Benthopelagic,Chromis,NA,NA
Pomacentridae,Chromis abyssus,9.8,Plktiv,Benthopelagic,Chromis,NA,NA
Pomacentridae,Chromis acares,5.4,Plktiv,Benthopelagic,Chromis,0.01259,3.03
Pomacentridae,Chromis agilis,10.8,Plktiv,Benthopelagic,Chromis,0.02089,2.98
Pomacentridae,Chromis albomaculata,15,Plktiv,Benthopelagic,Chromis,NA,NA
Pomacentridae,Chromis alleni,6.5,Plktiv,Benthopelagic,Chromis,NA,NA
Pomacentridae,Chromis alpha,12,Plktiv,Benthopelagic,Chromis,0.0182,3
Pomacentridae,Chromis alta,13,Plktiv,Pelagic,Chromis,0.0182,3
Pomacentridae,Chromis amboinensis,10,Plktiv,Benthopelagic,Chromis,0.02089,2.98
Pomacentridae,Chromis analis,17,Plktiv,Benthopelagic,Chromis,0.0182,3
Pomacentridae,Chromis atrilobata,13.4,Plktiv,Pelagic,Chromis,0.01288,3.1
Pomacentridae,Chromis atripectoralis,12,Plktiv,Benthopelagic,Chromis,0.02138,3.08
Pomacentridae,Chromis atripes,9,Plktiv,Benthopelagic,Chromis,0.02089,2.98
Pomacentridae,Chromis axillaris,10,Plktiv,Benthopelagic,Chromis,NA,NA
Pomacentridae,Chromis bami,7.924471586,Plktiv,Benthopelagic,Chromis,0.02089,2.98
Pomacentridae,Chromis brevirostris,6.85,Plktiv,Benthopelagic,Chromis,NA,NA
Pomacentridae,Chromis cadenati,16.5,Plktiv,Pelagic,Chromis,NA,NA
Pomacentridae,Chromis caudalis,10,Plktiv,Benthopelagic,Chromis,0.02089,2.98
Pomacentridae,Chromis chromis,25,Plktiv,Benthopelagic,Chromis,0.02261625,2.890925
Pomacentridae,Chromis chrysura,18.5,Plktiv,Benthopelagic,Chromis,0.0263,3.07
Pomacentridae,Chromis cinerascens,13,Plktiv,Benthopelagic,Chromis,0.01259,3.03
Pomacentridae,Chromis crusma,14,Plktiv,Pelagic,Chromis,0.0166,2.94
Pomacentridae,Chromis cyanea,15,Plktiv,Pelagic,Chromis,0.01259,3.03
Pomacentridae,Chromis dasygenys,12,Plktiv,Benthopelagic,Chromis,NA,NA
Pomacentridae,Chromis degruyi,8.24,Plktiv,Benthopelagic,Chromis,NA,NA
Pomacentridae,Chromis delta,7,Plktiv,Benthopelagic,Chromis,NA,NA
Pomacentridae,Chromis dimidiata,9,Plktiv,Benthopelagic,Chromis,0.02089,2.98
Pomacentridae,Chromis dispilus,21,Plktiv,Benthopelagic,Chromis,0.01479,2.97
Pomacentridae,Chromis earina,6.63,Plktiv,Benthopelagic,Chromis,NA,NA
Pomacentridae,Chromis elerae,7,Plktiv,Benthopelagic,Chromis,0.01259,3.03
Pomacentridae,Chromis enchrysura,10,Plktiv,Benthopelagic,Chromis,NA,NA
Pomacentridae,Chromis fieldi,5.1,Plktiv,Benthopelagic,Chromis,NA,NA
Pomacentridae,Chromis flavapicis,10.1,Plktiv,Benthopelagic,Chromis,NA,NA
Pomacentridae,Chromis flavaxilla,7.2,Plktiv,Benthopelagic,Chromis,0.0182,3
Pomacentridae,Chromis flavicauda,7,Plktiv,Benthopelagic,Chromis,NA,NA
Pomacentridae,Chromis flavipectoralis,8,Plktiv,Benthopelagic,Chromis,0.02089,2.98
Pomacentridae,Chromis flavomaculata,16,Plktiv,Benthopelagic,Chromis,NA,NA
Pomacentridae,Chromis fumea,10,Plktiv,Benthopelagic,Chromis,0.01259,3.03
Pomacentridae,Chromis hanui,6,Plktiv,Benthopelagic,Chromis,0.02089,2.98
Pomacentridae,Chromis howsoni,5.62,Plktiv,Benthopelagic,Chromis,NA,NA
Pomacentridae,Chromis hypsilepis,16,Plktiv,Benthopelagic,Chromis,0.01259,3.03
Pomacentridae,Chromis insolata,16,Plktiv,Benthopelagic,Chromis,0.01259,3.03
Pomacentridae,Chromis intercrusma,29,Plktiv,Pelagic,Chromis,NA,NA
Pomacentridae,Chromis iomelas,10.2,Plktiv,Benthopelagic,Chromis,0.02138,3.04
Pomacentridae,Chromis jubauna,7.42,Plktiv,Benthopelagic,Chromis,NA,NA
Pomacentridae,Chromis klunzingeri,6.5,Plktiv,Benthopelagic,Chromis,0.0182,3
Pomacentridae,Chromis lepidolepis,9,Plktiv,Benthopelagic,Chromis,0.01259,3.03
Pomacentridae,Chromis leucura,8.5,Plktiv,Benthopelagic,Chromis,NA,NA
Pomacentridae,Chromis limbata,12,Plktiv,Pelagic,Chromis,0.01259,3.03
Pomacentridae,Chromis limbaughi,11.3,Plktiv,Pelagic,Chromis,0.01514,2.97
Pomacentridae,Chromis lineata,7,Plktiv,Benthopelagic,Chromis,0.02089,2.98
Pomacentridae,Chromis lubbocki,12.5,Plktiv,Pelagic,Chromis,NA,NA
Pomacentridae,Chromis margaritifer,9,Plktiv,Benthopelagic,Chromis,0.01622,2.98
Pomacentridae,Chromis margaritiferus,10.2,Plktiv,Benthic,Chromis,0.0166,2.97
Pomacentridae,Chromis multilineata,20,Plktiv,Pelagic,Chromis,0.01259,3.03
Pomacentridae,Chromis nigroanalis,12,Plktiv,Benthopelagic,Chromis,NA,NA
Pomacentridae,Chromis nigrura,6,Plktiv,Benthopelagic,Chromis,0.01259,3.03
Pomacentridae,Chromis nitida,7,Plktiv,Benthopelagic,Chromis,0.01259,3.03
Pomacentridae,Chromis notata,17,Plktiv,Benthopelagic,Chromis,0.01622,3.04
Pomacentridae,Chromis okamurai,9.4,Plktiv,Benthopelagic,Chromis,NA,NA
Pomacentridae,Chromis onumai,12.58,Plktiv,Benthopelagic,Chromis,NA,NA
Pomacentridae,Chromis opercularis,17,Plktiv,Benthopelagic,Chromis,0.01259,3.03
Pomacentridae,Chromis ovalis,15,Plktiv,Benthopelagic,Chromis,0.01259,3.03
Pomacentridae,Chromis ovatiformes,10,Plktiv,Benthopelagic,Chromis,NA,NA
Pomacentridae,Chromis pamae,10.38,Plktiv,Benthopelagic,Chromis,0.01259,3.03
Pomacentridae,Chromis pelloura,14,Plktiv,Benthopelagic,Chromis,0.0182,3
Pomacentridae,Chromis pembae,13,Plktiv,Benthopelagic,Chromis,0.0182,3
Pomacentridae,Chromis punctipinnis,25,Plktiv,Benthopelagic,Chromis,0.01259,3.03
Pomacentridae,Chromis retrofasciata,8.8,Plktiv,Benthopelagic,Chromis,0.01479,2.92
Pomacentridae,Chromis sanctaehelenae,13,Plktiv,Pelagic,Chromis,NA,NA
Pomacentridae,Chromis scotochiloptera,16,Plktiv,Benthopelagic,Chromis,0.0182,3
Pomacentridae,Chromis scotti,10,Plktiv,Benthopelagic,Chromis,0.0182,3
Pomacentridae,Chromis struhsakeri,13,Plktiv,Benthopelagic,Chromis,NA,NA
Pomacentridae,Chromis ternatensis,10.5,Plktiv,Benthopelagic,Chromis,0.02291,3.05
Pomacentridae,Chromis trialpha,6,Plktiv,Benthopelagic,Chromis,NA,NA
Pomacentridae,Chromis unipa,5.04,Plktiv,Benthopelagic,Chromis,NA,NA
Pomacentridae,Chromis vanderbilti,6,Plktiv,Benthopelagic,Chromis,0.01259,3.03
Pomacentridae,Chromis verater,19.904,Plktiv,Benthopelagic,Chromis,0.01781,3
Pomacentridae,Chromis viridis,8,Plktiv,Benthopelagic,Chromis,0.021625,2.892
Pomacentridae,Chromis weberi,13.5,Plktiv,Benthopelagic,Chromis,0.01259,3.03
Pomacentridae,Chromis westaustralis,8.5,Plktiv,Benthopelagic,Chromis,0.01259,3.03
Pomacentridae,Chromis woodsi,9.5,Plktiv,Benthopelagic,Chromis,NA,NA
Pomacentridae,Chromis xanthochira,14,Plktiv,Benthopelagic,Chromis,0.0182,3
Pomacentridae,Chromis xanthopterygia,11.5,Plktiv,Benthopelagic,Chromis,NA,NA
Pomacentridae,Chromis xanthura,17,Plktiv,Benthopelagic,Chromis,0.01445,2.94
Pomacentridae,Chromis xouthos,9.23,Plktiv,Benthopelagic,Chromis,NA,NA
Pomacentridae,Chromis xutha,7,Omnivr,Benthic,Chromis,0.0182,3
Pomacentridae,Chrysiptera annulata,8,Omnivr,Benthic,Chrysiptera,NA,NA
Pomacentridae,Chrysiptera arnazae,3.91,Plktiv,Benthic,Chrysiptera,NA,NA
Pomacentridae,Chrysiptera biocellata,12.5,Omnivr,Benthic,Chrysiptera,0.02388,3
Pomacentridae,Chrysiptera bleekeri,8,Plktiv,Benthic,Chrysiptera,0.01445,3
Pomacentridae,Chrysiptera brownriggi,8,InvMob,Benthic,Chrysiptera,0.01445,3
Pomacentridae,Chrysiptera brownriggii,8,Omnivr,Benthic,Chrysiptera,0.01445,3
Pomacentridae,Chrysiptera caeruleolineata,6,Plktiv,Benthic,Chrysiptera,NA,NA
Pomacentridae,Chrysiptera cyanea,8.5,Omnivr,Benthic,Chrysiptera,0.01445,3
Pomacentridae,Chrysiptera cymatilis,3.62,Plktiv,Benthic,Chrysiptera,NA,NA
Pomacentridae,Chrysiptera flavipinnis,8,Omnivr,Benthic,Chrysiptera,0.01445,3
Pomacentridae,Chrysiptera galba,7,Omnivr,Benthic,Chrysiptera,0.01445,3
Pomacentridae,Chrysiptera giti,3.6,Plktiv,Benthic,Chrysiptera,NA,NA
Pomacentridae,Chrysiptera glauca,10,Omnivr,Benthic,Chrysiptera,0.02166,3
Pomacentridae,Chrysiptera hemicyanea,7,Omnivr,Benthic,Chrysiptera,0.01445,3
Pomacentridae,Chrysiptera kuiteri,7.5,Plktiv,Benthic,Chrysiptera,NA,NA
Pomacentridae,Chrysiptera niger,7,Omnivr,Benthic,Chrysiptera,NA,NA
Pomacentridae,Chrysiptera oxycephala,9,Plktiv,Benthic,Chrysiptera,0.02344,2.98
Pomacentridae,Chrysiptera parasema,7,Plktiv,Benthic,Chrysiptera,0.01445,3
Pomacentridae,Chrysiptera rapanui,5.5,Omnivr,Benthic,Chrysiptera,0.01445,3
Pomacentridae,Chrysiptera rex,7,Omnivr,Benthic,Chrysiptera,0.01445,3
Pomacentridae,Chrysiptera rollandi,7.5,Plktiv,Benthic,Chrysiptera,0.01445,3
Pomacentridae,Chrysiptera sheila,10.3,Omnivr,Benthic,Chrysiptera,NA,NA
Pomacentridae,Chrysiptera sinclairi,5,Omnivr,Benthic,Chrysiptera,NA,NA
Pomacentridae,Chrysiptera springeri,5.5,Omnivr,Benthic,Chrysiptera,0.02344,2.98
Pomacentridae,Chrysiptera starcki,8.6,Omnivr,Benthic,Chrysiptera,0.01445,3
Pomacentridae,Chrysiptera talboti,6,Plktiv,Benthic,Chrysiptera,0.01445,3
Pomacentridae,Chrysiptera taupou,8,Omnivr,Benthic,Chrysiptera,0.01698,2.97
Pomacentridae,Chrysiptera traceyi,4.5,Omnivr,Benthic,Chrysiptera,0.01445,3
Pomacentridae,Chrysiptera tricincta,6,Omnivr,Benthic,Chrysiptera,0.01445,3
Pomacentridae,Chrysiptera unimaculata,10,HerDet,Benthic,Chrysiptera,0.01445,3
Pomacentridae,Dascyllus albisella,13,Plktiv,Benthopelagic,Dascyllus,0.03028,3
Pomacentridae,Dascyllus aruanus,10,Plktiv,Benthic,Dascyllus,0.0463,2.684666667
Pomacentridae,Dascyllus carneus,7,Plktiv,Benthic,Dascyllus,0.01259,3.03
Pomacentridae,Dascyllus flavicaudus,12,Plktiv,Benthic,Dascyllus,0.02042,2.99
Pomacentridae,Dascyllus marginatus,6,Plktiv,Benthic,Dascyllus,0.02089,2.98
Pomacentridae,Dascyllus melanurus,8,Plktiv,Benthic,Dascyllus,0.02089,2.98
Pomacentridae,Dascyllus reticulatus,9,Plktiv,Benthic,Dascyllus,0.02951,3
Pomacentridae,Dascyllus strasburgi,9,Plktiv,Benthic,Dascyllus,0.02089,2.98
Pomacentridae,Dascyllus trimaculatus,14,Plktiv,Benthic,Dascyllus,0.03467,2.93
Pomacentridae,Dischistodus chrysopoecilus,15,HerDet,Benthic,Dischistodus,0.01445,3
Pomacentridae,Dischistodus fasciatus,11.5,HerDet,Benthic,Dischistodus,NA,NA
Pomacentridae,Dischistodus melanotus,16,HerDet,Benthic,Dischistodus,0.02818,3.01
Pomacentridae,Dischistodus perspicillatus,18,HerDet,Benthic,Dischistodus,0.01445,3
Pomacentridae,Dischistodus prosopotaenia,17,HerDet,Benthic,Dischistodus,0.01445,3
Pomacentridae,Dischistodus pseudochrysopoecilus,18,HerDet,Benthic,Dischistodus,0.01445,3
Pomacentridae,Hemiglyphidodon plagiometopon,18,HerDet,Benthic,Hemiglyphidodon,0.02344,2.98
Pomacentridae,Hypsypops rubicundus,30,Omnivr,Benthic,Hypsypops,0.0195,3
Pomacentridae,Lepidozygus tapeinosoma,10.5,Plktiv,Pelagic,Lepidozygus,0.01259,3.04
Pomacentridae,Mecaenichthys immaculatus,12,HerDet,Benthic,Mecaenichthys,0.0195,3
Pomacentridae,Microspathodon bairdii,25,HerDet,Benthic,Microspathodon,0.0195,3
Pomacentridae,Microspathodon chrysurus,21,HerDet,Benthopelagic,Microspathodon,0.02239,3.03
Pomacentridae,Microspathodon dorsalis,31,HerDet,Benthic,Microspathodon,0.0195,3
Pomacentridae,Microspathodon frontatus,17,HerDet,Benthopelagic,Microspathodon,NA,NA
Pomacentridae,Neoglyphidodon bonang,13.5,Omnivr,Benthic,Neoglyphidodon,0.02344,2.98
Pomacentridae,Neoglyphidodon carlsoni,12,Omnivr,Benthopelagic,Neoglyphidodon,0.02344,2.98
Pomacentridae,Neoglyphidodon crossi,12,Omnivr,Benthopelagic,Neoglyphidodon,0.02344,2.98
Pomacentridae,Neoglyphidodon melas,18,Omnivr,Benthopelagic,Neoglyphidodon,0.02344,2.98
Pomacentridae,Neoglyphidodon mitratus,6.23,Omnivr,Benthic,Neoglyphidodon,NA,NA
Pomacentridae,Neoglyphidodon nigroris,13,Omnivr,Benthopelagic,Neoglyphidodon,0.01862,2.99
Pomacentridae,Neoglyphidodon oxyodon,15,Omnivr,Benthic,Neoglyphidodon,0.02344,2.98
Pomacentridae,Neoglyphidodon polyacanthus,12,Omnivr,Benthic,Neoglyphidodon,0.02455,3.02
Pomacentridae,Neoglyphidodon thoracotaeniatus,13.5,Omnivr,Benthic,Neoglyphidodon,0.02344,2.98
Pomacentridae,Neopomacentrus anabatoides,10.5,Plktiv,Benthopelagic,Neopomacentrus,0.01445,3
Pomacentridae,Neopomacentrus aquadulcis,6.5,Plktiv,Benthopelagic,Neopomacentrus,NA,NA
Pomacentridae,Neopomacentrus azysron,7.5,Plktiv,Benthopelagic,Neopomacentrus,0.01862,2.94
Pomacentridae,Neopomacentrus bankieri,8,Plktiv,Benthopelagic,Neopomacentrus,0.01445,3
Pomacentridae,Neopomacentrus cyanomos,10,Plktiv,Benthopelagic,Neopomacentrus,0.01445,3
Pomacentridae,Neopomacentrus filamentosus,11,Plktiv,Benthopelagic,Neopomacentrus,0.01445,3
Pomacentridae,Neopomacentrus fuliginosus,11,Plktiv,Benthopelagic,Neopomacentrus,NA,NA
Pomacentridae,Neopomacentrus metallicus,7.513072018,Plktiv,Benthopelagic,Neopomacentrus,0.01445,3
Pomacentridae,Neopomacentrus miryae,11,Plktiv,Benthopelagic,Neopomacentrus,0.01445,3
Pomacentridae,Neopomacentrus nemurus,8,Plktiv,Benthopelagic,Neopomacentrus,0.0195,2.95
Pomacentridae,Neopomacentrus sindensis,10,Plktiv,Benthopelagic,Neopomacentrus,NA,NA
Pomacentridae,Neopomacentrus sororius,6.44,Plktiv,Benthopelagic,Neopomacentrus,NA,NA
Pomacentridae,Neopomacentrus taeniurus,10,Plktiv,Benthic,Neopomacentrus,NA,NA
Pomacentridae,Neopomacentrus violascens,7.5,Plktiv,Benthopelagic,Neopomacentrus,0.01479,2.99
Pomacentridae,Neopomacentrus xanthurus,6,Plktiv,Benthopelagic,Neopomacentrus,NA,NA
Pomacentridae,Nexilosus latifrons,30,Omnivr,Benthic,Nexilosus,0.01905,3.05
Pomacentridae,Parma alboscapularis,22,HerDet,Benthic,Parma,0.0195,3
Pomacentridae,Parma bicolor,14,HerDet,Benthic,Parma,0.01259,3.04
Pomacentridae,Parma kermadecensis,22,HerDet,Benthic,Parma,0.0195,3
Pomacentridae,Parma mccullochi,20,HerDet,Benthic,Parma,0.0195,3
Pomacentridae,Parma microlepis,17.8,HerDet,Benthic,Parma,0.0195,3
Pomacentridae,Parma occidentalis,13,HerDet,Benthic,Parma,0.0195,3
Pomacentridae,Parma oligolepis,16.5,HerDet,Benthic,Parma,0.0195,3
Pomacentridae,Parma polylepis,21,HerDet,Benthic,Parma,0.0195,3
Pomacentridae,Parma unifasciata,18,HerDet,Benthic,Parma,0.0195,3
Pomacentridae,Parma victoriae,20,HerDet,Benthic,Parma,0.0195,3
Pomacentridae,Plectroglyphidodon dickii,11,Omnivr,Benthic,Plectroglyphidodon,0.0612,2.747
Pomacentridae,Plectroglyphidodon flaviventris,7,Omnivr,Benthic,Plectroglyphidodon,0.0195,3
Pomacentridae,Plectroglyphidodon imparipennis,6,Omnivr,Benthic,Plectroglyphidodon,0.01259,3.04
Pomacentridae,Plectroglyphidodon johnstonianus,9,Omnivr,Benthic,Plectroglyphidodon,0.02138,2.96
Pomacentridae,Plectroglyphidodon lacrymatus,10,Omnivr,Benthic,Plectroglyphidodon,0.0195,2.99
Pomacentridae,Plectroglyphidodon leucozonus,12,HerDet,Benthic,Plectroglyphidodon,0.0195,3
Pomacentridae,Plectroglyphidodon phoenixensis,9,Omnivr,Benthic,Plectroglyphidodon,0.0195,3
Pomacentridae,Plectroglyphidodon randalli,9,Omnivr,Benthic,Plectroglyphidodon,NA,NA
Pomacentridae,Plectroglyphidodon sagmarius,4.55,Omnivr,Benthic,Plectroglyphidodon,NA,NA
Pomacentridae,Plectroglyphidodon sindonis,10,Omnivr,Benthic,Plectroglyphidodon,NA,NA
Pomacentridae,Pomacentrus adelus,8.5,Omnivr,Benthic,Pomacentrus,0.02291,3.02
Pomacentridae,Pomacentrus agassizii,11,Omnivr,Benthic,Pomacentrus,NA,NA
Pomacentridae,Pomacentrus albicaudatus,10.2,Omnivr,Benthic,Pomacentrus,NA,NA
Pomacentridae,Pomacentrus albimaculus,7,HerDet,Benthic,Pomacentrus,0.02399,2.98
Pomacentridae,Pomacentrus alexanderae,9,Plktiv,Benthopelagic,Pomacentrus,0.02455,3
Pomacentridae,Pomacentrus alleni,6,Plktiv,Benthic,Pomacentrus,0.01445,3
Pomacentridae,Pomacentrus amboinensis,9,Omnivr,Benthic,Pomacentrus,0.0263,2.89
Pomacentridae,Pomacentrus aquilus,12,Omnivr,Benthic,Pomacentrus,NA,NA
Pomacentridae,Pomacentrus arabicus,11,HerDet,Benthic,Pomacentrus,NA,NA
Pomacentridae,Pomacentrus armillatus,8,Omnivr,Benthic,Pomacentrus,NA,NA
Pomacentridae,Pomacentrus aurifrons,6.15,Plktiv,Benthopelagic,Pomacentrus,0.02399,2.98
Pomacentridae,Pomacentrus auriventris,6.6,Omnivr,Benthic,Pomacentrus,0.01445,3
Pomacentridae,Pomacentrus australis,8,HerDet,Benthic,Pomacentrus,0.01445,3
Pomacentridae,Pomacentrus azuremaculatus,12,Omnivr,Benthic,Pomacentrus,NA,NA
Pomacentridae,Pomacentrus baenschi,10,Omnivr,Benthic,Pomacentrus,0.02399,2.98
Pomacentridae,Pomacentrus bankanensis,9,Omnivr,Benthic,Pomacentrus,0.01445,3
Pomacentridae,Pomacentrus bintanensis,7.88,HerDet,Benthic,Pomacentrus,NA,NA
Pomacentridae,Pomacentrus bipunctatus,5.53,Plktiv,Benthic,Pomacentrus,NA,NA
Pomacentridae,Pomacentrus brachialis,9.4,Plktiv,Benthopelagic,Pomacentrus,0.02089,3.08
Pomacentridae,Pomacentrus burroughi,8.5,Omnivr,Benthic,Pomacentrus,0.01445,3
Pomacentridae,Pomacentrus caeruleus,10,Plktiv,Benthic,Pomacentrus,0.01445,2.96
Pomacentridae,Pomacentrus callainus,11.5,Plktiv,Benthic,Pomacentrus,0.02399,2.98
Pomacentridae,Pomacentrus cheraphilus,6.1,Omnivr,Benthic,Pomacentrus,NA,NA
Pomacentridae,Pomacentrus chrysurus,9,Omnivr,Benthic,Pomacentrus,0.02692,3.04
Pomacentridae,Pomacentrus coelestis,9,Omnivr,Benthic,Pomacentrus,0.01413,2.95
Pomacentridae,Pomacentrus colini,7,Omnivr,Benthic,Pomacentrus,NA,NA
Pomacentridae,Pomacentrus cuneatus,7.5,Omnivr,Benthic,Pomacentrus,0.02399,2.98
Pomacentridae,Pomacentrus emarginatus,10,Omnivr,Benthic,Pomacentrus,NA,NA
Pomacentridae,Pomacentrus fakfakensis,7.4,Omnivr,Benthic,Pomacentrus,NA,NA
Pomacentridae,Pomacentrus geminospilus,8,Omnivr,Benthic,Pomacentrus,NA,NA
Pomacentridae,Pomacentrus grammorhynchus,11.4,HerDet,Benthic,Pomacentrus,0.02399,2.98
Pomacentridae,Pomacentrus imitator,11,Omnivr,Benthic,Pomacentrus,0.01778,3.09
Pomacentridae,Pomacentrus indicus,11,Omnivr,Benthic,Pomacentrus,0.02399,2.98
Pomacentridae,Pomacentrus javanicus,8,Omnivr,Benthic,Pomacentrus,NA,NA
Pomacentridae,Pomacentrus lepidogenys,11.5,Plktiv,Benthic,Pomacentrus,0.02692,3.04
Pomacentridae,Pomacentrus leptus,7,Omnivr,Benthic,Pomacentrus,NA,NA
Pomacentridae,Pomacentrus limosus,4.57,Omnivr,Benthopelagic,Pomacentrus,0.02399,2.98
Pomacentridae,Pomacentrus littoralis,11,Omnivr,Benthic,Pomacentrus,0.02399,2.98
Pomacentridae,Pomacentrus melanochir,7.5,Omnivr,Benthic,Pomacentrus,NA,NA
Pomacentridae,Pomacentrus microspilus,9.42,Omnivr,Benthic,Pomacentrus,0.02399,2.98
Pomacentridae,Pomacentrus milleri,7.5,Omnivr,Benthic,Pomacentrus,0.01445,3
Pomacentridae,Pomacentrus moluccensis,9,Omnivr,Benthic,Pomacentrus,0.02951,2.96
Pomacentridae,Pomacentrus nagasakiensis,10,Plktiv,Benthic,Pomacentrus,0.01445,3
Pomacentridae,Pomacentrus nigromanus,9,Omnivr,Benthic,Pomacentrus,0.01445,3
Pomacentridae,Pomacentrus nigromarginatus,8,Omnivr,Benthic,Pomacentrus,0.01445,3
Pomacentridae,Pomacentrus opisthostigma,6.5,Omnivr,Benthic,Pomacentrus,0.02399,2.98
Pomacentridae,Pomacentrus pavo,11,Omnivr,Benthic,Pomacentrus,0.02089,2.93
Pomacentridae,Pomacentrus philippinus,10,Plktiv,Benthopelagic,Pomacentrus,0.01778,2.98
Pomacentridae,Pomacentrus pikei,11,Omnivr,Benthopelagic,Pomacentrus,NA,NA
Pomacentridae,Pomacentrus polyspinus,7,Omnivr,Benthic,Pomacentrus,NA,NA
Pomacentridae,Pomacentrus reidi,9,Omnivr,Benthic,Pomacentrus,0.02399,2.98
Pomacentridae,Pomacentrus similis,7,Plktiv,Benthic,Pomacentrus,NA,NA
Pomacentridae,Pomacentrus simsiang,7,HerDet,Benthic,Pomacentrus,0.02399,2.93
Pomacentridae,Pomacentrus smithi,7,Plktiv,Benthopelagic,Pomacentrus,0.01445,3
Pomacentridae,Pomacentrus spilotoceps,9,Omnivr,Benthic,Pomacentrus,0.02399,2.98
Pomacentridae,Pomacentrus stigma,13,Omnivr,Benthic,Pomacentrus,NA,NA
Pomacentridae,Pomacentrus sulfureus,11,Omnivr,Benthic,Pomacentrus,0.01445,3
Pomacentridae,Pomacentrus taeniometopon,12,Omnivr,Benthic,Pomacentrus,NA,NA
Pomacentridae,Pomacentrus trichrourus,11,Omnivr,Benthic,Pomacentrus,NA,NA
Pomacentridae,Pomacentrus trilineatus,10,Omnivr,Benthic,Pomacentrus,0.02399,2.98
Pomacentridae,Pomacentrus tripunctatus,7.5,HerDet,Benthic,Pomacentrus,0.02399,2.98
Pomacentridae,Pomacentrus vaiuli,10,Omnivr,Benthic,Pomacentrus,0.0263,2.91
Pomacentridae,Pomacentrus wardi,9.9,HerDet,Benthic,Pomacentrus,0.02399,2.98
Pomacentridae,Pomacentrus xanthosternus,10,Omnivr,Benthic,Pomacentrus,NA,NA
Pomacentridae,Pomachromis exilis,5,Plktiv,Benthopelagic,Pomachromis,NA,NA
Pomacentridae,Pomachromis fuscidorsalis,6,Plktiv,Benthopelagic,Pomachromis,NA,NA
Pomacentridae,Pomachromis richardsoni,7,InvMob,Benthic,Pomachromis,0.01445,3
Pomacentridae,Premnas biaculeatus,17,Plktiv,Benthic,Premnas,0.02818,3
Pomacentridae,Pristotis cyanostigma,11,Plktiv,Benthopelagic,Pristotis,NA,NA
Pomacentridae,Pristotis obtusirostris,14,Plktiv,Benthopelagic,Pristotis,0.01585,2.97
Pomacentridae,Stegastes acapulcoensis,17,Omnivr,Benthic,Stegastes,0.0195,2.99
Pomacentridae,Stegastes adustus,15,HerDet,Benthopelagic,Stegastes,0.0195,2.99
Pomacentridae,Stegastes albifasciatus,13,HerDet,Benthic,Stegastes,0.01995,2.99
Pomacentridae,Stegastes altus,15,HerDet,Benthic,Stegastes,0.01259,3.04
Pomacentridae,Stegastes apicalis,15,HerDet,Benthic,Stegastes,0.0195,3
Pomacentridae,Stegastes arcifrons,16.35387,Omnivr,Benthic,Stegastes,0.0195,2.99
Pomacentridae,Stegastes aureus,11,HerDet,Benthic,Stegastes,0.01622,3.03
Pomacentridae,Stegastes baldwini,9,Omnivr,Benthic,Stegastes,NA,NA
Pomacentridae,Stegastes beebei,18.61695,Omnivr,Benthic,Stegastes,0.0195,2.99
Pomacentridae,Stegastes diencaeus,12.5,HerDet,Benthopelagic,Stegastes,0.0195,2.99
Pomacentridae,Stegastes emeryi,10,HerDet,Benthic,Stegastes,0.0195,3
Pomacentridae,Stegastes fasciolatus,15,HerDet,Benthic,Stegastes,0.01259,3.04
Pomacentridae,Stegastes flavilatus,12.3434,Omnivr,Benthic,Stegastes,0.0195,2.99
Pomacentridae,Stegastes fuscus,16,HerDet,Benthic,Stegastes,0.0193,2.96
Pomacentridae,Stegastes gascoynei,15,HerDet,Benthic,Stegastes,0.0195,3
Pomacentridae,Stegastes imbricatus,10,HerDet,Benthopelagic,Stegastes,NA,NA
Pomacentridae,Stegastes insularis,11,HerDet,Benthic,Stegastes,0.0195,3
Pomacentridae,Stegastes leucorus,14,Omnivr,Benthic,Stegastes,NA,NA
Pomacentridae,Stegastes leucostictus,10,Omnivr,Benthopelagic,Stegastes,0.0195,2.95
Pomacentridae,Stegastes limbatus,15,HerDet,Benthic,Stegastes,NA,NA
Pomacentridae,Stegastes lividus,11,HerDet,Benthic,Stegastes,0.0195,2.99
Pomacentridae,Stegastes nigricans,14,Omnivr,Benthic,Stegastes,0.022,3.086
Pomacentridae,Stegastes obreptus,12,HerDet,Benthic,Stegastes,0.0195,3
Pomacentridae,Stegastes otophorus,13,HerDet,Benthopelagic,Stegastes,NA,NA
Pomacentridae,Stegastes partitus,10,Omnivr,Benthopelagic,Stegastes,0.0123,3.05
Pomacentridae,Stegastes pelicieri,14,HerDet,Benthic,Stegastes,NA,NA
Pomacentridae,Stegastes planifrons,13,HerDet,Benthopelagic,Stegastes,0.02042,2.97
Pomacentridae,Stegastes punctatus,16.1,HerDet,Benthic,Stegastes,0.02291,2.97
Pomacentridae,Stegastes rectifraenum,13.5,Omnivr,Benthic,Stegastes,0.0181,3.076
Pomacentridae,Stegastes redemptus,12,Omnivr,Benthic,Stegastes,NA,NA
Pomacentridae,Stegastes rocasensis,8.5,HerDet,Benthopelagic,Stegastes,NA,NA
Pomacentridae,Stegastes sanctaehelenae,9,HerDet,Benthopelagic,Stegastes,NA,NA
Pomacentridae,Stegastes sanctipauli,9,HerDet,Benthopelagic,Stegastes,NA,NA
Pomacentridae,Stegastes variabilis,12.5,HerDet,Benthopelagic,Stegastes,0.01622,2.99
Pomacentridae,Teixeirichthys jordani,14,Plktiv,Benthopelagic,Teixeirichthys,0.0138,2.99
Priacanthidae,Cookeolus japonicus,69,FisCep,Benthopelagic,Cookeolus,NA,NA
Priacanthidae,Heteropriacanthus cruentatus,50.7,FisCep,Benthopelagic,Heteropriacanthus,0.01585,2.88
Priacanthidae,Priacanthus alalaua,26,FisCep,Benthopelagic,Priacanthus,NA,NA
Priacanthidae,Priacanthus arenatus,50,FisCep,Benthopelagic,Priacanthus,0.0173,2.945
Priacanthidae,Priacanthus blochii,35,InvMob,Benthopelagic,Priacanthus,0.02818,2.92
Priacanthidae,Priacanthus hamrur,45,InvMob,Benthopelagic,Priacanthus,0.018166667,2.849333333
Priacanthidae,Priacanthus macracanthus,34.2,InvMob,Benthopelagic,Priacanthus,0.02866,2.7342
Priacanthidae,Priacanthus meeki,33,FisCep,Benthopelagic,Priacanthus,NA,NA
Priacanthidae,Priacanthus prolixus,25,FisCep,Benthopelagic,Priacanthus,NA,NA
Priacanthidae,Priacanthus tayenus,35,InvMob,Benthopelagic,Priacanthus,0.025666667,2.76
Priacanthidae,Priacanthus zaiserae,25,FisCep,Benthopelagic,Priacanthus,NA,NA
Priacanthidae,Pristigenys alta,30,FisCep,Benthopelagic,Pristigenys,NA,NA
Priacanthidae,Pristigenys meyeri,22.5,FisCep,Benthopelagic,Pristigenys,NA,NA
Priacanthidae,Pristigenys niphonia,27.4,FisCep,Benthopelagic,Pristigenys,NA,NA
Priacanthidae,Pristigenys refulgens,27.4,FisCep,Benthopelagic,Pristigenys,NA,NA
Priacanthidae,Pristigenys serrula,34,FisCep,Benthopelagic,Pristigenys,NA,NA
Pseudochromidae,Amsichthys knighti,4.5,InvMob,Benthic,Amsichthys,NA,NA
Pseudochromidae,Anisochromis kenyae,3.1,InvMob,Benthic,Anisochromis,NA,NA
Pseudochromidae,Anisochromis mascarenensis,2.52,InvMob,Benthic,Anisochromis,NA,NA
Pseudochromidae,Anisochromis straussi,2.83,InvMob,Benthic,Anisochromis,NA,NA
Pseudochromidae,Assiculus punctatus,8,InvMob,Benthic,Assiculus,0.01122,3.04
Pseudochromidae,Blennodesmus scapularis,8.9,InvMob,Benthic,Blennodesmus,NA,NA
Pseudochromidae,Chlidichthys abruptus,4.65,InvMob,Benthic,Chlidichthys,NA,NA
Pseudochromidae,Chlidichthys auratus,3.9,InvMob,Benthic,Chlidichthys,NA,NA
Pseudochromidae,Chlidichthys chagosensis,3.13,InvMob,Benthic,Chlidichthys,NA,NA
Pseudochromidae,Chlidichthys clibanarius,4.2,InvMob,Benthic,Chlidichthys,NA,NA
Pseudochromidae,Chlidichthys johnvoelckeri,6,InvMob,Benthic,Chlidichthys,NA,NA
Pseudochromidae,Chlidichthys pembae,5,InvMob,Benthic,Chlidichthys,NA,NA
Pseudochromidae,Congrogadus spinifer,13,FisCep,Benthic,Congrogadus,NA,NA
Pseudochromidae,Congrogadus subducens,45,FisCep,Benthic,Congrogadus,NA,NA
Pseudochromidae,Cypho purpurascens,7.5,InvMob,Benthic,Cypho,0.0049,3.1
Pseudochromidae,Cypho zaps,5.1,InvMob,Benthic,Cypho,0.0049,3.1
Pseudochromidae,Halidesmus scapularis,20,InvMob,Benthic,Halidesmus,NA,NA
Pseudochromidae,Halimuraena hexagonata,6,InvMob,Benthic,Halimuraena,NA,NA
Pseudochromidae,Halimuraena lepopareia,7.4,InvMob,Benthic,Halimuraena,NA,NA
Pseudochromidae,Halimuraena shakai,6,FisCep,Benthic,Halimuraena,NA,NA
Pseudochromidae,Haliophis guttatus,15.5,FisCep,Benthic,Haliophis,NA,NA
Pseudochromidae,Labracinus cyclophthalmus,23.5,FisCep,Benthic,Labracinus,0.01995,3.01
Pseudochromidae,Labracinus lineatus,25,InvMob,Benthic,Labracinus,0.01148,3.01
Pseudochromidae,Lubbockichthys multisquamatus,7.5,InvMob,Benthic,Lubbockichthys,NA,NA
Pseudochromidae,Lubbockichthys tanakai,5.33,InvMob,Benthic,Lubbockichthys,NA,NA
Pseudochromidae,Manonichthys alleni,5.06,InvMob,Benthic,Manonichthys,NA,NA
Pseudochromidae,Manonichthys paranox,8.6,InvMob,Benthic,Manonichthys,NA,NA
Pseudochromidae,Manonichthys polynemus,12,InvMob,Benthic,Manonichthys,NA,NA
Pseudochromidae,Manonichthys splendens,13,InvMob,Benthic,Manonichthys,0.0049,3.1
Pseudochromidae,Ogilbyina queenslandiae,15,InvMob,Benthic,Ogilbyina,0.01148,3.01
Pseudochromidae,Ogilbyina salvati,5.9,InvMob,Benthic,Ogilbyina,NA,NA
Pseudochromidae,Oxycercichthys veliferus,12,InvMob,Benthic,Oxycercichthys,0.0049,3.1
Pseudochromidae,Pholidochromis marginatus,4.93,InvMob,Benthic,Pholidochromis,NA,NA
Pseudochromidae,Pictichromis aurifrons,6.5,InvMob,Benthic,Pictichromis,NA,NA
Pseudochromidae,Pictichromis caitlinae,4.34,InvMob,Benthic,Pictichromis,NA,NA
Pseudochromidae,Pictichromis coralensis,5.22,InvMob,Benthic,Pictichromis,0.0049,3.1
Pseudochromidae,Pictichromis diadema,6.2,InvMob,Benthic,Pictichromis,NA,NA
Pseudochromidae,Pictichromis ephippiata,4.03,InvMob,Benthic,Pictichromis,NA,NA
Pseudochromidae,Pictichromis paccagnellae,7,InvMob,Benthic,Pictichromis,0.0049,3.1
Pseudochromidae,Pictichromis porphyrea,6,InvMob,Benthic,Pictichromis,0.0049,3.1
Pseudochromidae,Pseudochromis alticaudex,4.58,InvMob,Benthic,Pseudochromis,NA,NA
Pseudochromidae,Pseudochromis ammeri,5.96,InvMob,Benthic,Pseudochromis,0.0049,3.1
Pseudochromidae,Pseudochromis andamanensis,7,InvMob,Benthic,Pseudochromis,0.0049,3.1
Pseudochromidae,Pseudochromis bitaeniatus,12,FisCep,Benthic,Pseudochromis,0.0049,3.1
Pseudochromidae,Pseudochromis caudalis,11,InvMob,Benthic,Pseudochromis,NA,NA
Pseudochromidae,Pseudochromis coccinicauda,3.9,InvMob,Benthic,Pseudochromis,NA,NA
Pseudochromidae,Pseudochromis cyanotaenia,6.2,InvMob,Benthic,Pseudochromis,0.0049,3.1
Pseudochromidae,Pseudochromis dixurus,9,InvMob,Benthic,Pseudochromis,NA,NA
Pseudochromidae,Pseudochromis dutoiti,9,InvMob,Benthic,Pseudochromis,NA,NA
Pseudochromidae,Pseudochromis eichleri,6.83,InvMob,Benthic,Pseudochromis,NA,NA
Pseudochromidae,Pseudochromis elongatus,6.5,InvMob,Benthic,Pseudochromis,0.0049,3.1
Pseudochromidae,Pseudochromis flammicauda,5.5,InvMob,Benthic,Pseudochromis,0.0049,3.1
Pseudochromidae,Pseudochromis flavivertex,7.2,InvMob,Benthic,Pseudochromis,0.01148,3.01
Pseudochromidae,Pseudochromis fowleri,5.3,InvMob,Benthic,Pseudochromis,NA,NA
Pseudochromidae,Pseudochromis fridmani,6.3,InvMob,Benthic,Pseudochromis,0.0049,3.1
Pseudochromidae,Pseudochromis fuligifinis,3.23,InvMob,Benthic,Pseudochromis,NA,NA
Pseudochromidae,Pseudochromis fuscus,10,FisCep,Benthic,Pseudochromis,0.00501,3.1
Pseudochromidae,Pseudochromis jamesi,5.5,InvMob,Benthic,Pseudochromis,NA,NA
Pseudochromidae,Pseudochromis kristinae,6.99,InvMob,Benthic,Pseudochromis,NA,NA
Pseudochromidae,Pseudochromis leucorhynchus,9,InvMob,Benthic,Pseudochromis,NA,NA
Pseudochromidae,Pseudochromis linda,8.1,InvMob,Benthic,Pseudochromis,NA,NA
Pseudochromidae,Pseudochromis litus,6.3,InvMob,Benthic,Pseudochromis,NA,NA
Pseudochromidae,Pseudochromis lugubris,8.2,InvMob,Benthic,Pseudochromis,NA,NA
Pseudochromidae,Pseudochromis luteus,4.65,InvMob,Benthic,Pseudochromis,NA,NA
Pseudochromidae,Pseudochromis marshallensis,8,InvMob,Benthic,Pseudochromis,0.0049,3.1
Pseudochromidae,Pseudochromis melanurus,4.03,InvMob,Benthic,Pseudochromis,NA,NA
Pseudochromidae,Pseudochromis melas,8,InvMob,Benthic,Pseudochromis,NA,NA
Pseudochromidae,Pseudochromis moorei,12,InvMob,Benthic,Pseudochromis,NA,NA
Pseudochromidae,Pseudochromis natalensis,9,InvMob,Benthic,Pseudochromis,NA,NA
Pseudochromidae,Pseudochromis nigrovittatus,9,InvMob,Benthic,Pseudochromis,NA,NA
Pseudochromidae,Pseudochromis olivaceus,9,InvMob,Benthic,Pseudochromis,0.01148,3.01
Pseudochromidae,Pseudochromis omanensis,12,InvMob,Benthic,Pseudochromis,NA,NA
Pseudochromidae,Pseudochromis persicus,15.4,InvMob,Benthic,Pseudochromis,NA,NA
Pseudochromidae,Pseudochromis perspicillatus,12,InvMob,Benthic,Pseudochromis,0.0049,3.1
Pseudochromidae,Pseudochromis pesi,10,InvMob,Benthic,Pseudochromis,NA,NA
Pseudochromidae,Pseudochromis punctatus,10.4,InvMob,Benthic,Pseudochromis,NA,NA
Pseudochromidae,Pseudochromis pylei,8,InvMob,Benthic,Pseudochromis,NA,NA
Pseudochromidae,Pseudochromis quinquedentatus,9.5,InvMob,Benthic,Pseudochromis,NA,NA
Pseudochromidae,Pseudochromis ransonneti,7,InvMob,Benthic,Pseudochromis,NA,NA
Pseudochromidae,Pseudochromis sankeyi,7,InvMob,Benthic,Pseudochromis,NA,NA
Pseudochromidae,Pseudochromis springeri,5.5,InvMob,Benthic,Pseudochromis,0.01148,3.01
Pseudochromidae,Pseudochromis tapeinosoma,7.4,InvMob,Benthic,Pseudochromis,NA,NA
Pseudochromidae,Pseudochromis tauberae,8,InvMob,Benthic,Pseudochromis,NA,NA
Pseudochromidae,Pseudochromis wilsoni,8,InvMob,Benthic,Pseudochromis,0.01148,3.01
Pseudochromidae,Pseudoplesiops annae,3.7,InvMob,Benthic,Pseudoplesiops,NA,NA
Pseudochromidae,Pseudoplesiops howensis,2.8,InvMob,Benthic,Pseudoplesiops,NA,NA
Pseudochromidae,Pseudoplesiops immaculatus,4,InvMob,Benthic,Pseudoplesiops,NA,NA
Pseudochromidae,Pseudoplesiops revellei,3.5,InvMob,Benthic,Pseudoplesiops,0.01122,3.04
Pseudochromidae,Pseudoplesiops rosae,2.3,InvMob,Benthic,Pseudoplesiops,NA,NA
Pseudochromidae,Pseudoplesiops typus,4.6,InvMob,Benthic,Pseudoplesiops,NA,NA
Pseudochromidae,Pseudoplesiops wassi,2.88,InvMob,Benthic,Pseudoplesiops,NA,NA
Rachycentridae,Rachycentron canadum,200,FisCep,Pelagic,Rachycentron,0.128535,2.9369
Samaridae,Samariscus triocellatus,12.36529126,InvMob,Benthic,Samariscus,0.01585,2.94
Scorpaenidae,Caracanthus maculatus,5,InvMob,Benthic,Caracanthus,0.01995,3.01
Scorpaenidae,Caracanthus madagascariensis,5,InvMob,Benthic,Caracanthus,NA,NA
Scorpaenidae,Caracanthus unipinna,5,InvMob,Benthic,Caracanthus,0.01995,3.01
Scorpaenidae,Dendrochirus barberi,16.5,FisCep,Benthopelagic,Dendrochirus,0.01023,3.01
Scorpaenidae,Dendrochirus bellus,15,FisCep,Benthopelagic,Dendrochirus,NA,NA
Scorpaenidae,Dendrochirus biocellatus,13,FisCep,Benthopelagic,Dendrochirus,0.01023,3.01
Scorpaenidae,Dendrochirus brachypterus,17,FisCep,Benthopelagic,Dendrochirus,0.01259,3.11
Scorpaenidae,Dendrochirus zebra,25,FisCep,Benthic,Dendrochirus,0.01023,3.01
Scorpaenidae,Ebosia bleekeri,22,FisCep,Benthic,Ebosia,NA,NA
Scorpaenidae,Ebosia falcata,9.33,FisCep,Benthic,Ebosia,NA,NA
Scorpaenidae,Hipposcorpaena filamentosus,2.9,FisCep,Benthic,Hipposcorpaena,NA,NA
Scorpaenidae,Idiastion kyphos,5.3,FisCep,Benthic,Idiastion,NA,NA
Scorpaenidae,Idiastion pacificum,12.84,FisCep,Benthic,Idiastion,NA,NA
Scorpaenidae,Iracundus signifer,13,FisCep,Benthic,Iracundus,NA,NA
Scorpaenidae,Neomerinthe amplisquamiceps,16.2,FisCep,Benthic,Neomerinthe,NA,NA
Scorpaenidae,Neomerinthe bauchotae,10.1,FisCep,Benthic,Neomerinthe,NA,NA
Scorpaenidae,Neomerinthe beanorum,15.5,FisCep,Benthic,Neomerinthe,NA,NA
Scorpaenidae,Neomerinthe folgori,59,FisCep,Benthic,Neomerinthe,NA,NA
Scorpaenidae,Neomerinthe hemingwayi,40,FisCep,Benthic,Neomerinthe,NA,NA
Scorpaenidae,Neomerinthe megalepis,9.4,FisCep,Benthic,Neomerinthe,NA,NA
Scorpaenidae,Neomerinthe procurva,7.1,FisCep,Benthic,Neomerinthe,NA,NA
Scorpaenidae,Neomerinthe rufescens,10,FisCep,Benthic,Neomerinthe,NA,NA
Scorpaenidae,Neoscorpaena nielseni,21.61,FisCep,Benthic,Neoscorpaena,NA,NA
Scorpaenidae,Parapterois heterura,38,FisCep,Benthic,Parapterois,NA,NA
Scorpaenidae,Parapterois macrura,12.4,FisCep,Benthic,Parapterois,NA,NA
Scorpaenidae,Parascorpaena aurita,15,FisCep,Benthic,Parascorpaena,0.0138,3.02
Scorpaenidae,Parascorpaena bandanensis,10,FisCep,Benthic,Parascorpaena,NA,NA
Scorpaenidae,Parascorpaena maculipinnis,5,FisCep,Benthic,Parascorpaena,NA,NA
Scorpaenidae,Parascorpaena mcadamsi,8,FisCep,Benthic,Parascorpaena,NA,NA
Scorpaenidae,Parascorpaena mossambica,12,FisCep,Benthic,Parascorpaena,0.01259,3.03
Scorpaenidae,Parascorpaena picta,16,FisCep,Benthic,Parascorpaena,NA,NA
Scorpaenidae,Phenacoscorpius adenensis,10,FisCep,Benthic,Phenacoscorpius,NA,NA
Scorpaenidae,Phenacoscorpius longilineatus,10.5,FisCep,Benthic,Phenacoscorpius,NA,NA
Scorpaenidae,Phenacoscorpius megalops,13.5,FisCep,Benthic,Phenacoscorpius,NA,NA
Scorpaenidae,Phenacoscorpius nebris,10,FisCep,Benthic,Phenacoscorpius,NA,NA
Scorpaenidae,Pontinus accraensis,40,FisCep,Benthic,Pontinus,NA,NA
Scorpaenidae,Pontinus castor,46,FisCep,Benthic,Pontinus,NA,NA
Scorpaenidae,Pontinus furcirhinus,27,FisCep,Benthic,Pontinus,NA,NA
Scorpaenidae,Pontinus helena,16.8,FisCep,Benthic,Pontinus,NA,NA
Scorpaenidae,Pontinus kuhlii,52,FisCep,Benthic,Pontinus,NA,NA
Scorpaenidae,Pontinus leda,27,FisCep,Benthic,Pontinus,NA,NA
Scorpaenidae,Pontinus longispinis,31.6,FisCep,Benthic,Pontinus,NA,NA
Scorpaenidae,Pontinus macrocephalus,36.5,FisCep,Benthic,Pontinus,NA,NA
Scorpaenidae,Pontinus nematophthalmus,14,FisCep,Benthic,Pontinus,NA,NA
Scorpaenidae,Pontinus rathbuni,25,FisCep,Benthic,Pontinus,NA,NA
Scorpaenidae,Pontinus rhodochrous,28,FisCep,Benthic,Pontinus,NA,NA
Scorpaenidae,Pteroidichthys amboinensis,12,FisCep,Benthic,Pteroidichthys,NA,NA
Scorpaenidae,Pterois andover,23,FisCep,Benthopelagic,Pterois,NA,NA
Scorpaenidae,Pterois antennata,20,FisCep,Benthopelagic,Pterois,0.01023,3.01
Scorpaenidae,Pterois lunulata,35,FisCep,Benthopelagic,Pterois,NA,NA
Scorpaenidae,Pterois miles,35,FisCep,Benthopelagic,Pterois,0.019,2.896
Scorpaenidae,Pterois mombasae,20,FisCep,Benthopelagic,Pterois,NA,NA
Scorpaenidae,Pterois radiata,24,InvMob,Benthic,Pterois,0.01023,3.01
Scorpaenidae,Pterois russelii,30,FisCep,Benthopelagic,Pterois,NA,NA
Scorpaenidae,Pterois sphex,22,FisCep,Benthopelagic,Pterois,NA,NA
Scorpaenidae,Pterois volitans,38,FisCep,Benthic,Pterois,0.015064,3.263
Scorpaenidae,Rhinopias aphanes,25,FisCep,Benthic,Rhinopias,NA,NA
Scorpaenidae,Rhinopias eschmeyeri,23,FisCep,Benthic,Rhinopias,NA,NA
Scorpaenidae,Rhinopias frondosa,23,FisCep,Benthic,Rhinopias,NA,NA
Scorpaenidae,Rhinopias xenops,15.3,FisCep,Benthic,Rhinopias,NA,NA
Scorpaenidae,Scorpaena agassizii,20,FisCep,Benthic,Scorpaena,NA,NA
Scorpaenidae,Scorpaena albifimbria,9,FisCep,Benthic,Scorpaena,NA,NA
Scorpaenidae,Scorpaena angolensis,25,FisCep,Benthic,Scorpaena,NA,NA
Scorpaenidae,Scorpaena annobonae,4.4,FisCep,Benthic,Scorpaena,NA,NA
Scorpaenidae,Scorpaena bergii,10,FisCep,Benthic,Scorpaena,NA,NA
Scorpaenidae,Scorpaena brachyptera,7.5,FisCep,Benthic,Scorpaena,NA,NA
Scorpaenidae,Scorpaena brasiliensis,35,FisCep,Benthic,Scorpaena,NA,NA
Scorpaenidae,Scorpaena bulacephala,8.75,FisCep,Benthic,Scorpaena,NA,NA
Scorpaenidae,Scorpaena calcarata,13,FisCep,Benthic,Scorpaena,NA,NA
Scorpaenidae,Scorpaena cardinalis,41,FisCep,Benthic,Scorpaena,0.0111,3.206
Scorpaenidae,Scorpaena cocosensis,6.2,FisCep,Benthic,Scorpaena,NA,NA
Scorpaenidae,Scorpaena colorata,9.5,FisCep,Benthic,Scorpaena,NA,NA
Scorpaenidae,Scorpaena dispar,23,FisCep,Benthic,Scorpaena,NA,NA
Scorpaenidae,Scorpaena elachys,6.4,FisCep,Benthic,Scorpaena,NA,NA
Scorpaenidae,Scorpaena elongata,50,FisCep,Benthic,Scorpaena,NA,NA
Scorpaenidae,Scorpaena gasta,8.36,FisCep,Benthic,Scorpaena,NA,NA
Scorpaenidae,Scorpaena grandicornis,30,FisCep,Benthic,Scorpaena,NA,NA
Scorpaenidae,Scorpaena guttata,43,FisCep,Benthic,Scorpaena,0.033,2.996
Scorpaenidae,Scorpaena histrio,26,FisCep,Benthic,Scorpaena,0.01318,3.03
Scorpaenidae,Scorpaena inermis,11,FisCep,Benthic,Scorpaena,NA,NA
Scorpaenidae,Scorpaena isthmensis,16,FisCep,Benthic,Scorpaena,NA,NA
Scorpaenidae,Scorpaena izensis,44.5,FisCep,Benthic,Scorpaena,NA,NA
Scorpaenidae,Scorpaena laevis,35,FisCep,Benthic,Scorpaena,NA,NA
Scorpaenidae,Scorpaena loppei,15,InvMob,Benthic,Scorpaena,0.00945,3.319
Scorpaenidae,Scorpaena maderensis,14,FisCep,Benthic,Scorpaena,0.0177,2.980333333
Scorpaenidae,Scorpaena mystes,45.7,FisCep,Benthic,Scorpaena,0.01318,3.03
Scorpaenidae,Scorpaena neglecta,37.5,FisCep,Benthic,Scorpaena,NA,NA
Scorpaenidae,Scorpaena normani,20,FisCep,Benthic,Scorpaena,NA,NA
Scorpaenidae,Scorpaena notata,24,InvMob,Benthic,Scorpaena,0.018950645,3.033383871
Scorpaenidae,Scorpaena onaria,30,FisCep,Benthic,Scorpaena,NA,NA
Scorpaenidae,Scorpaena papillosa,30,FisCep,Benthic,Scorpaena,0.0123,3.04
Scorpaenidae,Scorpaena pele,13.5,FisCep,Benthic,Scorpaena,NA,NA
Scorpaenidae,Scorpaena plumieri,45,FisCep,Benthic,Scorpaena,0.01514,3
Scorpaenidae,Scorpaena porcus,37,FisCep,Benthic,Scorpaena,0.020007857,3.006135714
Scorpaenidae,Scorpaena russula,15,FisCep,Benthic,Scorpaena,NA,NA
Scorpaenidae,Scorpaena scrofa,50,FisCep,Benthic,Scorpaena,0.019575,2.994141667
Scorpaenidae,Scorpaena sonorae,15.8,FisCep,Benthic,Scorpaena,NA,NA
Scorpaenidae,Scorpaena stephanica,40,FisCep,Benthic,Scorpaena,NA,NA
Scorpaenidae,Scorpaenodes africanus,90,FisCep,Benthic,Scorpaenodes,NA,NA
Scorpaenidae,Scorpaenodes albaiensis,12,FisCep,Benthic,Scorpaenodes,NA,NA
Scorpaenidae,Scorpaenodes arenai,11,FisCep,Benthic,Scorpaenodes,NA,NA
Scorpaenidae,Scorpaenodes caribbaeus,12,FisCep,Benthic,Scorpaenodes,NA,NA
Scorpaenidae,Scorpaenodes corallinus,10.5,FisCep,Benthic,Scorpaenodes,0.01259,3.03
Scorpaenidae,Scorpaenodes englerti,9,FisCep,Benthic,Scorpaenodes,NA,NA
Scorpaenidae,Scorpaenodes evides,10.5,FisCep,Benthic,Scorpaenodes,0.01778,3.03
Scorpaenidae,Scorpaenodes guamensis,14,FisCep,Benthic,Scorpaenodes,NA,NA
Scorpaenidae,Scorpaenodes hirsutus,5.6,FisCep,Benthic,Scorpaenodes,NA,NA
Scorpaenidae,Scorpaenodes insularis,10,FisCep,Benthic,Scorpaenodes,NA,NA
Scorpaenidae,Scorpaenodes kelloggi,5,FisCep,Benthic,Scorpaenodes,NA,NA
Scorpaenidae,Scorpaenodes minor,5.2,FisCep,Benthic,Scorpaenodes,NA,NA
Scorpaenidae,Scorpaenodes muciparus,8.74,FisCep,Benthic,Scorpaenodes,NA,NA
Scorpaenidae,Scorpaenodes parvipinnis,14,FisCep,Benthic,Scorpaenodes,0.01549,3.05
Scorpaenidae,Scorpaenodes quadrispinosus,9.98,FisCep,Benthic,Scorpaenodes,NA,NA
Scorpaenidae,Scorpaenodes rubrivinctus,10.08,FisCep,Benthic,Scorpaenodes,NA,NA
Scorpaenidae,Scorpaenodes scaber,12,FisCep,Benthic,Scorpaenodes,0.01479,3.04
Scorpaenidae,Scorpaenodes smithi,7.7,FisCep,Benthic,Scorpaenodes,NA,NA
Scorpaenidae,Scorpaenodes steinitzi,5.5,FisCep,Benthic,Scorpaenodes,NA,NA
Scorpaenidae,Scorpaenodes tribulosus,5.14,FisCep,Benthic,Scorpaenodes,NA,NA
Scorpaenidae,Scorpaenodes varipinnis,13,FisCep,Benthic,Scorpaenodes,0.01259,3.03
Scorpaenidae,Scorpaenodes xyris,15,FisCep,Benthic,Scorpaenodes,NA,NA
Scorpaenidae,Scorpaenopsis barbata,22,FisCep,Benthic,Scorpaenopsis,NA,NA
Scorpaenidae,Scorpaenopsis brevifrons,13.3,FisCep,Benthic,Scorpaenopsis,NA,NA
Scorpaenidae,Scorpaenopsis cacopsis,51,FisCep,Benthic,Scorpaenopsis,NA,NA
Scorpaenidae,Scorpaenopsis cirrosa,23.1,FisCep,Benthic,Scorpaenopsis,NA,NA
Scorpaenidae,Scorpaenopsis cotticeps,6.29,FisCep,Benthic,Scorpaenopsis,NA,NA
Scorpaenidae,Scorpaenopsis diabolus,30,FisCep,Benthic,Scorpaenopsis,0.01259,3.03
Scorpaenidae,Scorpaenopsis eschmeyeri,7.55,FisCep,Benthic,Scorpaenopsis,NA,NA
Scorpaenidae,Scorpaenopsis furneauxi,9.6,FisCep,Benthic,Scorpaenopsis,NA,NA
Scorpaenidae,Scorpaenopsis gibbosa,21,FisCep,Benthic,Scorpaenopsis,NA,NA
Scorpaenidae,Scorpaenopsis longispina,9.2,FisCep,Benthic,Scorpaenopsis,NA,NA
Scorpaenidae,Scorpaenopsis macrochir,13.6,FisCep,Benthic,Scorpaenopsis,NA,NA
Scorpaenidae,Scorpaenopsis neglecta,19,FisCep,Benthic,Scorpaenopsis,0.01259,3.03
Scorpaenidae,Scorpaenopsis obtusa,10,FisCep,Benthic,Scorpaenopsis,NA,NA
Scorpaenidae,Scorpaenopsis orientalis,27.8,FisCep,Benthic,Scorpaenopsis,NA,NA
Scorpaenidae,Scorpaenopsis oxycephala,36,FisCep,Benthic,Scorpaenopsis,0.01514,3.11
Scorpaenidae,Scorpaenopsis papuensis,25,FisCep,Benthic,Scorpaenopsis,0.01259,3.03
Scorpaenidae,Scorpaenopsis possi,19.4,FisCep,Benthic,Scorpaenopsis,0.01259,3.03
Scorpaenidae,Scorpaenopsis ramaraoi,20.8,FisCep,Benthic,Scorpaenopsis,NA,NA
Scorpaenidae,Scorpaenopsis venosa,25,FisCep,Benthic,Scorpaenopsis,0.01259,3.03
Scorpaenidae,Scorpaenopsis vittapinna,8.5,FisCep,Benthic,Scorpaenopsis,NA,NA
Scorpaenidae,Sebastapistes ballieui,11.7,FisCep,Benthic,Sebastapistes,NA,NA
Scorpaenidae,Sebastapistes coniorta,10,FisCep,Benthic,Sebastapistes,NA,NA
Scorpaenidae,Sebastapistes cyanostigma,10,FisCep,Benthic,Sebastapistes,0.01259,3.03
Scorpaenidae,Sebastapistes fowleri,4.7,FisCep,Benthic,Sebastapistes,0.01259,3.03
Scorpaenidae,Sebastapistes mauritiana,9.5,FisCep,Benthic,Sebastapistes,0.01259,3.03
Scorpaenidae,Sebastapistes nuchalis,10.16,FisCep,Benthic,Sebastapistes,NA,NA
Scorpaenidae,Sebastapistes strongia,9.5,FisCep,Benthic,Sebastapistes,0.01259,3.03
Scorpaenidae,Sebastapistes tinkhami,10,FisCep,Benthic,Sebastapistes,NA,NA
Scorpaenidae,Taenianotus triacanthus,10,FisCep,Benthic,Taenianotus,0.01259,3.03
Scorpaenidae,Thysanichthys crossotus,8.4,FisCep,Benthic,Thysanichthys,NA,NA
Serranidae,Acanthistius brasilianus,60,FisCep,Benthic,Acanthistius,NA,NA
Serranidae,Acanthistius ocellatus,45,FisCep,Benthic,Acanthistius,0.01349,3
Serranidae,Acanthistius sebastoides,35,FisCep,Benthic,Acanthistius,0.01349,3
Serranidae,Acanthistius serratus,50,FisCep,Benthic,Acanthistius,0.01349,3
Serranidae,Aethaloperca rogaa,60,FisCep,Benthic,Aethaloperca,0.01318,3.08
Serranidae,Alphestes afer,33,FisCep,Benthopelagic,Alphestes,NA,NA
Serranidae,Alphestes immaculatus,30,FisCep,Benthic,Alphestes,0.01148,3.04
Serranidae,Alphestes multiguttatus,30,FisCep,Benthic,Alphestes,NA,NA
Serranidae,Anthias anthias,27,Plktiv,Benthopelagic,Anthias,NA,NA
Serranidae,Anthias asperilinguis,15.6,Plktiv,Benthopelagic,Anthias,NA,NA
Serranidae,Anthias menezesi,28,Plktiv,Benthopelagic,Anthias,NA,NA
Serranidae,Anthias nicholsi,25,Plktiv,Benthopelagic,Anthias,NA,NA
Serranidae,Anthias noeli,29,Plktiv,Benthopelagic,Anthias,NA,NA
Serranidae,Anthias woodsi,20.8,Plktiv,Benthopelagic,Anthias,NA,NA
Serranidae,Anyperodon leucogrammicus,65,FisCep,Benthic,Anyperodon,0.02159,2.989
Serranidae,Aporops bilinearis,9.9,FisCep,Benthic,Aporops,NA,NA
Serranidae,Aulacocephalus temminckii,40,FisCep,Benthic,Aulacocephalus,NA,NA
Serranidae,Baldwinella aureorubens,30,Plktiv,Benthic,Baldwinella,NA,NA
Serranidae,Baldwinella vivanus,25,Plktiv,Benthic,Baldwinella,NA,NA
Serranidae,Belonoperca chabanaudi,15,FisCep,Benthopelagic,Belonoperca,0.00389,3.12
Serranidae,Caprodon krasyukovae,47,Plktiv,Benthopelagic,Caprodon,NA,NA
Serranidae,Caprodon longimanus,55,Plktiv,Benthopelagic,Caprodon,0.01349,3
Serranidae,Caprodon schlegelii,35,Plktiv,Benthopelagic,Caprodon,NA,NA
Serranidae,Centropristis ocyurus,30,FisCep,Benthic,Centropristis,NA,NA
Serranidae,Centropristis philadelphica,30,FisCep,Benthic,Centropristis,NA,NA
Serranidae,Centropristis striata,66,InvMob,Benthic,Centropristis,0.0424,2.684
Serranidae,Cephalopholis aitha,40,FisCep,Benthic,Cephalopholis,NA,NA
Serranidae,Cephalopholis argus,60,FisCep,Benthic,Cephalopholis,0.013376,3.09316
Serranidae,Cephalopholis aurantia,60,FisCep,Benthic,Cephalopholis,NA,NA
Serranidae,Cephalopholis boenak,30,FisCep,Benthic,Cephalopholis,0.01665,3.022
Serranidae,Cephalopholis cruentata,42.6,FisCep,Benthic,Cephalopholis,0.011073333,3.121
Serranidae,Cephalopholis cruentata,42.6,FisCep,Benthic,Cephalopholis,0.011073333,3.121
Serranidae,Cephalopholis cyanostigma,40,FisCep,Benthic,Cephalopholis,0.019,2.96
Serranidae,Cephalopholis formosa,34,FisCep,Benthic,Cephalopholis,0.01,2.97
Serranidae,Cephalopholis fulva,45,FisCep,Benthic,Cephalopholis,0.0257,2.977
Serranidae,Cephalopholis fulva,45,FisCep,Benthic,Cephalopholis,0.0257,2.977
Serranidae,Cephalopholis hemistiktos,35,FisCep,Benthic,Cephalopholis,0.0175,3
Serranidae,Cephalopholis igarashiensis,43,FisCep,Benthic,Cephalopholis,NA,NA
Serranidae,Cephalopholis leopardus,24,FisCep,Benthic,Cephalopholis,0.01259,3.04
Serranidae,Cephalopholis microprion,25,FisCep,Benthic,Cephalopholis,0.01698,3.1
Serranidae,Cephalopholis miniata,50,FisCep,Benthic,Cephalopholis,0.018623333,3.084666667
Serranidae,Cephalopholis miniata,50,FisCep,Benthic,Cephalopholis,0.01072,3.06
Serranidae,Cephalopholis nigri,30.5,FisCep,Benthic,Cephalopholis,NA,NA
Serranidae,Cephalopholis nigripinnis,28,FisCep,Benthic,Cephalopholis,NA,NA
Serranidae,Cephalopholis oligosticta,30,FisCep,Benthic,Cephalopholis,NA,NA
Serranidae,Cephalopholis panamensis,31,FisCep,Benthic,Cephalopholis,0.01514,3.07
Serranidae,Cephalopholis polleni,43,FisCep,Benthic,Cephalopholis,NA,NA
Serranidae,Cephalopholis polyspila,18.8,FisCep,Benthic,Cephalopholis,NA,NA
Serranidae,Cephalopholis sexmaculata,50,FisCep,Benthic,Cephalopholis,0.01259,3.04
Serranidae,Cephalopholis sonnerati,57,FisCep,Benthic,Cephalopholis,0.01318,3.05
Serranidae,Cephalopholis spiloparaea,30,FisCep,Benthic,Cephalopholis,0.0273,3
Serranidae,Cephalopholis taeniops,70,FisCep,Benthic,Cephalopholis,0.007333333,3.195666667
Serranidae,Cephalopholis urodeta,28,FisCep,Benthic,Cephalopholis,0.0123,3.04
Serranidae,Chelidoperca pleurospilus,13,FisCep,Benthic,Chelidoperca,NA,NA
Serranidae,Cromileptes altivelis,70,FisCep,Benthic,Cromileptes,0.01318,3.12
Serranidae,Dermatolepis dermatolepis,100,FisCep,Benthic,Dermatolepis,0.01148,3.04
Serranidae,Dermatolepis inermis,91,FisCep,Benthopelagic,Dermatolepis,NA,NA
Serranidae,Dermatolepis striolata,85,FisCep,Benthic,Dermatolepis,NA,NA
Serranidae,Diplectrum bivittatum,25,FisCep,Benthic,Diplectrum,0.00933,3.16
Serranidae,Diplectrum formosum,30,InvMob,Benthic,Diplectrum,0.004353333,3.365
Serranidae,Diplectrum pacificum,34,FisCep,Benthic,Diplectrum,0.00813,3.15
Serranidae,Diplectrum radiale,26,FisCep,Benthic,Diplectrum,NA,NA
Serranidae,Diploprion bifasciatum,25,FisCep,Benthopelagic,Diploprion,0.01778,3.04
Serranidae,Diploprion drachi,14,FisCep,Benthopelagic,Diploprion,NA,NA
Serranidae,Dules auriga,19.5,FisCep,Benthopelagic,Dules,0.00985,3.2034
Serranidae,Epinephelus adscensionis,61,InvMob,Benthic,Epinephelus,0.01115,3.12
Serranidae,Epinephelus aeneus,144,InvMob,Benthic,Epinephelus,0.011563333,3.085
Serranidae,Epinephelus akaara,58,FisCep,Benthic,Epinephelus,0.01479,3.07
Serranidae,Epinephelus albomarginatus,100,FisCep,Benthic,Epinephelus,NA,NA
Serranidae,Epinephelus amblycephalus,50,FisCep,Benthic,Epinephelus,NA,NA
Serranidae,Epinephelus analogus,114,FisCep,Benthic,Epinephelus,0.01175,3.04
Serranidae,Epinephelus andersoni,87,FisCep,Benthic,Epinephelus,NA,NA
Serranidae,Epinephelus areolatus,47,FisCep,Benthic,Epinephelus,0.0114325,3.013475
Serranidae,Epinephelus awoara,60,FisCep,Benthic,Epinephelus,NA,NA
Serranidae,Epinephelus bilobatus,33,FisCep,Benthic,Epinephelus,0.01175,3.04
Serranidae,Epinephelus bleekeri,76,FisCep,Benthic,Epinephelus,0.01288,3.06
Serranidae,Epinephelus bontoides,30,FisCep,Benthic,Epinephelus,NA,NA
Serranidae,Epinephelus bruneus,136,FisCep,Benthic,Epinephelus,NA,NA
Serranidae,Epinephelus caninus,164,InvMob,Benthic,Epinephelus,0.01175,3.04
Serranidae,Epinephelus chabaudi,137,FisCep,Benthic,Epinephelus,NA,NA
Serranidae,Epinephelus chlorocephalus,17.1,FisCep,Benthic,Epinephelus,NA,NA
Serranidae,Epinephelus chlorostigma,75,FisCep,Benthic,Epinephelus,0.0164,3.04
Serranidae,Epinephelus cifuentesi,100,FisCep,Benthic,Epinephelus,NA,NA
Serranidae,Epinephelus clippertonensis,61,FisCep,Benthic,Epinephelus,NA,NA
Serranidae,Epinephelus coeruleopunctatus,76,FisCep,Benthic,Epinephelus,0.01122,3
Serranidae,Epinephelus coioides,120,FisCep,Benthic,Epinephelus,0.016765,3.037225
Serranidae,Epinephelus coioides,120,FisCep,Benthic,Epinephelus,0.016765,3.037225
Serranidae,Epinephelus corallicola,49,FisCep,Benthic,Epinephelus,0.01175,3.04
Serranidae,Epinephelus costae,171.2,InvMob,Benthic,Epinephelus,0.03617,2.905333333
Serranidae,Epinephelus cyanopodus,122,FisCep,Benthopelagic,Epinephelus,0.0135,3.061
Serranidae,Epinephelus daemelii,200,FisCep,Benthic,Epinephelus,0.01175,3.04
Serranidae,Epinephelus diacanthus,55,FisCep,Benthic,Epinephelus,0.031333333,2.823333333
Serranidae,Epinephelus drummondhayi,110,InvMob,Benthic,Epinephelus,0.01096,3.04
Serranidae,Epinephelus epistictus,80,FisCep,Benthic,Epinephelus,NA,NA
Serranidae,Epinephelus erythrurus,45,FisCep,Benthic,Epinephelus,NA,NA
Serranidae,Epinephelus fasciatomaculosus,30,FisCep,Benthic,Epinephelus,NA,NA
Serranidae,Epinephelus fasciatus,40,InvMob,Benthic,Epinephelus,0.01945,2.9315
Serranidae,Epinephelus faveatus,32,FisCep,Benthic,Epinephelus,NA,NA
Serranidae,Epinephelus flavocaeruleus,90,FisCep,Benthic,Epinephelus,NA,NA
Serranidae,Epinephelus fuscoguttatus,120,FisCep,Benthic,Epinephelus,0.0143,3.033
Serranidae,Epinephelus gabriellae,52,FisCep,Benthic,Epinephelus,NA,NA
Serranidae,Epinephelus goreensis,140,FisCep,Benthic,Epinephelus,NA,NA
Serranidae,Epinephelus guttatus,76,InvMob,Benthic,Epinephelus,0.01435,3.036
Serranidae,Epinephelus heniochus,35,FisCep,Benthic,Epinephelus,NA,NA
Serranidae,Epinephelus hexagonatus,29.5,FisCep,Benthic,Epinephelus,0.015835,2.965
Serranidae,Epinephelus howlandi,55,FisCep,Benthic,Epinephelus,0.0159,3.0085
Serranidae,Epinephelus irroratus,34,FisCep,Benthic,Epinephelus,0.01175,3.04
Serranidae,Epinephelus itajara,250,InvMob,Benthic,Epinephelus,0.01072,3.04
Serranidae,Epinephelus labriformis,60,FisCep,Benthic,Epinephelus,0.0343,2.9
Serranidae,Epinephelus lanceolatus,270,FisCep,Benthic,Epinephelus,0.01175,3.04
Serranidae,Epinephelus latifasciatus,168.6,FisCep,Benthic,Epinephelus,0.015125,3.012
Serranidae,Epinephelus longispinis,55,FisCep,Benthic,Epinephelus,0.02042,3.14
Serranidae,Epinephelus macrospilos,51,InvMob,Benthic,Epinephelus,0.01072,3.05
Serranidae,Epinephelus maculatus,60.5,FisCep,Benthic,Epinephelus,0.0144,2.99
Serranidae,Epinephelus magniscuttis,150,FisCep,Benthic,Epinephelus,NA,NA
Serranidae,Epinephelus malabaricus,234,InvMob,Benthic,Epinephelus,0.0165225,3.094525
Serranidae,Epinephelus marginatus,150,InvMob,Benthic,Epinephelus,0.011025,3.097725
Serranidae,Epinephelus melanostigma,35,FisCep,Benthic,Epinephelus,0.01148,3.05
Serranidae,Epinephelus merra,31,InvMob,Benthic,Epinephelus,0.0115325,3.16825
Serranidae,Epinephelus miliaris,53,FisCep,Benthic,Epinephelus,NA,NA
Serranidae,Epinephelus morio,125,InvMob,Benthic,Epinephelus,0.0123,3.035
Serranidae,Epinephelus morrhua,90,InvMob,Benthic,Epinephelus,0.01318,3.04
Serranidae,Epinephelus multinotatus,100,FisCep,Benthic,Epinephelus,0.0128925,3.0417
Serranidae,Epinephelus multinotatus,100,FisCep,Benthic,Epinephelus,0.0128925,3.0417
Serranidae,Epinephelus ongus,40,FisCep,Benthic,Epinephelus,0.0216,2.887
Serranidae,Epinephelus poecilonotus,65,FisCep,Benthic,Epinephelus,NA,NA
Serranidae,Epinephelus polylepis,61,FisCep,Benthic,Epinephelus,0.01023,3.03
Serranidae,Epinephelus polyphekadion,113.7,FisCep,Benthic,Epinephelus,0.0115,3.0985
Serranidae,Epinephelus posteli,100,FisCep,Benthic,Epinephelus,NA,NA
Serranidae,Epinephelus quinquefasciatus,250,FisCep,Benthic,Epinephelus,NA,NA
Serranidae,Epinephelus quoyanus,40,FisCep,Benthic,Epinephelus,0.014,3.04
Serranidae,Epinephelus radiatus,70,FisCep,Benthic,Epinephelus,NA,NA
Serranidae,Epinephelus retouti,50,FisCep,Benthic,Epinephelus,NA,NA
Serranidae,Epinephelus rivulatus,39,FisCep,Benthic,Epinephelus,0.0211625,2.916225
Serranidae,Epinephelus sexfasciatus,40,FisCep,Benthic,Epinephelus,0.0265,2.877
Serranidae,Epinephelus socialis,52,FisCep,Benthic,Epinephelus,0.01175,3.04
Serranidae,Epinephelus spilotoceps,35,InvMob,Benthic,Epinephelus,0.01096,3.06
Serranidae,Epinephelus stictus,33,FisCep,Benthic,Epinephelus,NA,NA
Serranidae,Epinephelus stoliczkae,38,FisCep,Benthic,Epinephelus,NA,NA
Serranidae,Epinephelus striatus,122,InvMob,Benthic,Epinephelus,0.009513333,3.170666667
Serranidae,Epinephelus summana,52,FisCep,Benthic,Epinephelus,NA,NA
Serranidae,Epinephelus tauvina,90,FisCep,Benthic,Epinephelus,0.023775,2.94715
Serranidae,Epinephelus timorensis,26.5,FisCep,Benthic,Epinephelus,NA,NA
Serranidae,Epinephelus trimaculatus,50,FisCep,Benthic,Epinephelus,0.01175,3.04
Serranidae,Epinephelus tukula,200,FisCep,Benthic,Epinephelus,0.106,2.56
Serranidae,Epinephelus undulatostriatus,61,FisCep,Benthic,Epinephelus,0.01175,3.04
Serranidae,Epinephelus undulosus,120,FisCep,Benthic,Epinephelus,NA,NA
Serranidae,Gonioplectrus hispanus,30,FisCep,Benthic,Gonioplectrus,NA,NA
Serranidae,Gracila albomarginata,40,FisCep,Benthic,Gracila,0.01148,3.04
Serranidae,Grammistes sexlineatus,30,InvMob,Benthic,Grammistes,0.01122,3.04
Serranidae,Grammistops ocellatus,13.2,FisCep,Benthic,Grammistops,NA,NA
Serranidae,Hemanthias leptus,50,Plktiv,Benthopelagic,Hemanthias,NA,NA
Serranidae,Hemanthias peruanus,45,Plktiv,Benthopelagic,Hemanthias,NA,NA
Serranidae,Hemanthias signifer,42,Plktiv,Benthopelagic,Hemanthias,NA,NA
Serranidae,Hemilutjanus macrophthalmos,50,FisCep,Benthopelagic,Hemilutjanus,NA,NA
Serranidae,Hypoplectrodes cardinalis,10,FisCep,Benthic,Hypoplectrodes,NA,NA
Serranidae,Hypoplectrodes jamesoni,12,FisCep,Benthic,Hypoplectrodes,0.01349,3
Serranidae,Hypoplectrodes maccullochi,45,FisCep,Benthic,Hypoplectrodes,0.01349,3
Serranidae,Hypoplectrodes nigroruber,30,FisCep,Benthic,Hypoplectrodes,0.01349,3
Serranidae,Hypoplectrodes wilsoni,20,FisCep,Benthic,Hypoplectrodes,NA,NA
Serranidae,Hypoplectrus aberrans,13,FisCep,Benthic,Hypoplectrus,0.01778,3.03
Serranidae,Hypoplectrus chlorurus,12.7,FisCep,Benthic,Hypoplectrus,0.01778,3.03
Serranidae,Hypoplectrus gummigutta,13.2,FisCep,Benthic,Hypoplectrus,NA,NA
Serranidae,Hypoplectrus guttavarius,13,FisCep,Benthic,Hypoplectrus,0.01778,3.03
Serranidae,Hypoplectrus indigo,14.25,FisCep,Benthic,Hypoplectrus,0.01778,3.03
Serranidae,Hypoplectrus nigricans,15.24,FisCep,Benthic,Hypoplectrus,0.01778,3.03
Serranidae,Hypoplectrus puella,15.24,FisCep,Benthic,Hypoplectrus,0.01778,3.03
Serranidae,Hypoplectrus unicolor,12.7,FisCep,Benthic,Hypoplectrus,0.01778,3.03
Serranidae,Hyporthodus acanthistius,100,FisCep,Benthic,Hyporthodus,NA,NA
Serranidae,Hyporthodus ergastularius,157,FisCep,Benthic,Hyporthodus,NA,NA
Serranidae,Hyporthodus exsul,125,FisCep,Benthic,Hyporthodus,NA,NA
Serranidae,Hyporthodus haifensis,125,FisCep,Benthic,Hyporthodus,NA,NA
Serranidae,Hyporthodus mystacinus,160,FisCep,Benthic,Hyporthodus,NA,NA
Serranidae,Hyporthodus nigritus,230,FisCep,Benthic,Hyporthodus,0.0201,2.98
Serranidae,Hyporthodus nigritus,230,FisCep,Benthic,Hyporthodus,0.0201,2.98
Serranidae,Hyporthodus niphobles,48,FisCep,Benthic,Hyporthodus,NA,NA
Serranidae,Hyporthodus niveatus,122,FisCep,Benthic,Hyporthodus,0.023655,2.897
Serranidae,Hyporthodus niveatus,122,FisCep,Benthic,Hyporthodus,0.023655,2.897
Serranidae,Hyporthodus octofasciatus,130,FisCep,Benthic,Hyporthodus,0.016675,2.99555
Serranidae,Hyporthodus quernus,122,FisCep,Benthopelagic,Hyporthodus,0.01905,2.9985
Serranidae,Hyporthodus septemfasciatus,155,FisCep,Benthic,Hyporthodus,NA,NA
Serranidae,Lepidoperca occidentalis,15,FisCep,Benthic,Lepidoperca,NA,NA
Serranidae,Liopropoma africanum,8,FisCep,Benthic,Liopropoma,NA,NA
Serranidae,Liopropoma carmabi,6,FisCep,Benthic,Liopropoma,NA,NA
Serranidae,Liopropoma collettei,7.5,FisCep,Benthic,Liopropoma,NA,NA
Serranidae,Liopropoma eukrines,13,FisCep,Benthic,Liopropoma,NA,NA
Serranidae,Liopropoma fasciatum,17.8,FisCep,Benthic,Liopropoma,NA,NA
Serranidae,Liopropoma lemniscatum,17.5,FisCep,Benthic,Liopropoma,NA,NA
Serranidae,Liopropoma lunulatum,18.7,FisCep,Benthic,Liopropoma,NA,NA
Serranidae,Liopropoma maculatum,21.7,FisCep,Benthic,Liopropoma,NA,NA
Serranidae,Liopropoma mitratum,9,FisCep,Benthic,Liopropoma,NA,NA
Serranidae,Liopropoma mowbrayi,9,FisCep,Benthic,Liopropoma,NA,NA
Serranidae,Liopropoma multilineatum,8,FisCep,Benthic,Liopropoma,NA,NA
Serranidae,Liopropoma pallidum,6.4,FisCep,Benthic,Liopropoma,NA,NA
Serranidae,Liopropoma randalli,13.2,FisCep,Benthic,Liopropoma,NA,NA
Serranidae,Liopropoma rubre,10,FisCep,Benthic,Liopropoma,NA,NA
Serranidae,Liopropoma susumi,9.1,FisCep,Benthic,Liopropoma,NA,NA
Serranidae,Liopropoma swalesi,5.6,FisCep,Benthic,Liopropoma,NA,NA
Serranidae,Liopropoma tonstrinum,8,FisCep,Benthic,Liopropoma,NA,NA
Serranidae,Luzonichthys earlei,5.5,Plktiv,Benthopelagic,Luzonichthys,NA,NA
Serranidae,Luzonichthys microlepis,6.3,Plktiv,Benthopelagic,Luzonichthys,NA,NA
Serranidae,Luzonichthys taeniatus,5.5,Plktiv,Benthopelagic,Luzonichthys,NA,NA
Serranidae,Luzonichthys waitei,7,Plktiv,Benthopelagic,Luzonichthys,0.00389,3.12
Serranidae,Luzonichthys whitleyi,5.8,Plktiv,Benthopelagic,Luzonichthys,0.00389,3.12
Serranidae,Meganthias natalensis,37.4,Plktiv,Benthopelagic,Meganthias,NA,NA
Serranidae,Mycteroperca acutirostris,80,FisCep,Benthic,Mycteroperca,NA,NA
Serranidae,Mycteroperca bonaci,150,FisCep,Benthic,Mycteroperca,0.00976,3.095
Serranidae,Mycteroperca cidi,114,FisCep,Benthic,Mycteroperca,NA,NA
Serranidae,Mycteroperca fusca,80,FisCep,Benthic,Mycteroperca,0.00941,3
Serranidae,Mycteroperca interstitialis,84,FisCep,Benthic,Mycteroperca,0.01645,2.97
Serranidae,Mycteroperca jordani,198,FisCep,Benthic,Mycteroperca,NA,NA
Serranidae,Mycteroperca microlepis,145,FisCep,Benthic,Mycteroperca,0.0234,2.95
Serranidae,Mycteroperca olfax,120,InvMob,Benthic,Mycteroperca,0.0061,3.2
Serranidae,Mycteroperca phenax,107,FisCep,Benthic,Mycteroperca,0.01435,3
Serranidae,Mycteroperca prionura,105,FisCep,Benthic,Mycteroperca,NA,NA
Serranidae,Mycteroperca rosacea,86,InvMob,Benthic,Mycteroperca,0.01413,2.985
Serranidae,Mycteroperca rubra,144,FisCep,Benthic,Mycteroperca,0.014866667,2.988333333
Serranidae,Mycteroperca tigris,101,FisCep,Benthic,Mycteroperca,0.01425,3.115
Serranidae,Mycteroperca venenosa,100,FisCep,Benthic,Mycteroperca,0.02005,3.01
Serranidae,Mycteroperca xenarcha,150,FisCep,Benthic,Mycteroperca,0.00912,3.05
Serranidae,Nemanthias carberryi,13,Plktiv,Benthopelagic,Nemanthias,NA,NA
Serranidae,Niphon spinosus,100,FisCep,Benthic,Niphon,NA,NA
Serranidae,Odontanthias borbonius,15,Plktiv,Benthopelagic,Odontanthias,NA,NA
Serranidae,Odontanthias chrysostictus,20,Plktiv,Benthopelagic,Odontanthias,NA,NA
Serranidae,Odontanthias elizabethae,10.9,Plktiv,Benthopelagic,Odontanthias,NA,NA
Serranidae,Odontanthias flagris,20,Plktiv,Benthopelagic,Odontanthias,NA,NA
Serranidae,Odontanthias fuscipinnis,15.3,Plktiv,Benthopelagic,Odontanthias,NA,NA
Serranidae,Odontanthias rhodopeplus,16,Plktiv,Benthopelagic,Odontanthias,NA,NA
Serranidae,Odontanthias tapui,14.5,Plktiv,Benthopelagic,Odontanthias,NA,NA
Serranidae,Odontanthias unimaculatus,20,Plktiv,Benthopelagic,Odontanthias,NA,NA
Serranidae,Othos dentex,75,FisCep,Benthic,Othos,0.01349,3
Serranidae,Paralabrax albomaculatus,50.8,FisCep,Benthic,Paralabrax,0.01148,3.05
Serranidae,Paralabrax auroguttatus,71,FisCep,Benthic,Paralabrax,0.01349,3.07
Serranidae,Paralabrax clathratus,72,FisCep,Benthopelagic,Paralabrax,0.00273,3.27
Serranidae,Paralabrax dewegeri,43,FisCep,Benthic,Paralabrax,NA,NA
Serranidae,Paralabrax humeralis,54.5,FisCep,Benthic,Paralabrax,NA,NA
Serranidae,Paralabrax loro,38,FisCep,Benthic,Paralabrax,NA,NA
Serranidae,Paralabrax maculatofasciatus,60,InvMob,Benthic,Paralabrax,0.01815,2.964
Serranidae,Paralabrax nebulifer,67,FisCep,Benthic,Paralabrax,0.01988,3
Serranidae,Paranthias colonus,35.6,Plktiv,Benthopelagic,Paranthias,0.01148,3.04
Serranidae,Paranthias furcifer,40.9,Plktiv,Pelagic,Paranthias,0.01122,3.05
Serranidae,Plectranthias alleni,6.3,FisCep,Benthic,Plectranthias,NA,NA
Serranidae,Plectranthias anthioides,25,FisCep,Benthic,Plectranthias,NA,NA
Serranidae,Plectranthias fourmanoiri,4.7,FisCep,Benthic,Plectranthias,NA,NA
Serranidae,Plectranthias gardineri,3.2,FisCep,Benthic,Plectranthias,NA,NA
Serranidae,Plectranthias inermis,4.5,FisCep,Benthic,Plectranthias,NA,NA
Serranidae,Plectranthias longimanus,3.5,FisCep,Benthic,Plectranthias,NA,NA
Serranidae,Plectranthias morgansi,5,FisCep,Benthic,Plectranthias,NA,NA
Serranidae,Plectranthias nanus,3.98,FisCep,Benthic,Plectranthias,0.01349,3
Serranidae,Plectranthias pelicieri,4.8,FisCep,Benthic,Plectranthias,NA,NA
Serranidae,Plectranthias randalli,11.07,FisCep,Benthic,Plectranthias,NA,NA
Serranidae,Plectranthias rubrifasciatus,4.9,FisCep,Benthic,Plectranthias,NA,NA
Serranidae,Plectranthias sagamiensis,6,FisCep,Benthic,Plectranthias,NA,NA
Serranidae,Plectranthias wheeleri,8.28,FisCep,Benthic,Plectranthias,NA,NA
Serranidae,Plectranthias winniensis,4,FisCep,Benthic,Plectranthias,NA,NA
Serranidae,Plectranthias yamakawai,20,FisCep,Benthic,Plectranthias,NA,NA
Serranidae,Plectropomus areolatus,80,FisCep,Benthic,Plectropomus,0.01122,3.05
Serranidae,Plectropomus laevis,125,FisCep,Benthic,Plectropomus,0.0198,3
Serranidae,Plectropomus leopardus,149.4,FisCep,Benthic,Plectropomus,0.017223333,2.973866667
Serranidae,Plectropomus maculatus,119.9,FisCep,Benthic,Plectropomus,0.008446667,3.148466667
Serranidae,Plectropomus oligacanthus,75,FisCep,Benthic,Plectropomus,0.01023,3.03
Serranidae,Plectropomus pessuliferus,120,FisCep,Benthic,Plectropomus,0.01148,3.04
Serranidae,Plectropomus punctatus,96,FisCep,Benthic,Plectropomus,NA,NA
Serranidae,Pogonoperca ocellata,30,FisCep,Benthic,Pogonoperca,NA,NA
Serranidae,Pogonoperca punctata,35,FisCep,Benthic,Pogonoperca,0.01122,3.04
Serranidae,Pronotogrammus eos,18,Plktiv,Benthopelagic,Pronotogrammus,NA,NA
Serranidae,Pronotogrammus martinicensis,20,Plktiv,Benthopelagic,Pronotogrammus,0.02042,3.01
Serranidae,Pronotogrammus multifasciatus,28.5,Plktiv,Benthopelagic,Pronotogrammus,NA,NA
Serranidae,Pseudanthias bartlettorum,9,Plktiv,Benthopelagic,Pseudanthias,NA,NA
Serranidae,Pseudanthias bicolor,13,Plktiv,Benthopelagic,Pseudanthias,0.0123,3
Serranidae,Pseudanthias bimaculatus,14,Plktiv,Benthopelagic,Pseudanthias,NA,NA
Serranidae,Pseudanthias bimarginatus,7,Plktiv,Benthopelagic,Pseudanthias,NA,NA
Serranidae,Pseudanthias charleneae,7.53,Plktiv,Benthopelagic,Pseudanthias,NA,NA
Serranidae,Pseudanthias cichlops,9.5,Plktiv,Benthopelagic,Pseudanthias,NA,NA
Serranidae,Pseudanthias cooperi,14,Plktiv,Benthopelagic,Pseudanthias,0.00933,2.93
Serranidae,Pseudanthias dispar,9.5,Plktiv,Benthopelagic,Pseudanthias,0.0123,3.02
Serranidae,Pseudanthias elongatus,14,Plktiv,Benthopelagic,Pseudanthias,NA,NA
Serranidae,Pseudanthias engelhardi,10,Plktiv,Benthopelagic,Pseudanthias,0.0123,3
Serranidae,Pseudanthias evansi,12,Plktiv,Benthic,Pseudanthias,0.0123,3
Serranidae,Pseudanthias fasciatus,21,Plktiv,Benthopelagic,Pseudanthias,0.0123,3
Serranidae,Pseudanthias flavicauda,6.58,Plktiv,Benthopelagic,Pseudanthias,NA,NA
Serranidae,Pseudanthias flavoguttatus,10.2,Plktiv,Benthopelagic,Pseudanthias,NA,NA
Serranidae,Pseudanthias heemstrai,13,Plktiv,Benthopelagic,Pseudanthias,NA,NA
Serranidae,Pseudanthias hiva,10.04,Plktiv,Benthopelagic,Pseudanthias,0.0123,3
Serranidae,Pseudanthias huchtii,12,Plktiv,Benthopelagic,Pseudanthias,0.01288,3
Serranidae,Pseudanthias hutomoi,12,Plktiv,Benthopelagic,Pseudanthias,NA,NA
Serranidae,Pseudanthias hypselosoma,19,Plktiv,Benthopelagic,Pseudanthias,0.01259,3.03
Serranidae,Pseudanthias ignitus,9,Plktiv,Benthopelagic,Pseudanthias,0.0123,3
Serranidae,Pseudanthias lori,12,Plktiv,Benthopelagic,Pseudanthias,0.0123,3
Serranidae,Pseudanthias lunulatus,8,Plktiv,Benthopelagic,Pseudanthias,NA,NA
Serranidae,Pseudanthias luzonensis,14.5,Plktiv,Benthopelagic,Pseudanthias,NA,NA
Serranidae,Pseudanthias marcia,16,Plktiv,Benthopelagic,Pseudanthias,NA,NA
Serranidae,Pseudanthias olivaceus,12,Plktiv,Benthopelagic,Pseudanthias,0.0123,3
Serranidae,Pseudanthias parvirostris,7.5,Plktiv,Benthopelagic,Pseudanthias,NA,NA
Serranidae,Pseudanthias pascalus,20,Plktiv,Benthopelagic,Pseudanthias,0.0123,3
Serranidae,Pseudanthias pictilis,13.5,Plktiv,Benthopelagic,Pseudanthias,0.0123,3
Serranidae,Pseudanthias pleurotaenia,20,Plktiv,Benthopelagic,Pseudanthias,0.0123,3
Serranidae,Pseudanthias pulcherrimus,7,Plktiv,Benthopelagic,Pseudanthias,NA,NA
Serranidae,Pseudanthias randalli,9.5,Plktiv,Benthopelagic,Pseudanthias,NA,NA
Serranidae,Pseudanthias regalis,8,Plktiv,Benthopelagic,Pseudanthias,0.0123,3
Serranidae,Pseudanthias rubrizonatus,12,Plktiv,Benthopelagic,Pseudanthias,0.01259,3.01
Serranidae,Pseudanthias rubrolineatus,9.22,Plktiv,Benthopelagic,Pseudanthias,NA,NA
Serranidae,Pseudanthias sheni,10.48,Plktiv,Benthopelagic,Pseudanthias,NA,NA
Serranidae,Pseudanthias smithvanizi,9.5,Plktiv,Benthopelagic,Pseudanthias,0.0123,3
Serranidae,Pseudanthias squamipinnis,15,Plktiv,Benthopelagic,Pseudanthias,0.01738,2.96
Serranidae,Pseudanthias taeniatus,13,Plktiv,Benthopelagic,Pseudanthias,0.0123,3
Serranidae,Pseudanthias thompsoni,22,Plktiv,Benthopelagic,Pseudanthias,NA,NA
Serranidae,Pseudanthias townsendi,9,Plktiv,Benthopelagic,Pseudanthias,NA,NA
Serranidae,Pseudanthias tuka,12,Plktiv,Benthopelagic,Pseudanthias,0.0123,3
Serranidae,Pseudanthias ventralis,7,Plktiv,Benthopelagic,Pseudanthias,NA,NA
Serranidae,Pseudogramma astigma,7.4,FisCep,Benthic,Pseudogramma,NA,NA
Serranidae,Pseudogramma gregoryi,7.5,FisCep,Benthic,Pseudogramma,NA,NA
Serranidae,Pseudogramma polyacantha,8.6,FisCep,Benthic,Pseudogramma,0.00389,3.12
Serranidae,Pseudogramma thaumasia,9,FisCep,Benthic,Pseudogramma,NA,NA
Serranidae,Rabaulichthys altipinnis,6,Plktiv,Benthopelagic,Rabaulichthys,NA,NA
Serranidae,Rabaulichthys squirei,6.22,Plktiv,Benthopelagic,Rabaulichthys,NA,NA
Serranidae,Rabaulichthys stigmaticus,6,Plktiv,Benthopelagic,Rabaulichthys,NA,NA
Serranidae,Rypticus bicolor,28,FisCep,Benthic,Rypticus,0.01738,3.01
Serranidae,Rypticus bistrispinus,15,FisCep,Benthic,Rypticus,NA,NA
Serranidae,Rypticus carpenteri,8.6,FisCep,Benthic,Rypticus,NA,NA
Serranidae,Rypticus courtenayi,19,FisCep,Benthic,Rypticus,NA,NA
Serranidae,Rypticus maculatus,20,FisCep,Benthic,Rypticus,NA,NA
Serranidae,Rypticus nigripinnis,20.3,FisCep,Benthic,Rypticus,0.01738,3.01
Serranidae,Rypticus saponaceus,35,FisCep,Benthic,Rypticus,0.01122,3.04
Serranidae,Rypticus subbifrenatus,18,FisCep,Benthic,Rypticus,NA,NA
Serranidae,Sacura margaritacea,13,Plktiv,Benthopelagic,Sacura,NA,NA
Serranidae,Saloptia powelli,39,FisCep,Benthic,Saloptia,NA,NA
Serranidae,Schultzea beta,10,FisCep,Benthopelagic,Schultzea,NA,NA
Serranidae,Serraniculus pumilio,7.5,FisCep,Benthic,Serraniculus,NA,NA
Serranidae,Serranocirrhitus latus,13,Plktiv,Benthopelagic,Serranocirrhitus,0.02455,2.98
Serranidae,Serranus accraensis,20,FisCep,Benthic,Serranus,NA,NA
Serranidae,Serranus aequidens,20,FisCep,Benthic,Serranus,NA,NA
Serranidae,Serranus africanus,14,FisCep,Benthic,Serranus,NA,NA
Serranidae,Serranus annularis,9,FisCep,Benthic,Serranus,NA,NA
Serranidae,Serranus atricauda,43.2,InvMob,Benthic,Serranus,0.0090525,3.1755
Serranidae,Serranus atrobranchus,19,FisCep,Benthic,Serranus,NA,NA
Serranidae,Serranus baldwini,12,FisCep,Benthic,Serranus,0.01096,3.05
Serranidae,Serranus cabrilla,47,FisCep,Benthic,Serranus,0.020002424,2.894736364
Serranidae,Serranus chionaraia,5,FisCep,Benthic,Serranus,NA,NA
Serranidae,Serranus flaviventris,8,FisCep,Benthic,Serranus,0.01514,3.19
Serranidae,Serranus hepatus,25,InvMob,Benthic,Serranus,0.023482,2.967864
Serranidae,Serranus luciopercanus,12,FisCep,Benthic,Serranus,NA,NA
Serranidae,Serranus notospilus,10,FisCep,Benthic,Serranus,NA,NA
Serranidae,Serranus phoebe,20,FisCep,Benthic,Serranus,NA,NA
Serranidae,Serranus psittacinus,18,FisCep,Benthic,Serranus,0.01096,3.05
Serranidae,Serranus scriba,45,InvMob,Benthic,Serranus,0.013074615,3.051746154
Serranidae,Serranus subligarius,10,InvMob,Benthic,Serranus,0.01096,3.05
Serranidae,Serranus tabacarius,22,FisCep,Benthic,Serranus,0.01096,3.05
Serranidae,Serranus tigrinus,29,FisCep,Benthic,Serranus,0.01,3.04
Serranidae,Serranus tortugarum,8,Plktiv,Benthopelagic,Serranus,0.01096,3.05
Serranidae,Suttonia lineata,8.1,FisCep,Benthic,Suttonia,NA,NA
Serranidae,Suttonia suttoni,7.8,FisCep,Benthic,Suttonia,NA,NA
Serranidae,Trachypoma macracanthus,22,FisCep,Benthic,Trachypoma,0.01349,3
Serranidae,Triso dermopterus,68,FisCep,Benthic,Triso,0.01122,3.05
Serranidae,Variola albimarginata,65,FisCep,Benthic,Variola,0.0187,3
Serranidae,Variola louti,83,FisCep,Benthic,Variola,0.007565,3.2096
Serranidae,Zalanthias kelloggi,12,FisCep,Benthopelagic,Zalanthias,NA,NA
Siganidae,Siganus argenteus,40,HerDet,Benthopelagic,Siganus,0.01413,2.99
Siganidae,Siganus canaliculatus,30,HerMac,Benthic,Siganus,0.01805,2.926
Siganidae,Siganus corallinus,43.8,HerDet,Benthic,Siganus,0.01072,3.17
Siganidae,Siganus doliatus,31.6,HerDet,Benthic,Siganus,0.01349,3.11
Siganidae,Siganus fuscescens,40,HerMac,Benthic,Siganus,0.0266,2.76
Siganidae,Siganus guttatus,42,HerDet,Benthic,Siganus,0.01585,3.06
Siganidae,Siganus javus,53,HerMac,Pelagic,Siganus,0.01479,3.06
Siganidae,Siganus labyrinthodes,25,HerDet,Benthic,Siganus,NA,NA
Siganidae,Siganus lineatus,43,HerDet,Benthic,Siganus,0.01738,3
Siganidae,Siganus luridus,30,HerMac,Benthic,Siganus,0.019597143,2.927
Siganidae,Siganus magnificus,24,HerDet,Benthic,Siganus,NA,NA
Siganidae,Siganus puelloides,31,HerDet,Benthic,Siganus,0.01445,3.07
Siganidae,Siganus puellus,38,InvSes,Benthic,Siganus,0.0123,2.98
Siganidae,Siganus punctatissimus,43.6,HerDet,Benthic,Siganus,0.01445,3.07
Siganidae,Siganus punctatus,40,HerDet,Benthic,Siganus,0.01288,3.15
Siganidae,Siganus randalli,33.5,HerDet,Benthic,Siganus,NA,NA
Siganidae,Siganus rivulatus,27,HerMac,Benthic,Siganus,0.01272,3.0113
Siganidae,Siganus spinus,28,HerDet,Benthic,Siganus,0.0195,3.01
Siganidae,Siganus stellatus,40,HerDet,Benthic,Siganus,0.01514,2.99
Siganidae,Siganus sutor,54.4,HerMac,Benthic,Siganus,0.0507,2.742
Siganidae,Siganus sutor,54.4,HerMac,Benthic,Siganus,0.0507,2.742
Siganidae,Siganus trispilos,25,HerDet,Benthic,Siganus,0.01445,3.07
Siganidae,Siganus unimaculatus,20,HerDet,Benthic,Siganus,NA,NA
Siganidae,Siganus vermiculatus,45,HerMac,Benthic,Siganus,0.01622,3.04
Siganidae,Siganus virgatus,30,HerDet,Benthic,Siganus,0.01905,3.13
Siganidae,Siganus vulpinus,29.9,HerDet,Benthic,Siganus,0.01445,3.07
Soleidae,Aseraggodes whitakeri,4.8582,InvMob,Benthic,Aseraggodes,0.00955,3.07
Solenostomidae,Solenostomus armatus,5.7,InvMob,Benthic,Solenostomus,NA,NA
Solenostomidae,Solenostomus cyanopterus,17,InvMob,Benthic,Solenostomus,NA,NA
Solenostomidae,Solenostomus leptosoma,10,InvMob,Benthic,Solenostomus,NA,NA
Solenostomidae,Solenostomus paegnius,12,InvMob,Benthic,Solenostomus,NA,NA
Solenostomidae,Solenostomus paradoxus,12,InvMob,Benthic,Solenostomus,0.01,3.04
Sparidae,Acanthopagrus arabicus,45.1,InvMob,Benthic,Acanthopagrus,0.02512,2.95
Sparidae,Acanthopagrus australis,78.3,InvMob,Benthic,Acanthopagrus,0.01259,3.03
Sparidae,Acanthopagrus berda,90,InvMob,Benthic,Acanthopagrus,0.01405,3.106
Sparidae,Acanthopagrus bifasciatus,32.6,InvMob,Benthic,Acanthopagrus,0.01514,3.04
Sparidae,Acanthopagrus catenula,36.4,InvMob,Benthic,Acanthopagrus,NA,NA
Sparidae,Acanthopagrus palmaris,40,InvMob,Benthic,Acanthopagrus,0.0195,2.97
Sparidae,Acanthopagrus schlegelii,50,InvMob,Benthic,Acanthopagrus,0.01728,3.051
Sparidae,Archosargus pourtalesii,35.6,Omnivr,Benthopelagic,Archosargus,NA,NA
Sparidae,Archosargus probatocephalus,91,Omnivr,Benthopelagic,Archosargus,0.011795,3.20615
Sparidae,Archosargus rhomboidalis,33,Omnivr,Benthopelagic,Archosargus,0.0203,2.9942
Sparidae,Argyrops filamentosus,70,InvMob,Benthic,Argyrops,0.01826,3
Sparidae,Argyrops spinifer,70,InvMob,Benthic,Argyrops,0.092852,2.67764
Sparidae,Argyrozona argyrozona,90,FisCep,Benthopelagic,Argyrozona,0.001148,3.02
Sparidae,Boops boops,36,Plktiv,Pelagic,Boops,0.00873,3.057364516
Sparidae,Boops lineatus,25,Omnivr,Benthopelagic,Boops,NA,NA
Sparidae,Boopsoidea inornata,40,Omnivr,Benthopelagic,Boopsoidea,0.01288,3.03
Sparidae,Calamus arctifrons,25,InvMob,Benthopelagic,Calamus,NA,NA
Sparidae,Calamus bajonado,76,InvMob,Benthopelagic,Calamus,0.0263,2.92
Sparidae,Calamus brachysomus,61,InvMob,Benthopelagic,Calamus,0.02239,2.95
Sparidae,Calamus calamus,56,InvMob,Benthopelagic,Calamus,0.02291,2.93
Sparidae,Calamus cervigoni,20,InvMob,Benthopelagic,Calamus,NA,NA
Sparidae,Calamus leucosteus,46,InvMob,Benthopelagic,Calamus,0.03388,2.98
Sparidae,Calamus mu,26.5,InvMob,Benthopelagic,Calamus,NA,NA
Sparidae,Calamus nodosus,54.4,InvMob,Benthopelagic,Calamus,0.00765,3.13
Sparidae,Calamus penna,46,InvMob,Benthopelagic,Calamus,0.02754,2.89
Sparidae,Calamus pennatula,37,InvMob,Benthopelagic,Calamus,0.01905,2.95
Sparidae,Calamus proridens,46,InvMob,Benthopelagic,Calamus,0.01288,2.83
Sparidae,Calamus taurinus,40,InvMob,Benthopelagic,Calamus,0.02239,2.95
Sparidae,Cheimerius nufar,75,InvMob,Benthic,Cheimerius,0.0805,2.65
Sparidae,Chrysoblephus anglicus,100,InvMob,Benthic,Chrysoblephus,NA,NA
Sparidae,Chrysoblephus cristiceps,75,InvMob,Benthic,Chrysoblephus,0.01738,2.99
Sparidae,Chrysoblephus gibbiceps,75,InvMob,Benthic,Chrysoblephus,0.02754,3
Sparidae,Chrysoblephus laticeps,51.2,InvMob,Benthic,Chrysoblephus,0.02,3.08
Sparidae,Chrysoblephus lophus,50,InvMob,Benthic,Chrysoblephus,NA,NA
Sparidae,Chrysoblephus puniceus,85,InvMob,Benthic,Chrysoblephus,NA,NA
Sparidae,Cymatoceps nasutus,150,InvMob,Benthic,Cymatoceps,0.01549,3.06
Sparidae,Dentex angolensis,37,InvMob,Benthopelagic,Dentex,0.01479,3.03
Sparidae,Dentex barnardi,40,InvMob,Benthopelagic,Dentex,0.01288,3.03
Sparidae,Dentex canariensis,122.7,FisCep,Benthopelagic,Dentex,0.0154,2.98
Sparidae,Dentex dentex,100,FisCep,Benthopelagic,Dentex,0.01884,3.026863636
Sparidae,Dentex gibbosus,117.1,InvMob,Benthopelagic,Dentex,0.015545,3.008
Sparidae,Dentex macrophthalmus,65,InvMob,Benthopelagic,Dentex,0.0165,2.9475
Sparidae,Dentex maroccanus,45,InvMob,Benthopelagic,Dentex,0.043233333,2.966
Sparidae,Diplodus annularis,24,InvMob,Benthopelagic,Diplodus,0.014355844,3.12767013
Sparidae,Diplodus argenteus,37.8,Omnivr,Benthopelagic,Diplodus,0.01259,3.04
Sparidae,Diplodus bellottii,35.8,InvMob,Benthopelagic,Diplodus,NA,NA
Sparidae,Diplodus bermudensis,30,Omnivr,Benthopelagic,Diplodus,NA,NA
Sparidae,Diplodus capensis,45,Omnivr,Benthopelagic,Diplodus,0.01514,3.08
Sparidae,Diplodus cervinus,55,Omnivr,Benthopelagic,Diplodus,0.0093,3.21
Sparidae,Diplodus cervinus,55,Omnivr,Benthopelagic,Diplodus,0.0093,3.21
Sparidae,Diplodus fasciatus,45,InvMob,Benthopelagic,Diplodus,NA,NA
Sparidae,Diplodus holbrookii,46,InvMob,Benthopelagic,Diplodus,NA,NA
Sparidae,Diplodus hottentotus,60,InvMob,Benthopelagic,Diplodus,0.0679,2.65
Sparidae,Diplodus noct,25,InvMob,Benthopelagic,Diplodus,NA,NA
Sparidae,Diplodus prayensis,35,InvMob,Benthopelagic,Diplodus,NA,NA
Sparidae,Diplodus puntazzo,60,Omnivr,Benthopelagic,Diplodus,0.02218,2.94898
Sparidae,Diplodus puntazzo,60,Omnivr,Benthopelagic,Diplodus,0.02218,2.94898
Sparidae,Diplodus sargus,45,InvMob,Benthopelagic,Diplodus,0.0172836,3.041072
Sparidae,Diplodus vulgaris,45,InvMob,Benthopelagic,Diplodus,0.016315938,3.079715625
Sparidae,Evynnis cardinalis,40,InvMob,Benthopelagic,Evynnis,NA,NA
Sparidae,Gymnocrotaphus curvidens,50,InvMob,Benthic,Gymnocrotaphus,0.01288,3.03
Sparidae,Lagodon rhomboides,40,InvMob,Benthopelagic,Lagodon,0.01349,3.04
Sparidae,Lithognathus aureti,100,InvMob,Benthopelagic,Lithognathus,0.01514,3.05
Sparidae,Lithognathus mormyrus,55,InvMob,Benthopelagic,Lithognathus,0.013664444,3.002911111
Sparidae,Oblada melanura,34,Plktiv,Pelagic,Oblada,0.01258,3.091314286
Sparidae,Pachymetopon aeneum,60,InvSes,Benthopelagic,Pachymetopon,0.01288,3.04
Sparidae,Pachymetopon blochii,54,Omnivr,Benthopelagic,Pachymetopon,0.01514,3.05
Sparidae,Pachymetopon grande,74,Omnivr,Benthopelagic,Pachymetopon,0.02188,2.97
Sparidae,Pagellus acarne,36,InvMob,Benthopelagic,Pagellus,0.010735862,3.116513793
Sparidae,Pagellus affinis,67,Omnivr,Benthopelagic,Pagellus,NA,NA
Sparidae,Pagellus bellottii,52.8,Omnivr,Benthopelagic,Pagellus,0.0146775,2.98
Sparidae,Pagellus bogaraveo,70,InvMob,Benthopelagic,Pagellus,0.013808182,3.027590909
Sparidae,Pagellus erythrinus,73.7,Omnivr,Benthopelagic,Pagellus,0.018089667,2.921093333
Sparidae,Pagellus natalensis,30,InvMob,Benthopelagic,Pagellus,0.01413,3.06
Sparidae,Pagrus africanus,75,InvMob,Benthopelagic,Pagrus,NA,NA
Sparidae,Pagrus auratus,120,InvMob,Benthic,Pagrus,0.04249,2.6878
Sparidae,Pagrus auriga,80,InvMob,Benthopelagic,Pagrus,0.02138,2.97
Sparidae,Pagrus caeruleostictus,113.3,InvMob,Benthopelagic,Pagrus,0.031654,2.807154
Sparidae,Pagrus major,123.5,InvMob,Benthic,Pagrus,0.012923333,2.935666667
Sparidae,Pagrus pagrus,91,InvMob,Benthopelagic,Pagrus,0.0187445,2.965995
Sparidae,Polyamblyodon germanum,45,Omnivr,Benthic,Polyamblyodon,NA,NA
Sparidae,Polyamblyodon gibbosum,60,InvMob,Benthic,Polyamblyodon,NA,NA
Sparidae,Polysteganus coeruleopunctatus,60,FisCep,Benthic,Polysteganus,NA,NA
Sparidae,Polysteganus praeorbitalis,90,FisCep,Benthic,Polysteganus,NA,NA
Sparidae,Polysteganus undulosus,120,FisCep,Benthopelagic,Polysteganus,0.166,2.47
Sparidae,Porcostoma dentata,36,InvMob,Pelagic,Porcostoma,NA,NA
Sparidae,Pterogymnus laniarius,45,InvMob,Benthic,Pterogymnus,0.01622,3.05
Sparidae,Rhabdosargus haffara,35,InvMob,Benthic,Rhabdosargus,NA,NA
Sparidae,Rhabdosargus holubi,40,InvMob,Benthic,Rhabdosargus,0.01738,3.06
Sparidae,Rhabdosargus sarba,80,InvMob,Benthic,Rhabdosargus,0.035445714,2.835362857
Sparidae,Sarpa salpa,59.5,HerDet,Pelagic,Sarpa,0.014033889,3.041944444
Sparidae,Sparidentex belayewi,19.3,InvMob,Benthic,Sparidentex,NA,NA
Sparidae,Sparodon durbanensis,120,InvMob,Benthic,Sparodon,0.0833,2.61
Sparidae,Sparus aurata,70,InvMob,Benthopelagic,Sparus,0.023329333,3.000306667
Sparidae,Spondyliosoma cantharus,71.4,InvMob,Benthopelagic,Spondyliosoma,0.015163333,3.074977778
Sparidae,Spondyliosoma emarginatum,45,InvMob,Benthopelagic,Spondyliosoma,0.01288,3.03
Sparidae,Stenotomus caprinus,30,InvMob,Benthopelagic,Stenotomus,NA,NA
Sparidae,Stenotomus chrysops,46,InvMob,Benthopelagic,Stenotomus,0.02261,3
Sparidae,Virididentex acromegalus,52,InvMob,Pelagic,Virididentex,NA,NA
Sphyraenidae,Sphyraena acutipinnis,80,FisCep,Pelagic,Sphyraena,NA,NA
Sphyraenidae,Sphyraena afra,205,FisCep,Pelagic,Sphyraena,NA,NA
Sphyraenidae,Sphyraena barracuda,200,FisCep,Pelagic,Sphyraena,0.027685714,2.767128571
Sphyraenidae,Sphyraena borealis,46,FisCep,Pelagic,Sphyraena,NA,NA
Sphyraenidae,Sphyraena flavicauda,60,FisCep,Pelagic,Sphyraena,0.011,2.73
Sphyraenidae,Sphyraena forsteri,75,FisCep,Pelagic,Sphyraena,NA,NA
Sphyraenidae,Sphyraena guachancho,200,FisCep,Pelagic,Sphyraena,NA,NA
Sphyraenidae,Sphyraena helleri,80,FisCep,Pelagic,Sphyraena,0.00708,2.92
Sphyraenidae,Sphyraena idiastes,91,FisCep,Pelagic,Sphyraena,0.00708,2.92
Sphyraenidae,Sphyraena jello,150,FisCep,Pelagic,Sphyraena,0.0104,2.9532
Sphyraenidae,Sphyraena novaehollandiae,100,FisCep,Pelagic,Sphyraena,0.00813,2.81
Sphyraenidae,Sphyraena obtusata,55,FisCep,Pelagic,Sphyraena,0.00383,3.0238
Sphyraenidae,Sphyraena picudilla,61,FisCep,Pelagic,Sphyraena,NA,NA
Sphyraenidae,Sphyraena pinguis,50,FisCep,Pelagic,Sphyraena,0.132573333,2.351366667
Sphyraenidae,Sphyraena putnamae,90,FisCep,Pelagic,Sphyraena,0.00759,2.93
Sphyraenidae,Sphyraena qenie,170,FisCep,Pelagic,Sphyraena,0.00708,2.92
Sphyraenidae,Sphyraena sphyraena,165,FisCep,Pelagic,Sphyraena,0.007625,2.9715
Syngnathidae,Acentronura breviperula,5,InvMob,Benthic,Acentronura,NA,NA
Syngnathidae,Acentronura tentaculata,6.3,InvMob,Benthic,Acentronura,NA,NA
Syngnathidae,Amphelikturus dendriticus,7.5,InvMob,Benthic,Amphelikturus,NA,NA
Syngnathidae,Anarchopterus tectus,12.5,InvMob,Benthic,Anarchopterus,NA,NA
Syngnathidae,Apterygocampus epinnulatus,3,InvMob,Benthic,Apterygocampus,NA,NA
Syngnathidae,Bhanotia nuda,7,InvMob,Benthic,Bhanotia,NA,NA
Syngnathidae,Bhanotia pauciradiata,3.21,InvMob,Benthic,Bhanotia,NA,NA
Syngnathidae,Bryx randalli,10,Plktiv,Benthic,Bryx,NA,NA
Syngnathidae,Bryx veleronis,6,Plktiv,Benthic,Bryx,NA,NA
Syngnathidae,Bulbonaricus brauni,5.5,InvMob,Benthic,Bulbonaricus,NA,NA
Syngnathidae,Bulbonaricus davaoensis,4.3,InvMob,Benthic,Bulbonaricus,NA,NA
Syngnathidae,Campichthys tricarinatus,4.4,InvMob,Benthic,Campichthys,NA,NA
Syngnathidae,Choeroichthys brachysoma,7,InvMob,Benthic,Choeroichthys,0.00087,3.03
Syngnathidae,Choeroichthys cinctus,8,InvMob,Benthic,Choeroichthys,NA,NA
Syngnathidae,Choeroichthys sculptus,8.5,InvMob,Benthic,Choeroichthys,NA,NA
Syngnathidae,Choeroichthys suillus,6.75,InvMob,Benthic,Choeroichthys,NA,NA
Syngnathidae,Corythoichthys amplexus,10,InvMob,Benthic,Corythoichthys,NA,NA
Syngnathidae,Corythoichthys flavofasciatus,12,InvMob,Benthic,Corythoichthys,0.00036,3.18
Syngnathidae,Corythoichthys haematopterus,19.8,InvMob,Benthic,Corythoichthys,0.00036,3.18
Syngnathidae,Corythoichthys insularis,10,InvMob,Benthic,Corythoichthys,NA,NA
Syngnathidae,Corythoichthys intestinalis,16.7,InvMob,Benthic,Corythoichthys,0.00036,3.18
Syngnathidae,Corythoichthys nigripectus,11,InvMob,Benthic,Corythoichthys,NA,NA
Syngnathidae,Corythoichthys ocellatus,10.3,InvMob,Benthic,Corythoichthys,NA,NA
Syngnathidae,Corythoichthys polynotatus,16,InvMob,Benthic,Corythoichthys,NA,NA
Syngnathidae,Corythoichthys schultzi,16,InvMob,Benthic,Corythoichthys,0.00036,3.18
Syngnathidae,Cosmocampus albirostris,20,InvMob,Benthic,Cosmocampus,NA,NA
Syngnathidae,Cosmocampus arctus,12,InvMob,Benthic,Cosmocampus,NA,NA
Syngnathidae,Cosmocampus banneri,5.8,InvMob,Benthic,Cosmocampus,NA,NA
Syngnathidae,Cosmocampus brachycephalus,10,InvMob,Benthic,Cosmocampus,NA,NA
Syngnathidae,Cosmocampus darrosanus,7.4,InvMob,Benthic,Cosmocampus,NA,NA
Syngnathidae,Cosmocampus elucens,15,InvMob,Benthic,Cosmocampus,NA,NA
Syngnathidae,Cosmocampus investigatoris,7.15,InvMob,Benthic,Cosmocampus,NA,NA
Syngnathidae,Cosmocampus maxweberi,10,InvMob,Benthic,Cosmocampus,NA,NA
Syngnathidae,Doryrhamphus excisus,7,InvMob,Benthic,Doryrhamphus,0.00098,3.06
Syngnathidae,Doryrhamphus janssi,14,InvMob,Benthic,Doryrhamphus,NA,NA
Syngnathidae,Doryrhamphus japonicus,8.5,InvMob,Benthic,Doryrhamphus,NA,NA
Syngnathidae,Doryrhamphus negrosensis,4.7,InvMob,Benthic,Doryrhamphus,NA,NA
Syngnathidae,Dunckerocampus baldwini,14,InvMob,Benthic,Dunckerocampus,NA,NA
Syngnathidae,Dunckerocampus boylei,16,InvMob,Benthic,Dunckerocampus,NA,NA
Syngnathidae,Dunckerocampus dactyliophorus,19,InvMob,Benthic,Dunckerocampus,0.00087,3.03
Syngnathidae,Dunckerocampus multiannulatus,19,InvMob,Benthic,Dunckerocampus,NA,NA
Syngnathidae,Dunckerocampus pessuliferus,16,InvMob,Benthic,Dunckerocampus,NA,NA
Syngnathidae,Festucalex erythraeus,8.2,InvMob,Benthic,Festucalex,NA,NA
Syngnathidae,Festucalex gibbsi,8,InvMob,Benthic,Festucalex,NA,NA
Syngnathidae,Festucalex kulbickii,6.35,InvMob,Benthic,Festucalex,NA,NA
Syngnathidae,Festucalex prolixus,3.6,InvMob,Benthic,Festucalex,NA,NA
Syngnathidae,Festucalex wassi,7.4,InvMob,Benthic,Festucalex,NA,NA
Syngnathidae,Filicampus tigris,29.6,InvMob,Benthic,Filicampus,0.00036,3.18
Syngnathidae,Halicampus boothae,17.5,InvMob,Benthic,Halicampus,0.00036,3.18
Syngnathidae,Halicampus brocki,12,InvMob,Benthic,Halicampus,NA,NA
Syngnathidae,Halicampus dunckeri,15,InvMob,Benthic,Halicampus,NA,NA
Syngnathidae,Halicampus grayi,20,InvMob,Benthic,Halicampus,NA,NA
Syngnathidae,Halicampus macrorhynchus,18,InvMob,Benthic,Halicampus,NA,NA
Syngnathidae,Halicampus mataafae,14,InvMob,Benthic,Halicampus,NA,NA
Syngnathidae,Halicampus nitidus,7.3,InvMob,Benthic,Halicampus,NA,NA
Syngnathidae,Halicampus spinirostris,12,InvMob,Benthic,Halicampus,NA,NA
Syngnathidae,Haliichthys taeniophorus,30,InvMob,Benthic,Haliichthys,NA,NA
Syngnathidae,Heraldia nocturna,9.2,Plktiv,Benthic,Heraldia,NA,NA
Syngnathidae,Hippocampus abdominalis,35,Plktiv,Benthic,Hippocampus,0.00447,3
Syngnathidae,Hippocampus algiricus,19.2,Plktiv,Benthic,Hippocampus,NA,NA
Syngnathidae,Hippocampus angustus,22,Plktiv,Benthic,Hippocampus,0.00447,3
Syngnathidae,Hippocampus barbouri,15,Plktiv,Benthic,Hippocampus,NA,NA
Syngnathidae,Hippocampus bargibanti,2.4,Plktiv,Benthic,Hippocampus,0.00447,3
Syngnathidae,Hippocampus biocellatus,10.8,Plktiv,Benthic,Hippocampus,NA,NA
Syngnathidae,Hippocampus colemani,2.65,Plktiv,Benthic,Hippocampus,NA,NA
Syngnathidae,Hippocampus comes,18.7,Plktiv,Benthic,Hippocampus,0.00447,3
Syngnathidae,Hippocampus denise,2.15,Plktiv,Benthic,Hippocampus,NA,NA
Syngnathidae,Hippocampus erectus,19,Plktiv,Benthic,Hippocampus,0.00447,3
Syngnathidae,Hippocampus fuscus,14.4,Plktiv,Benthic,Hippocampus,NA,NA
Syngnathidae,Hippocampus guttulatus,21.5,Plktiv,Benthic,Hippocampus,NA,NA
Syngnathidae,Hippocampus hippocampus,15,Plktiv,Benthic,Hippocampus,0.0052,2.8395
Syngnathidae,Hippocampus histrix,17,Plktiv,Benthic,Hippocampus,NA,NA
Syngnathidae,Hippocampus ingens,30,Plktiv,Benthic,Hippocampus,0.00447,3
Syngnathidae,Hippocampus jayakari,14,Plktiv,Benthic,Hippocampus,NA,NA
Syngnathidae,Hippocampus kuda,30,Plktiv,Benthic,Hippocampus,NA,NA
Syngnathidae,Hippocampus minotaur,5,Plktiv,Benthic,Hippocampus,NA,NA
Syngnathidae,Hippocampus pontohi,1.69,Plktiv,Benthic,Hippocampus,NA,NA
Syngnathidae,Hippocampus queenslandicus,11.6,Plktiv,Benthic,Hippocampus,NA,NA
Syngnathidae,Hippocampus reidi,17.5,Plktiv,Benthic,Hippocampus,0.00447,3
Syngnathidae,Hippocampus satomiae,1.38,Plktiv,Benthic,Hippocampus,NA,NA
Syngnathidae,Hippocampus sindonis,10.83,Plktiv,Benthic,Hippocampus,NA,NA
Syngnathidae,Hippocampus spinosissimus,17.2,Plktiv,Benthic,Hippocampus,NA,NA
Syngnathidae,Hippocampus subelongatus,20,Plktiv,Benthic,Hippocampus,NA,NA
Syngnathidae,Hippocampus trimaculatus,22,Plktiv,Benthic,Hippocampus,NA,NA
Syngnathidae,Hippocampus whitei,13,Plktiv,Benthic,Hippocampus,0.00447,3
Syngnathidae,Hippocampus zebra,8,Plktiv,Benthic,Hippocampus,NA,NA
Syngnathidae,Hippocampus zosterae,5,Plktiv,Benthic,Hippocampus,0.00447,3
Syngnathidae,Histiogamphelus briggsii,22.5,Plktiv,Benthic,Histiogamphelus,NA,NA
Syngnathidae,Idiotropiscis lumnitzeri,5.52,InvMob,Benthic,Idiotropiscis,NA,NA
Syngnathidae,Micrognathus andersonii,8.5,InvMob,Benthic,Micrognathus,NA,NA
Syngnathidae,Micrognathus brevirostris,67.5,InvMob,Benthic,Micrognathus,NA,NA
Syngnathidae,Micrognathus crinitus,15,InvMob,Benthic,Micrognathus,NA,NA
Syngnathidae,Micrognathus micronotopterus,5.7,InvMob,Benthic,Micrognathus,NA,NA
Syngnathidae,Micrognathus natans,6,InvMob,Benthic,Micrognathus,NA,NA
Syngnathidae,Microphis aculeatus,20,InvMob,Benthic,Microphis,NA,NA
Syngnathidae,Microphis brachyurus,22,InvMob,Benthic,Microphis,NA,NA
Syngnathidae,Minyichthys brachyrhinus,4.6,InvMob,Benthic,Minyichthys,NA,NA
Syngnathidae,Minyichthys myersi,6,InvMob,Benthic,Minyichthys,NA,NA
Syngnathidae,Minyichthys sentus,6,InvMob,Benthic,Minyichthys,NA,NA
Syngnathidae,Nannocampus elegans,12,InvMob,Benthic,Nannocampus,NA,NA
Syngnathidae,Nannocampus pictus,10,InvMob,Benthic,Nannocampus,NA,NA
Syngnathidae,Nannocampus subosseus,9.05,InvMob,Benthic,Nannocampus,NA,NA
Syngnathidae,Nerophis ophidion,29,InvMob,Benthic,Nerophis,0.000436,2.475
Syngnathidae,Penetopteryx taeniocephalus,7.25,InvMob,Benthic,Penetopteryx,NA,NA
Syngnathidae,Phoxocampus belcheri,7.2,InvMob,Benthic,Phoxocampus,NA,NA
Syngnathidae,Phoxocampus diacanthus,8.7,InvMob,Benthic,Phoxocampus,NA,NA
Syngnathidae,Phoxocampus tetrophthalmus,8,InvMob,Benthic,Phoxocampus,NA,NA
Syngnathidae,Phycodurus eques,35,InvMob,Benthic,Phycodurus,0.00447,3
Syngnathidae,Phyllopteryx taeniolatus,46,InvMob,Benthic,Phyllopteryx,0.00447,3
Syngnathidae,Siokunichthys bentuviai,6.1,InvMob,Benthic,Siokunichthys,NA,NA
Syngnathidae,Siokunichthys breviceps,15,InvMob,Benthic,Siokunichthys,NA,NA
Syngnathidae,Siokunichthys herrei,7.6,InvMob,Benthic,Siokunichthys,NA,NA
Syngnathidae,Siokunichthys nigrolineatus,8,InvMob,Benthic,Siokunichthys,NA,NA
Syngnathidae,Solegnathus dunckeri,50,InvMob,Benthic,Solegnathus,NA,NA
Syngnathidae,Solegnathus hardwickii,40,InvMob,Benthic,Solegnathus,NA,NA
Syngnathidae,Syngnathoides biaculeatus,29,InvMob,Benthic,Syngnathoides,0.00037,3.18
Syngnathidae,Syngnathus acus,50,InvMob,Benthic,Syngnathus,NA,NA
Syngnathidae,Syngnathus caribbaeus,22.5,InvMob,Benthic,Syngnathus,NA,NA
Syngnathidae,Syngnathus floridae,26,InvMob,Benthic,Syngnathus,NA,NA
Syngnathidae,Syngnathus fuscus,33,InvMob,Benthic,Syngnathus,NA,NA
Syngnathidae,Syngnathus louisianae,38,InvMob,Benthic,Syngnathus,NA,NA
Syngnathidae,Syngnathus pelagicus,18.1,InvMob,Benthic,Syngnathus,NA,NA
Syngnathidae,Syngnathus scovelli,18.3,InvMob,Benthic,Syngnathus,NA,NA
Syngnathidae,Syngnathus springeri,38,InvMob,Benthic,Syngnathus,NA,NA
Syngnathidae,Syngnathus typhle,35,InvMob,Benthic,Syngnathus,0.000455,3.093625
Syngnathidae,Trachyrhamphus bicoarctatus,40,InvMob,Benthic,Trachyrhamphus,NA,NA
Syngnathidae,Trachyrhamphus longirostris,40,InvMob,Benthic,Trachyrhamphus,NA,NA
Syngnathidae,Trachyrhamphus serratus,30,InvMob,Benthic,Trachyrhamphus,NA,NA
Syngnathidae,Vanacampus margaritifer,15.85,InvMob,Benthic,Vanacampus,NA,NA
Synodontidae,Saurida brasiliensis,25,FisCep,Benthic,Saurida,NA,NA
Synodontidae,Saurida caribbaea,18,FisCep,Benthic,Saurida,NA,NA
Synodontidae,Saurida flamma,30.5,FisCep,Benthic,Saurida,NA,NA
Synodontidae,Saurida gracilis,36.2,FisCep,Benthic,Saurida,0.00724,3.13
Synodontidae,Saurida nebulosa,16.5,FisCep,Benthic,Saurida,0.00631,3.16
Synodontidae,Saurida normani,45,FisCep,Benthic,Saurida,NA,NA
Synodontidae,Saurida suspicio,9,FisCep,Benthic,Saurida,NA,NA
Synodontidae,Saurida tumbil,60,FisCep,Benthic,Saurida,0.006152,3.1996
Synodontidae,Saurida undosquamis,50,FisCep,Benthic,Saurida,0.005955263,3.071184211
Synodontidae,Synodus binotatus,18,FisCep,Benthic,Synodus,0.00447,3.16
Synodontidae,Synodus capricornis,21,FisCep,Benthic,Synodus,0.00447,3.16
Synodontidae,Synodus dermatogenys,24,FisCep,Benthic,Synodus,0.00617,3.23
Synodontidae,Synodus doaki,28,FisCep,Benthic,Synodus,0.00447,3.16
Synodontidae,Synodus falcatus,14.5,FisCep,Benthic,Synodus,NA,NA
Synodontidae,Synodus foetens,48.3,FisCep,Benthic,Synodus,NA,NA
Synodontidae,Synodus hoshinonis,26,FisCep,Benthic,Synodus,0.005,3.12
Synodontidae,Synodus indicus,33,FisCep,Benthic,Synodus,NA,NA
Synodontidae,Synodus intermedius,46,FisCep,Benthic,Synodus,0.00447,3.16
Synodontidae,Synodus jaculum,20,FisCep,Benthic,Synodus,0.00447,3.16
Synodontidae,Synodus kaianus,30,FisCep,Benthic,Synodus,NA,NA
Synodontidae,Synodus lacertinus,20,FisCep,Benthic,Synodus,0.00447,3.16
Synodontidae,Synodus lucioceps,64,FisCep,Benthic,Synodus,NA,NA
Synodontidae,Synodus macrocephalus,7.8,FisCep,Benthic,Synodus,NA,NA
Synodontidae,Synodus macrops,20,FisCep,Benthic,Synodus,NA,NA
Synodontidae,Synodus myops,40,FisCep,Benthic,Synodus,0.022456667,3.430666667
Synodontidae,Synodus oculeus,18.31,FisCep,Benthic,Synodus,NA,NA
Synodontidae,Synodus poeyi,25,FisCep,Benthic,Synodus,NA,NA
Synodontidae,Synodus randalli,11.3,FisCep,Benthic,Synodus,NA,NA
Synodontidae,Synodus rubromarmoratus,20,FisCep,Benthic,Synodus,0.00447,3.16
Synodontidae,Synodus sageneus,26,FisCep,Benthic,Synodus,0.00447,3.16
Synodontidae,Synodus saurus,40,FisCep,Benthic,Synodus,0.00479,3.16
Synodontidae,Synodus similis,18,FisCep,Benthic,Synodus,0.00447,3.16
Synodontidae,Synodus synodus,43,FisCep,Benthic,Synodus,0.0049,3.19
Synodontidae,Synodus ulae,30,FisCep,Benthic,Synodus,0.00447,3.16
Synodontidae,Synodus variegatus,40,FisCep,Benthic,Synodus,0.00262,3.431
Tetraodontidae,Amblyrhynchotes honckenii,30,InvMob,Benthic,Amblyrhynchotes,0.03311,2.92
Tetraodontidae,Arothron caeruleopunctatus,80,InvMob,Benthic,Arothron,0.03715,2.86
Tetraodontidae,Arothron diadematus,30,InvSes,Benthic,Arothron,0.03715,2.86
Tetraodontidae,Arothron firmamentum,35,InvMob,Benthic,Arothron,NA,NA
Tetraodontidae,Arothron hispidus,50,InvMob,Benthic,Arothron,0.03981,2.82
Tetraodontidae,Arothron immaculatus,30,Omnivr,Benthic,Arothron,NA,NA
Tetraodontidae,Arothron inconditus,40,InvMob,Benthic,Arothron,NA,NA
Tetraodontidae,Arothron manilensis,31,InvMob,Benthic,Arothron,0.02692,2.85
Tetraodontidae,Arothron mappa,65,Omnivr,Benthic,Arothron,0.03715,2.86
Tetraodontidae,Arothron meleagris,50,InvSes,Benthic,Arothron,0.03715,2.86
Tetraodontidae,Arothron nigropunctatus,33,InvSes,Benthic,Arothron,0.03715,2.86
Tetraodontidae,Arothron reticularis,45,Omnivr,Benthic,Arothron,NA,NA
Tetraodontidae,Arothron stellatus,120,InvMob,Benthopelagic,Arothron,0.04898,2.86
Tetraodontidae,Canthigaster amboinensis,15,Omnivr,Benthic,Canthigaster,0.03631,2.88
Tetraodontidae,Canthigaster axiologus,12.47606078,InvMob,Benthic,Canthigaster,0.03631,2.88
Tetraodontidae,Canthigaster bennetti,10,Omnivr,Benthic,Canthigaster,0.03631,2.88
Tetraodontidae,Canthigaster callisterna,23,Omnivr,Benthic,Canthigaster,0.03631,2.88
Tetraodontidae,Canthigaster compressa,12,Omnivr,Benthic,Canthigaster,0.04266,2.91
Tetraodontidae,Canthigaster coronata,11,Omnivr,Benthic,Canthigaster,0.03631,2.88
Tetraodontidae,Canthigaster criobe,3.87,Omnivr,Benthic,Canthigaster,NA,NA
Tetraodontidae,Canthigaster cyanetron,7.1,Omnivr,Benthic,Canthigaster,NA,NA
Tetraodontidae,Canthigaster cyanospilota,10.4,Omnivr,Benthic,Canthigaster,NA,NA
Tetraodontidae,Canthigaster epilampra,12,Omnivr,Benthic,Canthigaster,0.03631,2.88
Tetraodontidae,Canthigaster figueiredoi,12,Omnivr,Benthopelagic,Canthigaster,0.03631,2.88
Tetraodontidae,Canthigaster inframacula,7.6,Omnivr,Benthic,Canthigaster,NA,NA
Tetraodontidae,Canthigaster jactator,9,Omnivr,Benthic,Canthigaster,0.01122,3.04
Tetraodontidae,Canthigaster jamestyleri,8.52,Omnivr,Benthic,Canthigaster,NA,NA
Tetraodontidae,Canthigaster janthinoptera,9,Omnivr,Benthic,Canthigaster,0.03631,2.88
Tetraodontidae,Canthigaster leoparda,7.5,Omnivr,Benthic,Canthigaster,NA,NA
Tetraodontidae,Canthigaster margaritata,31.2,Omnivr,Benthic,Canthigaster,NA,NA
Tetraodontidae,Canthigaster marquesensis,7.1,Omnivr,Benthic,Canthigaster,NA,NA
Tetraodontidae,Canthigaster natalensis,8.6,Omnivr,Benthic,Canthigaster,NA,NA
Tetraodontidae,Canthigaster ocellicincta,7.5,Omnivr,Benthic,Canthigaster,NA,NA
Tetraodontidae,Canthigaster papua,12.8,Omnivr,Benthic,Canthigaster,0.04074,2.88
Tetraodontidae,Canthigaster petersii,9,Omnivr,Benthic,Canthigaster,NA,NA
Tetraodontidae,Canthigaster punctatissima,9,Omnivr,Benthic,Canthigaster,0.03467,2.9
Tetraodontidae,Canthigaster pygmaea,5.6,Omnivr,Benthic,Canthigaster,NA,NA
Tetraodontidae,Canthigaster rapaensis,7.8,Omnivr,Benthic,Canthigaster,NA,NA
Tetraodontidae,Canthigaster rivulata,18,Omnivr,Benthic,Canthigaster,0.03631,2.88
Tetraodontidae,Canthigaster rostrata,12,Omnivr,Benthopelagic,Canthigaster,0.03631,2.88
Tetraodontidae,Canthigaster sanctaehelenae,6.71,Omnivr,Benthopelagic,Canthigaster,NA,NA
Tetraodontidae,Canthigaster smithae,13,Omnivr,Benthic,Canthigaster,0.03631,2.88
Tetraodontidae,Canthigaster solandri,11.5,Omnivr,Benthic,Canthigaster,0.0309,2.84
Tetraodontidae,Canthigaster supramacula,3.9,Omnivr,Benthopelagic,Canthigaster,NA,NA
Tetraodontidae,Canthigaster tyleri,9,Omnivr,Benthic,Canthigaster,NA,NA
Tetraodontidae,Canthigaster valentini,11,Omnivr,Benthic,Canthigaster,0.03311,2.84
Tetraodontidae,Chelonodon laticeps,20,Omnivr,Benthic,Chelonodon,NA,NA
Tetraodontidae,Chelonodon patoca,38,Omnivr,Benthic,Chelonodon,NA,NA
Tetraodontidae,Chelonodon pleurospilus,20,Omnivr,Benthic,Chelonodon,NA,NA
Tetraodontidae,Ephippion guttifer,80,InvMob,Benthopelagic,Ephippion,0.0164,3
Tetraodontidae,Feroxodon multistriatus,39,InvMob,Benthic,Feroxodon,NA,NA
Tetraodontidae,Guentheridia formosa,26,InvMob,Benthic,Guentheridia,NA,NA
Tetraodontidae,Lagocephalus lunaris,45,InvMob,Benthopelagic,Lagocephalus,NA,NA
Tetraodontidae,Lagocephalus sceleratus,121.1,InvMob,Benthopelagic,Lagocephalus,0.01990125,2.853325
Tetraodontidae,Lagocephalus spadiceus,37.4,InvMob,Benthopelagic,Lagocephalus,0.02672,2.82636
Tetraodontidae,Omegophora armilla,25,InvMob,Benthic,Omegophora,0.0257,2.88
Tetraodontidae,Omegophora cyanopunctata,18,InvMob,Benthic,Omegophora,0.0257,2.88
Tetraodontidae,Sphoeroides angusticeps,25,InvMob,Benthic,Sphoeroides,NA,NA
Tetraodontidae,Sphoeroides annulatus,44,Omnivr,Benthic,Sphoeroides,0.02344,2.91
Tetraodontidae,Sphoeroides dorsalis,20,InvMob,Benthopelagic,Sphoeroides,NA,NA
Tetraodontidae,Sphoeroides greeleyi,18,InvMob,Benthopelagic,Sphoeroides,NA,NA
Tetraodontidae,Sphoeroides lobatus,25,InvMob,Benthic,Sphoeroides,0.02512,2.87
Tetraodontidae,Sphoeroides marmoratus,20,InvMob,Benthopelagic,Sphoeroides,0.02188,2.89
Tetraodontidae,Sphoeroides nephelus,30,InvMob,Benthopelagic,Sphoeroides,NA,NA
Tetraodontidae,Sphoeroides pachygaster,40.5,InvMob,Benthic,Sphoeroides,NA,NA
Tetraodontidae,Sphoeroides spengleri,30,InvMob,Benthopelagic,Sphoeroides,0.01698,2.9
Tetraodontidae,Sphoeroides testudineus,30,InvSes,Benthopelagic,Sphoeroides,0.03253381,2.965047619
Tetraodontidae,Takifugu bimaculatus,30,InvMob,Benthic,Takifugu,NA,NA
Tetraodontidae,Takifugu poecilonotus,20,InvMob,Benthic,Takifugu,NA,NA
Tetraodontidae,Takifugu xanthopterus,50,InvMob,Benthic,Takifugu,NA,NA
Tetraodontidae,Torquigener flavimaculosus,16,InvMob,Benthopelagic,Torquigener,NA,NA
Trichonotidae,Trichonotus arabicus,14.5,Plktiv,Benthopelagic,Trichonotus,NA,NA
Trichonotidae,Trichonotus elegans,18,Plktiv,Benthopelagic,Trichonotus,NA,NA
Trichonotidae,Trichonotus filamentosus,15,Plktiv,Benthopelagic,Trichonotus,NA,NA
Trichonotidae,Trichonotus halstead,15,Plktiv,Benthopelagic,Trichonotus,NA,NA
Trichonotidae,Trichonotus setiger,22,Plktiv,Benthopelagic,Trichonotus,NA,NA
Tripterygiidae,Acanthanectes hystrix,3.5,InvMob,Benthic,Acanthanectes,NA,NA
Tripterygiidae,Acanthanectes rufus,3.55,InvMob,Benthic,Acanthanectes,NA,NA
Tripterygiidae,Axoclinus cocoensis,3.5,InvMob,Benthic,Axoclinus,0.00562,3.08
Tripterygiidae,Axoclinus lucillae,3,InvMob,Benthic,Axoclinus,0.00562,3.08
Tripterygiidae,Axoclinus multicinctus,3,InvMob,Benthic,Axoclinus,NA,NA
Tripterygiidae,Axoclinus nigricaudus,4.5,InvMob,Benthic,Axoclinus,NA,NA
Tripterygiidae,Axoclinus rubinoffi,3.5,InvMob,Benthic,Axoclinus,NA,NA
Tripterygiidae,Ceratobregma acanthops,3.87,Omnivr,Benthic,Ceratobregma,NA,NA
Tripterygiidae,Ceratobregma helenae,3.5,Omnivr,Benthic,Ceratobregma,NA,NA
Tripterygiidae,Cremnochorites capensis,8,InvMob,Benthic,Cremnochorites,0.00562,3.08
Tripterygiidae,Crocodilichthys gracilis,6.4,Omnivr,Benthic,Crocodilichthys,0.00562,3.04
Tripterygiidae,Enneanectes altivelis,4,InvMob,Benthic,Enneanectes,NA,NA
Tripterygiidae,Enneanectes atrorus,3.3,InvMob,Benthic,Enneanectes,NA,NA
Tripterygiidae,Enneanectes boehlkei,4,InvMob,Benthic,Enneanectes,NA,NA
Tripterygiidae,Enneanectes carminalis,3,InvMob,Benthic,Enneanectes,NA,NA
Tripterygiidae,Enneanectes deloachorum,2.16,InvMob,Benthic,Enneanectes,NA,NA
Tripterygiidae,Enneanectes exsul,3.2,InvMob,Benthic,Enneanectes,NA,NA
Tripterygiidae,Enneanectes glendae,3.05,InvMob,Benthic,Enneanectes,NA,NA
Tripterygiidae,Enneanectes jordani,4,InvMob,Benthic,Enneanectes,NA,NA
Tripterygiidae,Enneanectes macrops,4.3,InvMob,Benthic,Enneanectes,NA,NA
Tripterygiidae,Enneanectes matador,2.1,InvMob,Benthic,Enneanectes,NA,NA
Tripterygiidae,Enneanectes reticulatus,4.9,InvMob,Benthic,Enneanectes,NA,NA
Tripterygiidae,Enneanectes smithi,2.98,InvMob,Benthic,Enneanectes,NA,NA
Tripterygiidae,Enneanectes wilki,1.67,InvMob,Benthic,Enneanectes,NA,NA
Tripterygiidae,Enneapterygius abeli,2.5,Omnivr,Benthic,Enneapterygius,NA,NA
Tripterygiidae,Enneapterygius atriceps,3.2,InvMob,Benthic,Enneapterygius,0.00562,3.08
Tripterygiidae,Enneapterygius atrogulare,5,InvMob,Benthic,Enneapterygius,0.00562,3.08
Tripterygiidae,Enneapterygius bahasa,4,Omnivr,Benthic,Enneapterygius,NA,NA
Tripterygiidae,Enneapterygius cheni,2.36,Omnivr,Benthic,Enneapterygius,NA,NA
Tripterygiidae,Enneapterygius clarkae,2.7,Omnivr,Benthic,Enneapterygius,NA,NA
Tripterygiidae,Enneapterygius clea,3.2,Omnivr,Benthic,Enneapterygius,NA,NA
Tripterygiidae,Enneapterygius destai,2.1,Omnivr,Benthic,Enneapterygius,NA,NA
Tripterygiidae,Enneapterygius elaine,2.27,Omnivr,Benthic,Enneapterygius,NA,NA
Tripterygiidae,Enneapterygius elegans,4,Omnivr,Benthic,Enneapterygius,NA,NA
Tripterygiidae,Enneapterygius etheostomus,5.5,Omnivr,Benthic,Enneapterygius,0.00562,3.08
Tripterygiidae,Enneapterygius fasciatus,3,Omnivr,Benthic,Enneapterygius,NA,NA
Tripterygiidae,Enneapterygius flavoccipitis,3.2,InvMob,Benthic,Enneapterygius,0.00562,3.08
Tripterygiidae,Enneapterygius fuscoventer,2.3,Omnivr,Benthic,Enneapterygius,NA,NA
Tripterygiidae,Enneapterygius genamaculatus,2.29,Omnivr,Benthic,Enneapterygius,NA,NA
Tripterygiidae,Enneapterygius gracilis,2.77,Omnivr,Benthic,Enneapterygius,NA,NA
Tripterygiidae,Enneapterygius gruschkai,2.92,Omnivr,Benthic,Enneapterygius,NA,NA
Tripterygiidae,Enneapterygius hemimelas,5.8,InvMob,Benthic,Enneapterygius,0.00562,3.08
Tripterygiidae,Enneapterygius hollemani,3.9,Omnivr,Benthic,Enneapterygius,NA,NA
Tripterygiidae,Enneapterygius howensis,3.5,Omnivr,Benthic,Enneapterygius,0.00562,3.08
Tripterygiidae,Enneapterygius kermadecensis,3.3,Omnivr,Benthic,Enneapterygius,0.01,3.04
Tripterygiidae,Enneapterygius kosiensis,1.94,Omnivr,Benthic,Enneapterygius,NA,NA
Tripterygiidae,Enneapterygius larsonae,3.48,Omnivr,Benthic,Enneapterygius,0.00562,3.08
Tripterygiidae,Enneapterygius melanospilus,3.1,InvMob,Benthic,Enneapterygius,NA,NA
Tripterygiidae,Enneapterygius minutus,3,Omnivr,Benthic,Enneapterygius,NA,NA
Tripterygiidae,Enneapterygius mirabilis,2.7,Omnivr,Benthic,Enneapterygius,NA,NA
Tripterygiidae,Enneapterygius miyakensis,4.5,Omnivr,Benthic,Enneapterygius,NA,NA
Tripterygiidae,Enneapterygius nanus,3,Omnivr,Benthic,Enneapterygius,NA,NA
Tripterygiidae,Enneapterygius niger,3.2,Omnivr,Benthic,Enneapterygius,NA,NA
Tripterygiidae,Enneapterygius nigricauda,2.9,Omnivr,Benthic,Enneapterygius,NA,NA
Tripterygiidae,Enneapterygius obscurus,2.5,Omnivr,Benthic,Enneapterygius,NA,NA
Tripterygiidae,Enneapterygius ornatus,2.4,Omnivr,Benthic,Enneapterygius,NA,NA
Tripterygiidae,Enneapterygius pallidoserialis,3,Omnivr,Benthic,Enneapterygius,NA,NA
Tripterygiidae,Enneapterygius pallidus,3,Omnivr,Benthic,Enneapterygius,NA,NA
Tripterygiidae,Enneapterygius paucifasciatus,3.3,Omnivr,Benthic,Enneapterygius,NA,NA
Tripterygiidae,Enneapterygius philippinus,3,Omnivr,Benthic,Enneapterygius,NA,NA
Tripterygiidae,Enneapterygius pusillus,3,Omnivr,Benthic,Enneapterygius,NA,NA
Tripterygiidae,Enneapterygius pyramis,3.3,Omnivr,Benthic,Enneapterygius,0.00562,3.08
Tripterygiidae,Enneapterygius randalli,3.4,Omnivr,Benthic,Enneapterygius,NA,NA
Tripterygiidae,Enneapterygius rhabdotus,2.7,Omnivr,Benthic,Enneapterygius,NA,NA
Tripterygiidae,Enneapterygius rhothion,3.7,Omnivr,Benthic,Enneapterygius,NA,NA
Tripterygiidae,Enneapterygius rubicauda,3.7,Omnivr,Benthic,Enneapterygius,NA,NA
Tripterygiidae,Enneapterygius rufopileus,4.5,Omnivr,Benthic,Enneapterygius,0.00562,3.08
Tripterygiidae,Enneapterygius senoui,2.72,Omnivr,Benthic,Enneapterygius,NA,NA
Tripterygiidae,Enneapterygius signicauda,2.5,Omnivr,Benthic,Enneapterygius,NA,NA
Tripterygiidae,Enneapterygius similis,3.2,Omnivr,Benthic,Enneapterygius,0.00562,3.08
Tripterygiidae,Enneapterygius triserialis,4.5,Omnivr,Benthic,Enneapterygius,NA,NA
Tripterygiidae,Enneapterygius tutuilae,4,InvMob,Benthic,Enneapterygius,0.00562,3.08
Tripterygiidae,Enneapterygius unimaculatus,3.1,Omnivr,Benthic,Enneapterygius,NA,NA
Tripterygiidae,Enneapterygius ventermaculus,4,Omnivr,Benthic,Enneapterygius,NA,NA
Tripterygiidae,Enneapterygius vexillarius,3.3,Omnivr,Benthic,Enneapterygius,NA,NA
Tripterygiidae,Enneapterygius williamsi,3.3,Omnivr,Benthic,Enneapterygius,NA,NA
Tripterygiidae,Enneapterygius ziegleri,3.1,Omnivr,Benthic,Enneapterygius,NA,NA
Tripterygiidae,Forsterygion lapillum,7.7,InvMob,Benthic,Forsterygion,0.00417,3.214
Tripterygiidae,Forsterygion maryannae,5.88,InvMob,Benthic,Forsterygion,0.00562,3.11
Tripterygiidae,Forsterygion varium,15.2,InvMob,Benthic,Forsterygion,0.00676,3.08
Tripterygiidae,Helcogramma albimacula,4.2,Omnivr,Benthic,Helcogramma,0.00562,3.08
Tripterygiidae,Helcogramma alkamr,3.18,Omnivr,Benthic,Helcogramma,NA,NA
Tripterygiidae,Helcogramma aquila,4.08,Omnivr,Benthic,Helcogramma,NA,NA
Tripterygiidae,Helcogramma ascensionis,3.53,Omnivr,Benthic,Helcogramma,NA,NA
Tripterygiidae,Helcogramma billi,3.2,Omnivr,Benthic,Helcogramma,NA,NA
Tripterygiidae,Helcogramma capidata,3.7,Omnivr,Benthic,Helcogramma,NA,NA
Tripterygiidae,Helcogramma cerasina,4.25,Omnivr,Benthic,Helcogramma,NA,NA
Tripterygiidae,Helcogramma chica,3.1,Omnivr,Benthic,Helcogramma,0.00562,3.08
Tripterygiidae,Helcogramma decurrens,4.5,Omnivr,Benthic,Helcogramma,0.00562,3.08
Tripterygiidae,Helcogramma desa,5.5,Omnivr,Benthic,Helcogramma,NA,NA
Tripterygiidae,Helcogramma ellioti,5.7,Omnivr,Benthic,Helcogramma,NA,NA
Tripterygiidae,Helcogramma ememes,3.91,Omnivr,Benthic,Helcogramma,NA,NA
Tripterygiidae,Helcogramma fuscipectoris,3.2,Omnivr,Benthic,Helcogramma,NA,NA
Tripterygiidae,Helcogramma fuscopinna,3.76,Omnivr,Benthic,Helcogramma,NA,NA
Tripterygiidae,Helcogramma gymnauchen,4.5,InvMob,Benthic,Helcogramma,NA,NA
Tripterygiidae,Helcogramma hudsoni,4.02,Omnivr,Benthic,Helcogramma,NA,NA
Tripterygiidae,Helcogramma inclinata,4.6,Omnivr,Benthic,Helcogramma,NA,NA
Tripterygiidae,Helcogramma kranos,3.1,Omnivr,Benthic,Helcogramma,NA,NA
Tripterygiidae,Helcogramma lacuna,4.4,Omnivr,Benthic,Helcogramma,NA,NA
Tripterygiidae,Helcogramma larvata,2.22,Omnivr,Benthic,Helcogramma,NA,NA
Tripterygiidae,Helcogramma maldivensis,2.76,Omnivr,Benthic,Helcogramma,0.00562,3.08
Tripterygiidae,Helcogramma microstigma,3.13,Omnivr,Benthic,Helcogramma,NA,NA
Tripterygiidae,Helcogramma nigra,3.8,Omnivr,Benthic,Helcogramma,NA,NA
Tripterygiidae,Helcogramma novaecaledoniae,4.15,Omnivr,Benthic,Helcogramma,NA,NA
Tripterygiidae,Helcogramma obtusirostris,3.8,Omnivr,Benthic,Helcogramma,NA,NA
Tripterygiidae,Helcogramma randalli,4.7,Omnivr,Benthic,Helcogramma,NA,NA
Tripterygiidae,Helcogramma rharhabe,3.74,Omnivr,Benthic,Helcogramma,NA,NA
Tripterygiidae,Helcogramma rhinoceros,4,Omnivr,Benthic,Helcogramma,NA,NA
Tripterygiidae,Helcogramma rosea,3.34,Omnivr,Benthic,Helcogramma,NA,NA
Tripterygiidae,Helcogramma serendip,2.48,Omnivr,Benthic,Helcogramma,NA,NA
Tripterygiidae,Helcogramma solorensis,3.9,Omnivr,Benthic,Helcogramma,NA,NA
Tripterygiidae,Helcogramma springeri,3.4,Omnivr,Benthic,Helcogramma,0.00562,3.08
Tripterygiidae,Helcogramma steinitzi,6,Omnivr,Benthic,Helcogramma,NA,NA
Tripterygiidae,Helcogramma striata,4.3,Plktiv,Benthic,Helcogramma,0.00562,3.08
Tripterygiidae,Helcogramma trigloides,4.5,Omnivr,Benthic,Helcogramma,NA,NA
Tripterygiidae,Helcogramma vulcana,3.8,Omnivr,Benthic,Helcogramma,NA,NA
Tripterygiidae,Karalepis stewarti,15,InvMob,Benthic,Karalepis,0.00623,3.099
Tripterygiidae,Lepidoblennius haplodactylus,10.7,Omnivr,Benthic,Lepidoblennius,NA,NA
Tripterygiidae,Lepidonectes bimaculatus,6.8,InvMob,Benthic,Lepidonectes,NA,NA
Tripterygiidae,Lepidonectes clarkhubbsi,6.5,InvMob,Benthic,Lepidonectes,0.01,3.04
Tripterygiidae,Lepidonectes corallicola,8.9,InvMob,Benthic,Lepidonectes,0.00562,3.08
Tripterygiidae,Norfolkia brachylepis,7.3,Omnivr,Benthic,Norfolkia,NA,NA
Tripterygiidae,Norfolkia leeuwin,3.9,Omnivr,Benthic,Norfolkia,NA,NA
Tripterygiidae,Norfolkia squamiceps,6.6,Omnivr,Benthic,Norfolkia,NA,NA
Tripterygiidae,Norfolkia thomasi,5,Omnivr,Benthic,Norfolkia,NA,NA
Tripterygiidae,Springerichthys bapturus,6.5,HerDet,Benthic,Springerichthys,NA,NA
Tripterygiidae,Springerichthys kulbickii,3.5,Omnivr,Benthic,Springerichthys,NA,NA
Tripterygiidae,Trinorfolkia incisa,3.6,InvMob,Benthic,Trinorfolkia,NA,NA
Tripterygiidae,Tripterygion delaisi,8.9,InvMob,Benthic,Tripterygion,0.00562,3.08
Tripterygiidae,Ucla xenogrammus,5.8,InvMob,Benthic,Ucla,0.00562,3.08
Xenisthmidae,Paraxenisthmus cerberusi,2.07,InvMob,Benthic,Paraxenisthmus,NA,NA
Xenisthmidae,Tyson belos,2.2,InvMob,Benthic,Tyson,NA,NA
Xenisthmidae,Xenisthmus africanus,3.8,InvMob,Benthic,Xenisthmus,NA,NA
Xenisthmidae,Xenisthmus balius,2.64,InvMob,Benthic,Xenisthmus,NA,NA
Xenisthmidae,Xenisthmus eirospilus,1.82,InvMob,Benthic,Xenisthmus,NA,NA
Xenisthmidae,Xenisthmus polyzonatus,3.1,InvMob,Benthic,Xenisthmus,NA,NA
Zanclidae,Zanclus cornutus,23,InvSes,Benthic,Zanclus,0.01738,3.06
