"","species","Qc_m","Qc_sd","Qn_m","Qn_sd","Qp_m","Qp_sd","family","Dc_m","Dc_sd","Dn_m","Dn_sd","Dp_m","Dp_sd","trophic_guild_predicted"
"1","Myripristis_pralinia",38.8050977612275,0.552553492571757,9.31291723593062,0.161083063082056,4.08151789344017,0.155400900872237,"Holocentridae",34.3125235177489,1.59058715443917,6.46670756703603,0.339565665720535,1.13319733444477,0.101597190656014,7
"2","Myripristis_jacobus",38.6818397062519,0.64376077023725,9.34691698547245,0.189422573432104,4.15066733514689,0.181627260007374,"Holocentridae",34.2745056546975,1.44416122074818,6.58131221042433,0.318655580838348,1.21085719798005,0.0963677884344117,7
"3","Myripristis_kuntee",38.7321904828314,0.720282128491391,9.33920089943982,0.214896181130585,4.20100389870567,0.204370553869722,"Holocentridae",35.5509571746841,1.4585731336123,6.82693641459234,0.34653936741145,1.1421047229344,0.104085492457958,8
"4","Myripristis_vittata",38.5736801003379,0.657773605338,9.28325521353225,0.196611957006095,4.20937349968231,0.187243286331053,"Holocentridae",34.4509050607656,1.45027868433449,6.62649329139255,0.322327225399029,1.2088390385633,0.0974473996292072,7
"5","Myripristis_leiognathus",38.6387164254906,0.578237376594936,9.24441301848941,0.171020384379625,4.17529171036086,0.165165983879016,"Holocentridae",34.1616902940951,1.70398246651147,6.361358263775,0.354508344669897,1.08761394991915,0.105236598470029,7
"6","Myripristis_violacea",38.8747499110238,0.505802243406849,9.25063710117834,0.147445922302221,4.09095652732039,0.14209165022338,"Holocentridae",34.0510953711278,1.4150855154261,6.71556645623331,0.322347989670063,1.3087448163635,0.0985472762921653,7
"7","Myripristis_earlei",39.0969796625284,0.483171791301828,9.23521687902332,0.139312321233532,4.02435537768003,0.132814419464384,"Holocentridae",34.0233599062976,1.55286826035536,6.46376514207633,0.327346526157671,1.17278220552955,0.0981688633671416,7
"8","Myripristis_adusta",39.3172542434507,0.47271320731132,9.16752845092238,0.134821455604051,3.9762167451437,0.127653583677535,"Holocentridae",34.2439117277998,1.41391735923303,6.79093347179525,0.325144483576703,1.32001852540535,0.099499596454918,7
"9","Myripristis_tiki",39.4094630299457,0.473627011582954,9.17772696618249,0.133977016822139,3.89947648722189,0.125837410209864,"Holocentridae",34.0456378283177,1.5170794837678,6.51468714674526,0.322865657789976,1.19527591393484,0.0971032677403891,7
"10","Myripristis_berndti",39.5293527592634,0.487257999041423,9.25524344213459,0.136283381946985,3.81072594425677,0.127177154213744,"Holocentridae",33.7721583116894,1.47728968345686,6.53921489124976,0.31881785434818,1.25295292355466,0.0966899133877902,7
"11","Myripristis_amaena",38.7777169391455,0.596964759764883,9.41900337318875,0.168480768188268,3.93219021930668,0.160704908078682,"Holocentridae",35.0371092439722,1.59613724128394,6.64150435219744,0.35626698200002,1.09659410393487,0.106076350801249,8
"12","Myripristis_murdjan",39.338900668046,0.523362478340283,9.422980867361,0.148624313893188,3.89571235514055,0.143211150086296,"Holocentridae",34.3350118792037,1.62465642039902,7.07270050525563,0.370301263186356,1.34288383132045,0.114680145495246,7
"13","Myripristis_hexagona",38.9863975037021,0.514318456771934,9.3753401932052,0.147995192925261,3.91300637049416,0.139465227113689,"Holocentridae",33.6854089108183,1.61583065966572,6.4227632606116,0.32752267626946,1.1738015565517,0.0975930622295295,7
"14","Sargocentron_cornutum",35.8287807274367,0.332767603687022,9.19368941513689,0.0952976626418254,4.57889732275596,0.092144974257638,"Holocentridae",33.8436442894029,1.54559913942459,6.75954212572022,0.386632944313383,1.46706003126934,0.118618318458245,7
"15","Sargocentron_rubrum",35.8062294770517,0.386277790490016,9.2363699094255,0.110610208158663,4.59679807076712,0.104453811720064,"Holocentridae",33.6042711516933,1.46443477902879,6.66827175807424,0.3643982338205,1.42243641783787,0.11155342925453,7
"16","Sargocentron_melanospilos",36.1957390543861,0.342788521135108,9.21298642616549,0.0985705016148526,4.60598316491705,0.0952994177983111,"Holocentridae",33.5771836708958,1.51795114450919,6.64726199358362,0.37465120797288,1.43498557182132,0.115005531095775,7
"17","Sargocentron_hormion",35.6345671002069,0.339667136376207,9.09465425485665,0.0983707054380934,4.705234037756,0.0953100332205997,"Holocentridae",32.8191910987551,1.55674364260175,6.35002463276215,0.362473973955184,1.37226481012695,0.111102551443639,7
"18","Sargocentron_tiereoides",35.6376131397018,0.347596506534481,8.92713055220042,0.0996715634360835,4.74591331213522,0.0966775476937961,"Holocentridae",33.4815809747552,1.5654553744236,6.60577080739279,0.382952748623222,1.44050348873524,0.11772921944822,7
"19","Sargocentron_tiere",35.5301500991029,0.344728044201333,8.90881994444779,0.0986729136879523,4.73256765193265,0.0959604773401458,"Holocentridae",33.6704656014522,1.48329666691004,6.69633193329601,0.369553539935772,1.43412289501542,0.113211626453926,7
"20","Sargocentron_spiniferum",35.4496996529588,0.344397019677971,8.88694181614428,0.0983447858209212,4.71366104352423,0.0957076838169437,"Holocentridae",33.9036183340114,1.44847389089983,6.82947272129914,0.364454927490208,1.43703481606431,0.111290433224192,7
"21","Sargocentron_violaceum",35.471022202727,0.353849092148682,8.77293270603764,0.100642522816872,4.72338989398212,0.0974772177311995,"Holocentridae",34.0723516181827,1.49964149091083,6.88408209257895,0.378407979114971,1.46823655305778,0.115734166669544,7
"22","Sargocentron_caudimaculatum",35.3704777193247,0.355749970024923,8.76672649877375,0.101215196351456,4.68368790197627,0.0975274913019738,"Holocentridae",33.6979414311332,1.54740160358032,6.69676163018678,0.383730745414938,1.45464332445046,0.117859701404786,7
"23","Sargocentron_bullisi",35.3768623000964,0.370134552283223,8.9877820797289,0.105546627603113,4.55072058528988,0.0998424207630823,"Holocentridae",32.7150003973251,1.60855838939526,6.25679968836993,0.353633451655411,1.32699758256538,0.108077459864378,7
"24","Neoniphon_marianus",36.5917047273465,0.396076745968911,9.31432618194029,0.111895604054933,4.31499488921613,0.104224608900214,"Holocentridae",33.0024287172862,1.52058564297832,6.418164217592,0.362718689289621,1.38472447508482,0.11124392361748,7
"25","Holocentrus_rufus",37.3499649706634,0.440847621527178,9.4790051727644,0.123862589353056,4.1991514843392,0.117133860125643,"Holocentridae",33.7636939183833,1.47924575880068,6.73573732892978,0.371193195469812,1.44086912991138,0.113525745047051,7
"26","Holocentrus_adscensionis",37.3349372743414,0.402114156949166,9.50171223607653,0.113907415107383,4.26113282296766,0.110167756037069,"Holocentridae",33.9097028086567,1.43141449934294,6.84860020258623,0.361078010335164,1.42715091340521,0.109937178148674,7
"27","Neoniphon_argenteus",36.9012150293941,0.388954592596296,9.50077248263485,0.113580013923416,4.32952769243801,0.10832223995728,"Holocentridae",33.2165850511664,1.46398025099819,6.51145906604098,0.359242067795687,1.3946118557838,0.109895408354523,7
"28","Neoniphon_sammara",36.5836375356092,0.391694147094572,9.48750189807356,0.11685649450136,4.35316008068469,0.10946989151245,"Holocentridae",33.3765558937925,1.42373812111017,6.58776760829062,0.355327685311276,1.39638044064568,0.10830844398944,7
"29","Sargocentron_suborbitale",36.4343267610568,0.383054993879647,9.46307656541466,0.114247350872879,4.35557500033471,0.106020332526686,"Holocentridae",31.5505475496659,1.34920271110814,5.86367126818468,0.335256048108732,1.19033845897351,0.0992333430928355,7
"30","Sargocentron_wilhelmi",36.5536006646215,0.356141151865932,9.42732301376837,0.105034840241499,4.32005053501367,0.0975597686965882,"Holocentridae",32.7766751526274,1.49755499121913,6.34225421373918,0.354411544712196,1.36230923274901,0.108391639357372,7
"31","Sargocentron_vexillarium",36.552818776646,0.346581296795057,9.40516799897883,0.101490298263042,4.30146500724324,0.0942546912597909,"Holocentridae",29.9674320799283,1.49926814875281,5.22864540762357,0.364708769134858,1.00787752509187,0.10637673926055,6
"32","Sargocentron_punctatissimum",36.5298540574889,0.340415212944745,9.25181975644846,0.0986190040746354,4.25391109937508,0.0916171593720882,"Holocentridae",29.6969744608851,1.57126071514645,5.1354364504242,0.387307081897414,0.973198855059413,0.112907172103213,6
"33","Sargocentron_diadema",36.5095515228379,0.352144655741619,9.12260260606603,0.10183174651108,4.17581073356428,0.0938498766761547,"Holocentridae",30.1630570745866,2.10987706331717,5.43619728395879,0.375253450054264,1.16706653072539,0.108870856844555,7
"34","Sargocentron_ittodai",36.4526853393281,0.372036689434178,9.0808804457043,0.10826102520843,4.12955860078293,0.0992130393906395,"Holocentridae",32.5421594476255,1.5499926515124,6.28342414595437,0.356530047624463,1.35631506083167,0.109008164613724,7
"35","Sargocentron_hastatum",36.1619974951623,0.38368391843779,9.09731418160343,0.109856236208747,4.23987407079818,0.0999755467102158,"Holocentridae",33.2701697111558,1.44112756126728,6.542065177806,0.359118307211418,1.39702431010129,0.109469226724185,7
"36","Neoniphon_opercularis",36.2647022964063,0.360693746184528,9.09675291357586,0.103944499967955,4.2325920068415,0.0954090773640827,"Holocentridae",33.0475565554764,1.38515783306796,6.48895092486823,0.344840084771721,1.36086641892256,0.104611718573531,7
"37","Sargocentron_microstoma",36.2081497793079,0.36974456465467,9.10111999135852,0.106911730053686,4.21137322004,0.0979538077155406,"Holocentridae",32.4773273130755,1.52775557524991,6.24929410843174,0.351006229076784,1.34249571679628,0.107183686760867,7
"38","Lachnolaimus_maximus",38.8066874853567,1.40587982731219,11.7561181251877,0.419745911558062,3.29840729502451,0.369693387444456,"Labridae",28.0757012990806,2.2524305491207,4.52242659050126,0.567935582058234,0.716588044607341,0.166786322977078,6
"39","Pseudodax_moluccanus",37.9606217727481,0.593795585171291,11.0753662123368,0.179563901875795,3.67221497435874,0.156308510312784,"Labridae",30.078845549576,1.76414466850276,5.35386064507285,0.391698534911522,0.892462428586396,0.113369776204632,6
"40","Clepticus_parrae",37.7967357436355,0.450311716053349,10.951363691788,0.137209317784023,3.74182393777297,0.119083413386799,"Labridae",36.5428891013632,1.73339885716197,6.86987845987978,0.447815582630625,0.91424897844166,0.130733028358215,8
"41","Clepticus_brasiliensis",37.7596344391771,0.418005812749767,10.9215585364827,0.12767638876239,3.75620345430875,0.11077455534665,"Labridae",35.9545825884783,1.77046970687072,6.64729535791799,0.447095552131709,0.885952601786503,0.13070973868549,8
"42","Clepticus_africanus",37.7463727864724,0.405402365418331,10.9103656145281,0.123957147063529,3.76445738029936,0.107544099780907,"Labridae",34.7984167612654,1.61843135848894,6.38444614967661,0.405470489651611,0.880443035796452,0.116851942916024,8
"43","Bodianus_rufus",37.7463727864724,0.405402365418331,10.9103656145281,0.123957147063529,3.76445738029936,0.107544099780907,"Labridae",28.2359708614659,2.15718918230247,4.49620577818348,0.543141207500275,0.70621276223891,0.158933676242439,6
"44","Bodianus_pulchellus",37.7463727864724,0.405402365418331,10.9103656145281,0.123957147063529,3.76445738029936,0.107544099780907,"Labridae",29.2476824176858,1.87117043295892,4.80862406269088,0.464592623643371,0.74669225249618,0.134492160504797,6
"45","Pseudolabrus_fuentesi",37.7463727864724,0.405402365418331,10.9103656145281,0.123957147063529,3.76445738029936,0.107544099780907,"Labridae",27.0967652864298,2.77785749793942,3.94199538076916,0.44106902807325,0.656551057116755,0.115631429123245,5
"46","Bodianus_diplotaenia",37.7463727864724,0.405402365418331,10.9103656145281,0.123957147063529,3.76445738029936,0.107544099780907,"Labridae",27.7313310996857,2.35452163869912,4.38938640367829,0.593235811493965,0.695514408642618,0.174349735764397,6
"47","Semicossyphus_darwini",37.7463727864724,0.405402365418331,10.9103656145281,0.123957147063529,3.76445738029936,0.107544099780907,"Labridae",28.0969826318682,2.27407235801393,4.55072591859439,0.573275854105968,0.722252056263642,0.168348417398001,6
"48","Bodianus_anthioides",37.7463727864724,0.405402365418331,10.9103656145281,0.123957147063529,3.76445738029936,0.107544099780907,"Labridae",30.2353128085036,1.68440658496355,5.08751397768707,0.392513167311213,0.780356090437252,0.111642725773792,6
"49","Bodianus_diana",37.7463727864724,0.405402365418331,10.9103656145281,0.123957147063529,3.76445738029936,0.107544099780907,"Labridae",31.2655285917016,1.78953510346826,5.28285207180508,0.377080784789506,0.77831226414368,0.105768669836904,8
"50","Chlorurus_strongylocephalus",37.7463727864724,0.405402365418331,10.9103656145281,0.123957147063529,3.76445738029936,0.107544099780907,"Labridae",29.1231594945561,1.84536313641713,4.97947141427575,0.461699303953213,0.806150236289487,0.136120689648146,6
"51","Bodianus_mesothorax",37.7463727864724,0.405402365418331,10.9103656145281,0.123957147063529,3.76445738029936,0.107544099780907,"Labridae",30.0696611458313,1.69588663246703,5.04890997940983,0.400549233177093,0.777908517761998,0.114289552657455,6
"52","Thalassoma_heiseri",37.7463727864724,0.405402365418331,10.9103656145281,0.123957147063529,3.76445738029936,0.107544099780907,"Labridae",26.4011605218355,3.42482509670154,3.70579947697498,0.530365179227161,0.622594244327034,0.137626051927138,5
"53","Bodianus_axillaris",37.7463727864724,0.405402365418331,10.9103656145281,0.123957147063529,3.76445738029936,0.107544099780907,"Labridae",30.7608693127146,1.71837883247962,5.19407986974368,0.378914865892723,0.782179214839861,0.10675463661859,6
"54","Bodianus_speciosus",37.7463727864724,0.405402365418331,10.9103656145281,0.123957147063529,3.76445738029936,0.107544099780907,"Labridae",28.3931611265395,2.14414405638598,4.62312548414442,0.540369315356636,0.732536583818646,0.158258056959059,6
"55","Bodianus_bilunulatus",37.7463727864724,0.405402365418331,10.9103656145281,0.123957147063529,3.76445738029936,0.107544099780907,"Labridae",28.4605884149466,2.11448516427307,4.59318608842225,0.533353621227708,0.720442121903085,0.156060424124092,6
"56","Bodianus_perditio",37.7463727864724,0.405402365418331,10.9103656145281,0.123957147063529,3.76445738029936,0.107544099780907,"Labridae",27.9882076638793,2.270357766318,4.46177467052714,0.572440019036793,0.703986065139006,0.168049935598573,6
"57","Bodianus_eclancheri",37.7463727864724,0.405402365418331,10.9103656145281,0.123957147063529,3.76445738029936,0.107544099780907,"Labridae",28.149856105687,2.21307886507571,4.53771880979618,0.558143886914393,0.71844299082019,0.163760562231283,6
"58","Scarus_coeruleus",37.7463727864724,0.405402365418331,10.9103656145281,0.123957147063529,3.76445738029936,0.107544099780907,"Labridae",28.7496115689405,1.91687465347284,4.75680123115023,0.484915682246839,0.749152673376723,0.1428320014154,6
"59","Choerodon_cephalotes",37.7463727864724,0.405402365418331,10.9103656145281,0.123957147063529,3.76445738029936,0.107544099780907,"Labridae",29.4186001133864,1.82907265072079,5.10736684736732,0.446511384831196,0.835701685595545,0.130579049923163,6
"60","Labropsis_alleni",37.7463727864724,0.405402365418331,10.9103656145281,0.123957147063529,3.76445738029936,0.107544099780907,"Labridae",26.2237821498056,3.47679013137181,3.6249287213836,0.537119541589516,0.608210193330443,0.139233305217447,5
"61","Choerodon_fasciatus",37.7463727864724,0.405402365418331,10.9103656145281,0.123957147063529,3.76445738029936,0.107544099780907,"Labridae",29.4559694791549,1.75125960392824,5.05840308835438,0.398086119111942,0.83313602644763,0.114796971231604,6
"62","Choerodon_rubescens",37.7463727864724,0.405402365418331,10.9103656145281,0.123957147063529,3.76445738029936,0.107544099780907,"Labridae",28.6027502609445,2.18468658785727,4.79656877971295,0.550825021407138,0.761514139772581,0.162018712510972,6
"63","Choerodon_schoenleinii",37.7432234837565,0.401543334636362,10.908140645591,0.122859095567352,3.76685656801762,0.10657406256342,"Labridae",28.5157811687576,2.18884079091006,4.75045605463355,0.55209539979214,0.75233353513963,0.162386450108939,6
"64","Choerodon_monostigma",37.7309092416566,0.390115990854096,10.9025303293199,0.119607504831167,3.77171641214609,0.103709959167601,"Labridae",27.5769047546522,2.50448668093703,4.40757189691982,0.425603028425819,0.778119175144364,0.115645548264128,5
"65","Choerodon_anchorago",37.712294362494,0.371615329237142,10.8937826657526,0.114342091546221,3.78148786280936,0.0991030049550096,"Labridae",29.1202018651993,1.96350641162247,5.00059895885851,0.491987186845581,0.807719498761146,0.144548819304095,6
"66","Cheilinus_lunulatus",37.6837132382463,0.352162411391738,10.883404539423,0.108801241902598,3.79320217243492,0.0943073556712607,"Labridae",29.0414609152075,1.79141970637174,4.97014015765849,0.435601175249085,0.824077171264632,0.12785225487211,6
"67","Pteragogus_cryptus",37.6394920051855,0.324329444718627,10.8673898916697,0.100853048299462,3.80924036516981,0.0875614887541927,"Labridae",29.7741222237356,2.25804684323351,4.80163099077618,0.409696311027976,0.733700655724742,0.111993197511302,8
"68","Pteragogus_enneacanthus",37.6172003839258,0.309477216726161,10.8595198559806,0.0965907182114855,3.81919457255381,0.0840387615302332,"Labridae",29.0116615930312,1.87246730541859,4.67437896919856,0.400479179059514,0.743653512113521,0.112945502438252,6
"69","Pteragogus_flagellifer",37.5680260932827,0.283977615040983,10.8419866410233,0.0891893175179292,3.84209774744722,0.0781915527854802,"Labridae",27.9698601820804,2.0509680190215,4.37424838143686,0.509964742653411,0.698596712128756,0.148873700444579,6
"70","Cirrhilabrus_punctatus",37.5529026407093,0.275625183926375,10.834619272858,0.0867164837264158,3.85049643511353,0.0763655670006662,"Labridae",32.8033126076974,2.28079954033671,5.69747005233005,0.442918682027362,0.820882665637297,0.125411725790921,8
"71","Pseudocheilinus_octotaenia",37.5323590880582,0.268483250581336,10.8268546705264,0.0845605851456598,3.85697623151962,0.074866776765526,"Labridae",37.3193683084312,2.01279701250629,6.91491261781268,0.513754123490426,0.88292698208837,0.15290869698822,8
"72","Pseudocheilinus_tetrataenia",37.5290620431859,0.267680626632182,10.826225924553,0.0843146321185641,3.85791595506391,0.0747034616111293,"Labridae",36.9038997857749,2.26283807640691,6.75408233636293,0.549863442299022,0.848052819203285,0.163545617954379,8
"73","Pseudocheilinus_hexataenia",37.5228796552998,0.265397408371156,10.8248119429218,0.0836092892379739,3.86125552869792,0.074246441406037,"Labridae",37.3751303374235,2.05443936292702,6.89744760649109,0.523738319038247,0.870887242157975,0.156227778818681,8
"74","Pseudocheilinus_evanidus",37.5167585831744,0.262650580275427,10.8206581166,0.0827463980441803,3.86484804173458,0.0737151425834345,"Labridae",36.3233695082899,2.24619303367784,6.6074391441868,0.531337915783628,0.846145814188416,0.157342662701211,8
"75","Cirrhilabrus_exquisitus",37.5117075483315,0.262488919997061,10.8270274222644,0.0825217397297386,3.85679751900188,0.0738128329208319,"Labridae",33.2069683317455,2.3095741589578,5.77821694587551,0.458654739923289,0.813228016411499,0.130751302744816,8
"76","Cirrhilabrus_scottorum",37.5109661893581,0.265172350496365,10.8380253813204,0.0833066728578924,3.84754699402852,0.0750192328716402,"Labridae",33.0452255842019,2.30309845830334,5.7595601757077,0.452003186441369,0.821170228763938,0.128427700746723,8
"77","Cirrhilabrus_cyanopleura",37.4822230347434,0.275888440990998,10.8362138493533,0.0866931772271378,3.8563322720141,0.0787136028384545,"Labridae",32.8048520623312,2.18281080227178,5.74060617759662,0.426154885365036,0.837592545149624,0.120546838492627,8
"78","Oxycheilinus_bimaculatus",37.4724116331686,0.29331183024948,10.8693812525217,0.0913773509044012,3.81932247963823,0.0844391066034599,"Labridae",25.489694058147,4.01655555028639,3.73114627205143,0.609023857661471,0.758936129463295,0.158795086435483,5
"79","Cheilinus_chlorourus",37.4843168457877,0.349587349772247,10.9337136577065,0.10945866092096,3.77737573169206,0.101363182214745,"Labridae",32.809411331161,1.39240392267623,6.48643611580543,0.331575967768909,1.27543369493234,0.101001490175649,7
"80","Cheilinus_trilobatus",37.4375731369955,0.422547346109792,10.955429068863,0.132844733350757,3.79043946572316,0.121485801380612,"Labridae",29.6152985971334,1.73378603196707,5.16259544758075,0.434970609584052,0.915854111934121,0.127102569190945,6
"81","Labropsis_xanthonota",37.352233334204,0.451180743642955,10.9398214888628,0.139706109618505,3.79223604933498,0.12995192822795,"Labridae",25.9150303982453,3.20547544627219,3.53967855877817,0.497563666595705,0.606417809816102,0.129047235708784,5
"82","Cheilinus_oxycephalus",37.2349884877911,0.515563769124114,10.8904481239707,0.158489507824753,3.86513198449263,0.147123871946448,"Labridae",30.953345479329,1.71541882561636,5.63791338799172,0.324697742923805,1.14709444220945,0.0952491430418541,7
"83","Cheilinus_undulatus",37.0847696200269,0.583335477423991,10.8251262945541,0.177866525781081,3.95755984817939,0.164926704078054,"Labridae",28.6799112824261,2.19099175328691,4.82852457091543,0.552328874876118,0.77523952427196,0.162355717504046,6
"84","Epibulus_brevis",36.9148824932835,0.631224098273429,10.7000551286318,0.191063031544245,4.12194609912466,0.176295575548576,"Labridae",30.9827846406057,1.98587258921395,5.6067956607451,0.348075179367972,1.12199057201195,0.100608001087947,7
"85","Epibulus_insidiator",36.8041534395212,0.609328345164024,10.5755861119272,0.18158228829548,4.22238862477669,0.169980555372962,"Labridae",33.2604904915876,1.47780533604373,6.69404279071713,0.349121831340635,1.28900775242888,0.107325359268799,7
"86","Cheilinus_fasciatus",36.7355889444574,0.601010067802155,10.5190860337638,0.177864145049795,4.26728626303504,0.167498642733308,"Labridae",31.5444561266251,1.49934975863801,6.03394300986984,0.341005726068048,1.13944670283467,0.102222839656168,7
"87","Oxycheilinus_celebicus",36.5704359106029,0.607724031612826,10.3414059699054,0.177817500507405,4.43087255920064,0.168144279146981,"Labridae",30.2822548456244,1.88361569728278,5.46728682558607,0.338018279799738,1.0785298769743,0.0972479761969989,7
"88","Oxycheilinus_digramma",36.5724896523595,0.593416959699692,10.3322197137492,0.17325062148745,4.42392388376712,0.164291887490329,"Labridae",31.3716279750375,1.4712398959882,5.94025294299316,0.335880976702225,1.11612103477926,0.100387035169689,7
"89","Oxycheilinus_unifasciatus",36.6793461805181,0.559320199225439,10.4044554330313,0.164266318626438,4.35039099651312,0.156274273238705,"Labridae",31.4879507244118,1.49712965824512,6.00702360930383,0.354883251006421,1.10990549192311,0.106229074873367,7
"90","Leptoscarus_vaigiensis",36.8412276460244,0.521414637803065,10.4885738344102,0.155139397047102,4.2685627001698,0.147447110549806,"Labridae",27.6018249354118,1.45667251606406,3.31556832391486,0.353963842897289,0.450759241921021,0.10716508893712,2
"91","Bodianus_insularis",36.8742924826561,0.505394377283431,10.4782734594377,0.150391944656783,4.25200608718662,0.14442503674478,"Labridae",29.0715817972713,1.73078707474154,4.90140394594802,0.36842872912428,0.824636432406603,0.105652485052297,6
"92","Calotomus_carolinus",37.0049939985679,0.459253602259557,10.5392737767412,0.136518382818216,4.15968103484324,0.132476540909286,"Labridae",27.5572950515347,1.47610673983397,3.28636689567692,0.358844885518629,0.443707366797452,0.108715897152066,2
"93","Calotomus_viridescens",37.0690897251006,0.474734507629383,10.549823155099,0.141296285516464,4.13057168076857,0.138138868953873,"Labridae",27.5246455640844,1.48791150341301,3.25752008794525,0.361106669596806,0.437930120237946,0.109399602904172,2
"94","Calotomus_spinidens",37.2467278024798,0.517115128919917,10.6053771092091,0.152447779158942,4.04384126323454,0.150686663707578,"Labridae",27.5970092167241,1.4593318602427,3.30617439859229,0.354401298610829,0.448895102585756,0.107307879993591,2
"95","Cryptotomus_roseus",37.3432046522916,0.627107621387726,10.6168105167729,0.183161034964076,3.99826971803165,0.181695791175259,"Labridae",27.4735092317817,1.48099159252702,3.24417005744455,0.359499605648966,0.435953545891451,0.108931338758212,2
"96","Nicholsina_denticulata",37.4146900093058,0.639887840927415,10.6631917841268,0.186136367330185,3.94497096771794,0.185021774348853,"Labridae",27.4980574258723,1.49269075091497,3.24702095921091,0.362488034967159,0.435857534850845,0.109869786789348,2
"97","Sparisoma_cretense",37.5251137301159,0.659266368179809,10.7316063886674,0.190762481423954,3.86296396663976,0.18991031997569,"Labridae",27.4935577019667,1.50404336742384,3.23778379559864,0.365168495281877,0.433329507475748,0.110700480636528,2
"98","Sparisoma_radians",37.6575172593878,0.618064584802541,10.8361807480178,0.178063473397917,3.76743666840132,0.177771511547189,"Labridae",27.5387633582811,1.47176537556246,3.2755684318645,0.357087523623633,0.442514361752248,0.108122303104907,2
"99","Sparisoma_atomarium",37.7362603015072,0.592619708651794,10.9252198991834,0.169404531538021,3.67588164484836,0.168996781322649,"Labridae",27.4804714376885,1.50621829364273,3.23006960389165,0.365620633945193,0.43189058218258,0.110846267929535,2
"100","Sparisoma_tuiupiranga",37.7782133399585,0.589729416469097,10.9962257433983,0.167588308281625,3.60925783420181,0.166463331779157,"Labridae",27.477141991393,1.50423280732336,3.22988736015991,0.365104070695019,0.432008975013511,0.110681080136905,2
"101","Sparisoma_aurofrenatum",37.8515925808393,0.593738328344652,11.0674342379892,0.167902047398335,3.53871649973276,0.166258361167304,"Labridae",27.5341186810447,1.48072058318626,3.26963068443923,0.359477644247099,0.441145254909928,0.108902840725194,2
"102","Sparisoma_amplum",37.9346094870386,0.605717814530533,11.1432883017144,0.170437708479335,3.46283257777858,0.168530968562626,"Labridae",27.5049097193253,1.49438590678571,3.24989357675347,0.362828665946513,0.436535472503752,0.109964347953909,2
"103","Sparisoma_viride",37.9752805861338,0.633917530521626,11.2023298239176,0.17785273714012,3.40489031875459,0.174851310335229,"Labridae",27.5492180465124,1.479432045908,3.28153982894096,0.359572116324932,0.442579969440139,0.108937920362834,2
"104","Sparisoma_axillare",37.9375907143913,0.689923977859337,11.2263350309153,0.193521804241568,3.36563684658889,0.188533433309996,"Labridae",27.4972003678531,1.50231418588588,3.24069960209411,0.364753520292638,0.43409978748024,0.110569290809269,2
"105","Sparisoma_rubripinne",37.9624016854007,0.706101456118351,11.2571488609788,0.198073504799334,3.33466151557365,0.19218756625054,"Labridae",27.5411745218781,1.48449793124729,3.27284553786302,0.360660825615594,0.440968328114135,0.10927528082022,2
"106","Sparisoma_frondosum",38.0178760529232,0.710976045795387,11.2994725471066,0.19930669068146,3.3012914217236,0.193069445833238,"Labridae",27.483221260441,1.50575316387777,3.23179489435586,0.365526920008302,0.432277909761373,0.110818421334652,2
"107","Sparisoma_chrysopterum",38.0395249530017,0.703449312825482,11.3182399016355,0.19726193920477,3.29107483409686,0.190841491060954,"Labridae",27.5316657407182,1.48579717827009,3.26797152343758,0.360922633494396,0.440195033656143,0.109361829076698,2
"108","Cetoscarus_ocellatus",38.1493436652218,0.665903009788489,11.3515748258636,0.186187652819378,3.27798540927909,0.18120621566968,"Labridae",27.6941205894444,1.40617985304158,3.40709457562089,0.34364754691697,0.467139252392678,0.103960631025982,2
"109","Cetoscarus_bicolor",38.2352016907414,0.609786354721096,11.359732253357,0.17036802092125,3.29802023927714,0.166555596913076,"Labridae",27.5865108252997,1.44399845571961,3.32677901556444,0.351638300102183,0.452617883694884,0.106477391141505,2
"110","Bolbometopon_muricatum",38.2297840325553,0.530872252428736,11.313521311497,0.148817644974596,3.36275463963603,0.145983212784946,"Labridae",27.8895716794533,1.32682404608468,3.57589108253633,0.327106327868452,0.498884958813372,0.0987061197773644,2
"111","Cirrhilabrus_laboutei",38.1925501273982,0.48341810666325,11.2746520267709,0.136032207835869,3.41249447992427,0.133605493528377,"Labridae",26.4456605503608,3.47274599291497,3.75973802570102,0.538220027106455,0.637278055235205,0.139830657269298,5
"112","Hipposcarus_harid",38.0375353964416,0.421376012479218,11.1853363605136,0.119935786949317,3.50538653268578,0.117575802870441,"Labridae",27.6521226674482,1.44818659869861,3.35427649325109,0.352815406145435,0.455802022222316,0.106781307186057,2
"113","Hipposcarus_longiceps",37.9167242681279,0.379991353721788,11.1127762394629,0.109698324657405,3.58981767869861,0.106715502757547,"Labridae",27.6042733068312,1.46546000650259,3.31854699535153,0.356533142635333,0.449237259801273,0.107949989028792,2
"114","Chlorurus_japanensis",37.8292538990247,0.347660936143554,11.061548297486,0.101402158401584,3.64836465085136,0.0977959322651583,"Labridae",27.5716667703512,1.43567994559386,3.33103207014697,0.348590091890235,0.456924072450879,0.105443268325776,2
"115","Chlorurus_frontalis",37.7023395267492,0.318747897074703,11.0015468823419,0.0939752061596034,3.71711985717315,0.0892020085619466,"Labridae",27.7255705341144,1.41200136075219,3.41705247290612,0.344248460134969,0.470758164029759,0.104058689857781,2
"116","Chlorurus_rhakoura",37.5595033013407,0.294380228474396,10.9538085434053,0.0871286106384835,3.75370295048501,0.0816586115919532,"Labridae",27.6755593509276,1.42121156738403,3.38743063755189,0.346106234418171,0.466163380163823,0.104662826000484,2
"117","Chlorurus_spilurus",37.4680073098286,0.277573875374168,10.9174537149591,0.0823934415972602,3.7802970855107,0.0764753004927606,"Labridae",27.5268810157053,1.48238167878239,3.26242101197552,0.359769244009996,0.439515372821131,0.108992857205808,2
"118","Chlorurus_sordidus",37.2973736715699,0.273376139094373,10.8630252600873,0.0813551125088752,3.82816124535492,0.0739655282606934,"Labridae",27.5395258203895,1.4800512446313,3.2722101341477,0.359484146590121,0.441626549543691,0.108925047309771,2
"119","Chlorurus_bleekeri",37.1803413141698,0.275329500594773,10.8201539680781,0.0820301808516461,3.86909482592406,0.0735718135454676,"Labridae",27.7376565710117,1.42533878241075,3.41163419519839,0.347323637477814,0.468952170136288,0.104998858671106,2
"120","Chlorurus_bowersi",37.1668949748465,0.279449343755211,10.8197070263903,0.0830300781328491,3.87226859097572,0.0743957462030907,"Labridae",27.6814957971752,1.43460448201654,3.37741048958285,0.349097368155686,0.463542811375155,0.105574064547638,2
"121","Chlorurus_microrhinos",37.1845499204411,0.284776702756118,10.8277866532569,0.0843052578266222,3.87331602680088,0.0756129592228301,"Labridae",27.7465720410043,1.41523418151143,3.42395303789467,0.345457118531872,0.470367970236751,0.104451893442106,2
"122","Chlorurus_capistratoides",37.1839336056241,0.287633697035528,10.8264416247933,0.0850756249896684,3.87455750361113,0.0762039915485693,"Labridae",27.6566863258667,1.43966148058444,3.36171415023157,0.350250573848418,0.460699964638416,0.105956697633318,2
"123","Scarus_dubius",37.1990348149946,0.288568299801918,10.8379387176462,0.085134913961313,3.87103681426839,0.0766225926984929,"Labridae",27.5085543009501,1.45619028414684,3.28354921992027,0.353974146066878,0.445109059981392,0.107215184035537,2
"124","Scarus_longipinnis",37.3071244133219,0.292919533290536,10.8880339901819,0.0859043833240405,3.84330673277608,0.0784828656340211,"Labridae",27.5253572408751,1.45478266679005,3.29093368865709,0.353808759856596,0.446103961182424,0.107169028079717,2
"125","Scarus_psittacus",37.4660198061002,0.307819131190844,10.9498564979124,0.0895764428493376,3.80878956649052,0.0829670218462932,"Labridae",27.5300203677537,1.48807293351442,3.26093733312228,0.361316228791711,0.438319661909409,0.109476338832096,2
"126","Scarus_schlegeli",37.640346140323,0.331905152811645,11.0173448269264,0.0958167440022201,3.77039844166695,0.0895985938846336,"Labridae",27.7287785546226,1.38246617280354,3.43585600771224,0.337689218498753,0.475450817246068,0.102069292421113,2
"127","Scarus_russelii",37.787435633674,0.352913100659177,11.0787854897925,0.101445007025429,3.73701919917365,0.0959670769115119,"Labridae",27.769151804826,1.37985757360622,3.46158401256245,0.337495845812246,0.479479171127836,0.101988806510788,2
"128","Scarus_hypselopterus",37.9563980600737,0.383725672943837,11.1548893448907,0.109855412919641,3.69842163741625,0.104909671591176,"Labridae",27.6956230797515,1.3896880740212,3.41443514812869,0.338649400626163,0.472607860304639,0.102343687381279,2
"129","Scarus_flavipectoralis",38.1134974003579,0.413434824891776,11.2212864955825,0.118171568408232,3.66283455504817,0.113741212373619,"Labridae",27.7408814789618,1.3863678646213,3.44003633163677,0.33851920986004,0.476337383258618,0.102305276346186,2
"130","Scarus_spinus",38.2770613312691,0.447614999196589,11.2861893993787,0.127592079538199,3.62907003286366,0.122952804760098,"Labridae",27.4834742598962,1.42984585069044,3.29079809314569,0.348277075298089,0.447658398016368,0.105544281048411,2
"131","Scarus_festivus",38.3371128573193,0.462006673414102,11.3095388749859,0.131473256419242,3.61443432738738,0.126481825021325,"Labridae",27.5761760701087,1.46668018276749,3.3042120154513,0.356466620971808,0.448398012954692,0.107942927185644,2
"132","Scarus_chameleon",38.4042772241372,0.478905113830414,11.3358163008159,0.136058900658785,3.59800990436372,0.130796566109819,"Labridae",27.5298190432707,1.47191311020564,3.27958342986685,0.357347140344574,0.44454786920347,0.108225891345087,2
"133","Scarus_quoyi",38.4638738804983,0.50000608248225,11.3533416670582,0.141526920271015,3.58398879396691,0.134746921149074,"Labridae",27.5262337451623,1.48071620530644,3.26934535738867,0.359682298743687,0.441168795135633,0.108985763296646,2
"134","Scarus_oviceps",38.55635268068,0.525696329065061,11.385335665426,0.148459867341996,3.56299636357529,0.140649387758982,"Labridae",27.5158964903848,1.49258417409207,3.25428194808098,0.362461993269604,0.436876090828823,0.109847014939825,2
"135","Scarus_globiceps",38.6393227647935,0.558883054816295,11.4112891074081,0.157395865513362,3.54626796854783,0.147657757959458,"Labridae",27.5532859498028,1.47305322561544,3.28770330718963,0.358000962069272,0.444721648532545,0.108447584472067,2
"136","Scarus_rivulatus",38.7272776239332,0.589545443122823,11.4411268436036,0.165743325344482,3.52723103603429,0.154625106487804,"Labridae",27.6020546955551,1.44728785824623,3.33046408395828,0.351934937842684,0.45428299537114,0.1065167818599,2
"137","Halichoeres_malpelo",38.8020010089012,0.622925584940571,11.4655575685166,0.17486141358759,3.50804571286925,0.162001964987558,"Labridae",26.1109274558992,3.25820997214586,3.64881374271344,0.505821716354222,0.625212555935375,0.131392300660742,5
"138","Scarus_taeniopterus",38.8639820807987,0.644615914685138,11.483771313332,0.180820948278004,3.49368582628605,0.167034604612583,"Labridae",27.5135752386941,1.49758413960987,3.24943760694002,0.363613433045313,0.435568153851938,0.110202948079101,2
"139","Scarus_zelindae",38.9438781548001,0.677840809106638,11.5099077460478,0.189965677355708,3.47619474650755,0.174513758035655,"Labridae",27.5027219581623,1.49897584308909,3.24468525374494,0.363916450639085,0.435227879240617,0.110304750531755,2
"140","Scarus_iseri",38.9698635698227,0.686939055419655,11.5204553709934,0.192453559006025,3.47082669976421,0.176736963422565,"Labridae",27.4966957196755,1.49906311227801,3.24239946722358,0.363917829234255,0.434733197603149,0.110307132172137,2
"141","Scarus_coelestinus",39.0060400190485,0.70228634561308,11.5311397589518,0.196687549890249,3.46369840660264,0.180238184857212,"Labridae",27.5265996987317,1.49567951558876,3.25774540555388,0.363298780312308,0.436952016748845,0.110109257157362,2
"142","Scarus_guacamaia",39.0622033613257,0.72393633916538,11.5510161475602,0.202649278825879,3.45074784834667,0.18531440374337,"Labridae",27.5639529394135,1.48296454911373,3.28647144265403,0.360553175830483,0.442141252144318,0.109225699291172,2
"143","Scarus_trispinosus",39.1182298622838,0.744956304216313,11.5688110798563,0.208447943541466,3.43943733555598,0.190230876862087,"Labridae",27.5011318772654,1.50267488811115,3.24227171899576,0.364844354298049,0.434101668128132,0.110589419048074,2
"144","Scarus_koputea",39.1664688804355,0.762791440653194,11.5876475281849,0.213365730025445,3.42995586879451,0.194445997678396,"Labridae",27.4848768475664,1.49915702740079,3.23857626911629,0.363904386614286,0.434236052039848,0.110298350131574,2
"145","Scarus_xanthopleura",39.19799225945,0.775179691487614,11.5994286786371,0.216783629563877,3.42313258976242,0.197377139122773,"Labridae",27.5564199414188,1.48069424910255,3.28646913618738,0.359858916943742,0.443227762724503,0.10899623202938,2
"146","Scarus_ferrugineus",39.279902855334,0.806087067028932,11.624277056077,0.22532219866613,3.40701472568079,0.204680890789196,"Labridae",27.548641397045,1.48502135553647,3.27656133418622,0.360752126723119,0.441517508319605,0.109286027617882,2
"147","Scarus_rubroviolaceus",39.3160680827734,0.820035629559583,11.6362679873482,0.229176542555206,3.39873850101129,0.207991330792969,"Labridae",27.516565106462,1.49630340966452,3.25430703603051,0.363446057413063,0.436563421310464,0.110152525358182,2
"148","Scarus_compressus",39.3732207478521,0.841802855195853,11.6554269627202,0.235194603261063,3.38600487033356,0.213163008643266,"Labridae",27.5237454063399,1.49170868811034,3.260632112757,0.362377849122669,0.438062250514048,0.109820569552816,2
"149","Scarus_ghobban",39.4158365543808,0.85966293418976,11.6711540563106,0.240135173746534,3.37583319603337,0.217411218837692,"Labridae",27.5311338653372,1.48847555763139,3.26650498771768,0.361672940592249,0.439145754546729,0.109599997242122,2
"150","Scarus_frenatus",39.4660026101879,0.880527391741124,11.6895771284029,0.245909720437225,3.36333961131403,0.222379229641411,"Labridae",27.5535308456418,1.47381379715228,3.28818831396339,0.358174776280453,0.444585896000839,0.108487419175495,2
"151","Scarus_dimidiatus",39.5077088882732,0.897311168795782,11.7042963086516,0.250556983465598,3.35550877695897,0.226379418383742,"Labridae",27.541648539487,1.47089691302308,3.28719705578931,0.357381871393215,0.445283231338753,0.10823985194756,2
"152","Scarus_altipinnis",39.5695169634615,0.92217533894027,11.7254520679817,0.257444824038108,3.34202444033613,0.23231134378107,"Labridae",27.550396761671,1.48652717560573,3.27684755522216,0.361196827467046,0.441231353035744,0.109428152891686,2
"153","Scarus_prasiognathos",39.6099313612637,0.938415692618789,11.7377416014738,0.261945628785101,3.33271629899966,0.236189437823105,"Labridae",27.5419111686384,1.48749881100733,3.27127115634535,0.361440179021441,0.43998080094618,0.109520288733306,2
"154","Scarus_niger",39.6349006156809,0.947564948331634,11.7452610657162,0.264481857838375,3.32699310251662,0.238375408251122,"Labridae",27.5482899359299,1.4729097048491,3.28814580464627,0.357830212914727,0.445451035659311,0.108370791450508,2
"155","Scarus_tricolor",39.7164280112531,0.979200204279829,11.7748214706205,0.273254625584791,3.31046191174238,0.245940044497713,"Labridae",27.5094691808448,1.47793718974916,3.26673769757108,0.358732137945279,0.441784588556195,0.10865681970982,2
"156","Scarus_forsteni",39.6938664075264,0.969468510332445,11.765194021583,0.270603288894134,3.31575590292771,0.243502988091637,"Labridae",27.6040010972058,1.45969152514809,3.32366676106559,0.355083572274264,0.451507447125839,0.10750041489747,2
"157","Coris_hewetti",39.6168837486914,0.933928989538104,11.7260728709219,0.261033656499568,3.33937613320705,0.234339900246053,"Labridae",26.28625712838,3.26884002377772,3.71776347706482,0.507689213275616,0.639933545311201,0.131960387492389,5
"158","Bodianus_dictynna",39.5684790874672,0.910034887179349,11.6989289962433,0.254642075048734,3.35459862428784,0.22805466754369,"Labridae",26.76597461936,3.55233075704999,3.92733934167511,0.548786072993368,0.676530208476472,0.143009228925073,5
"159","Bodianus_loxozonus",39.4384416732117,0.852693626026212,11.6476916050283,0.239041707171917,3.38824751792453,0.213649397364175,"Labridae",29.1289020654356,1.80879343552459,5.02396191850385,0.433671227996824,0.833698497080262,0.127179538161728,6
"160","Coris_sandeyeri",39.284456885955,0.796606322700033,11.5870478165111,0.223776072798916,3.42358076808057,0.199792890762412,"Labridae",27.18377510086,2.52782965567246,4.1759084080222,0.419385426752708,0.722937745285269,0.112708034832003,5
"161","Paracheilinus_octotaenia",39.1790328536053,0.749226629929859,11.5379680702426,0.211176779826148,3.45725749391547,0.187524391701992,"Labridae",26.2595554106542,3.96641440391338,3.70306199848769,0.61052414555007,0.629625886874702,0.158462509106625,5
"162","Paracheilinus_filamentosus",38.9664841529615,0.659396283540894,11.4534940463579,0.186994704432512,3.51753985451038,0.165178420924928,"Labridae",26.6091023187745,3.44373026303857,3.91410506601535,0.531852893602444,0.690884747182031,0.138652593846846,5
"163","Novaculichthys_taeniourus",38.5687210278067,0.512375674106438,11.2935768450978,0.147625200507902,3.61339078810641,0.129278881890757,"Labridae",28.9040672055372,2.0939992376842,4.91268021813836,0.407051548210229,0.820543109497779,0.114801473008239,6
"164","Scarus_hoefleri",38.3429547976646,0.436883899602092,11.2083708145602,0.128957389876198,3.67760259405484,0.111713787331552,"Labridae",28.7909349217815,1.5370917737575,4.62523788615166,0.388415511941311,0.73081965295679,0.114376299640743,6
"165","Cheilio_inermis",38.1960840858152,0.407835417869899,11.1561138915765,0.123336184982746,3.72217143906447,0.106366298558766,"Labridae",33.651682424682,2.53403196967047,7.11699846490621,0.562562185796232,1.1902162756625,0.176197291431459,4
"166","Cirrhilabrus_randalli",38.0752792336643,0.396929640348674,11.1127208455197,0.122510564516811,3.75932242022581,0.105763621864797,"Labridae",24.9189614671308,4.24602344458387,3.27326514650547,0.647644453489922,0.577896246338777,0.166769060696288,5
"167","Pseudolabrus_guentheri",37.8351931738069,0.352818180598974,11.0236773369004,0.109894768254653,3.81417116794914,0.095860297313057,"Labridae",24.6207152548136,4.23695871459569,3.43269828224404,0.648421238686511,0.652065204689346,0.168206675335564,5
"168","Notolabrus_tetricus",37.7787977052689,0.377556946264443,11.0090050834494,0.118771404985954,3.83281870891945,0.104302451884091,"Labridae",29.210922330438,1.95448710033397,5.1710751303495,0.465844687356419,0.859594466470063,0.137612214003374,6
"169","Halichoeres_melanotis",37.6942586887063,0.410202306174679,10.9834357890829,0.129838294953535,3.86143909459789,0.114958153224648,"Labridae",22.6050675103137,5.39377162728603,2.71941945829777,0.815980744854813,0.548982444454965,0.20935416764047,5
"170","Halichoeres_salmofasciatus",37.5538835554293,0.347017706667195,10.94188998948,0.107580061173771,3.87795934897537,0.0959038480654211,"Labridae",22.640101879162,5.62872666474141,2.64422439801287,0.853553216128268,0.504796308937189,0.218745788211251,5
"171","Halichoeres_insularis",37.5545206048191,0.408540700972831,10.944574079965,0.128332817382639,3.89333127417125,0.114712283379834,"Labridae",22.4446803738628,5.72924148118151,2.60035969896732,0.868205042198533,0.505744272399808,0.222456810101587,5
"172","Coris_atlantica",37.3881312302202,0.336615152656143,10.8933720877755,0.102590724044762,3.91417235938248,0.092840180630587,"Labridae",24.8499299489322,3.60851656260509,3.55347446141938,0.57399768009933,0.663352475913227,0.15144716172973,5
"173","Hologymnosus_annulatus",37.3711415854384,0.338320784283783,10.8936623823032,0.102751844525523,3.91795850676312,0.0931777444729475,"Labridae",27.538848167949,2.10159227754352,4.46695170872209,0.47583538405619,0.752239961326077,0.137966006428079,6
"174","Hologymnosus_doliatus",37.2963143768437,0.313837486194291,10.8747488653718,0.0934717587735811,3.92769482977824,0.0856290299529145,"Labridae",28.0028273958268,2.08595496792774,4.60427592320701,0.512704786203154,0.75520419744567,0.150285098326917,6
"175","Coris_picta",37.2574571390192,0.304290549154055,10.8601543114806,0.0896044658689215,3.93520919706773,0.0826805974191773,"Labridae",25.4637613563187,3.05487165298731,3.71946014133405,0.515945470187351,0.671142815808577,0.138899155631539,6
"176","Coris_bulbifrons",37.2417106579213,0.306129650023726,10.8590151357366,0.0898286059278268,3.9390440708903,0.0831089193569679,"Labridae",27.8965866251767,2.07351159005199,4.4885757160765,0.512965948319324,0.729619740605797,0.150200134748942,6
"177","Coris_aygula",37.2302005176875,0.30691400847136,10.8566838137868,0.0898252448079256,3.94150118834124,0.0832718336341576,"Labridae",27.9337861894908,2.28399987768755,4.49206913894384,0.575522583720886,0.714384074033823,0.169137903590082,6
"178","Cirrhilabrus_temminckii",37.199287572457,0.305851502348927,10.8476649369294,0.0888684845916852,3.94712404658125,0.0828710193029315,"Labridae",26.6627610791159,3.24631008200483,3.72081166127905,0.505412928775852,0.609341214619282,0.13140330774227,5
"179","Notolabrus_inscriptus",37.1909506812472,0.306948863463767,10.8461267588796,0.0890218494859445,3.94924939212096,0.0831519018685981,"Labridae",28.995605460994,1.60507919436659,4.82480284921164,0.394746083441483,0.78892558137574,0.115953410788692,6
"180","Coris_dorsomacula",37.1815364737689,0.307720970750506,10.845300864765,0.0891441469324012,3.95056580157015,0.0833534636485983,"Labridae",26.6469008527065,2.48734777813925,4.1872881385403,0.471812724460226,0.729065016241341,0.132376760136723,6
"181","Coris_caudimacula",37.1731682007865,0.308638995768442,10.8442292284247,0.0893016129820856,3.9522730716637,0.0835963939451492,"Labridae",23.1049507046844,4.85820043625456,2.91877224124337,0.73863884353077,0.58036248580831,0.190191335194815,5
"182","Pseudocoris_yamashiroi",37.1703078205214,0.309122338744674,10.8437117844461,0.0893889674918556,3.95280958243461,0.0837255007543255,"Labridae",23.7079012224923,4.31280379823319,3.08298958980822,0.665460208756264,0.587434633168817,0.17213948443361,5
"183","Pseudocoris_heteroptera",37.1700122677532,0.309330431354085,10.8439264692075,0.0893963114114934,3.95043364181144,0.083837157665669,"Labridae",24.5985220142495,3.61511817354235,3.39905279174376,0.577707505766351,0.627620788086413,0.151909626866219,5
"184","Coris_gaimard",37.1700122677532,0.309330431354085,10.8439264692075,0.0893963114114934,3.95043364181144,0.083837157665669,"Labridae",27.2956399589277,2.15176083073672,4.23521383916299,0.527503804371032,0.689789434605903,0.154224328745191,6
"185","Scarus_perrico",37.1707987542685,0.309515145551567,10.8437254925655,0.0894063064564528,3.94858757729745,0.083937659699309,"Labridae",28.8744528654507,1.74457302464897,4.75922956030882,0.440878025115201,0.753864994306247,0.129859707835577,6
"186","Coris_cuvieri",37.1759489566573,0.309729396123476,10.8435812991273,0.0894194112427996,3.9464893278381,0.0840625403189289,"Labridae",27.2034838214902,2.14733862203914,4.21410443012996,0.520281168972639,0.690176781779698,0.151836854326697,6
"187","Coris_formosa",37.1759489566573,0.309729396123476,10.8435812991273,0.0894194112427996,3.9464893278381,0.0840625403189289,"Labridae",27.7775116535436,2.22192326990759,4.45422824883439,0.557335788668788,0.717022008214087,0.163652978617717,6
"188","Halichoeres_erdmanni",37.1893220917479,0.310221015210031,10.8451832949672,0.0894692778982628,3.93814104628412,0.0843624393892527,"Labridae",25.2926433763086,3.75977873699604,3.27626919355692,0.576645610332706,0.553476733529018,0.148644817588524,5
"189","Halichoeres_pictus",37.1976180783065,0.310874544757549,10.8453098955176,0.0895888160882415,3.93388478650742,0.084639070495586,"Labridae",24.060600044749,3.97569897192168,3.16298068328901,0.62297262285738,0.585983255944617,0.161956348329872,5
"190","Halichoeres_dispilus",37.212662276461,0.312191623896934,10.8449745938143,0.0898668531121689,3.92661885873414,0.0851535747876371,"Labridae",26.556896262383,2.21307436437926,3.98847313785293,0.50345717883385,0.668091489455573,0.14540506338214,6
"191","Halichoeres_bivittatus",37.2566364871448,0.317276865800588,10.8465165364084,0.0911127769890705,3.90607729689181,0.0868994004770381,"Labridae",27.1291073691363,2.36286378529384,4.1189164528353,0.593158231926912,0.658148229993764,0.174394882036742,6
"192","Halichoeres_poeyi",37.2969544190659,0.327876677766718,10.847535907887,0.0939187497732625,3.88222896790128,0.0901284804207855,"Labridae",26.9378147352942,2.26091242692198,4.04287480461236,0.559470359209247,0.651927691813228,0.163949516574293,6
"193","Halichoeres_garnoti",37.3388395129447,0.341670301037741,10.851654539054,0.0977630235721036,3.85754000235149,0.0941173706732033,"Labridae",26.963482670789,2.25411048331143,4.051544616192,0.557122334996199,0.653408479735057,0.163190995696193,6
"194","Halichoeres_cyanocephalus",37.420944334038,0.373808597308848,10.8569749919578,0.106942620417517,3.81470556609614,0.103008494806209,"Labridae",27.0600694146744,2.42767404733142,4.08970986229276,0.61008996547707,0.651144570396578,0.179514209967438,6
"195","Halichoeres_radiatus",37.5094851274082,0.413387573983895,10.8600551691579,0.11841249622264,3.77066493917242,0.113659367861683,"Labridae",27.1968992544944,2.43517874599703,4.14077125301835,0.612565313245131,0.657332496263894,0.180250631929336,6
"196","Pseudolabrus_semifasciatus",37.6153104267073,0.460847844410415,10.8629698548874,0.132294474051403,3.72137835378553,0.126239398064211,"Labridae",27.1889564066716,2.30217982005809,4.13863242188149,0.395569193200874,0.713041759570222,0.107273843846585,6
"197","Halichoeres_brasiliensis",37.7167352548066,0.511451544142537,10.8678315922866,0.147143277064808,3.67507735136952,0.139545741277998,"Labridae",27.1315345619772,2.42862937908638,4.11806502831396,0.610642522020549,0.654987137779811,0.17967327267871,6
"198","Choerodon_graphicus",37.740919343183,0.527440216299841,10.8699834713053,0.15184074682595,3.6621953471162,0.1437361438881,"Labridae",27.7199022912021,2.23161441517554,4.35831742652905,0.561220561082652,0.696244199237932,0.16472510053929,6
"199","Halichoeres_nicholsi",37.7672770078842,0.544123806238947,10.8712620129935,0.156745575883157,3.64695617838053,0.148099464519834,"Labridae",27.1149652053378,2.41271218075552,4.11925837696263,0.606457492809484,0.656446461538003,0.17841463963089,6
"200","Halichoeres_discolor",37.7794805523695,0.551193924073458,10.8724621954101,0.158826862604344,3.64079895142454,0.149943140482339,"Labridae",26.1491759772482,2.32267880867116,3.78432646939613,0.490540448513986,0.631615618373241,0.139384682682277,6
"201","Pseudolabrus_luculentus",37.8076077554226,0.566648086999938,10.8745608788268,0.163371489977039,3.62686849820079,0.153982638377326,"Labridae",26.321451957067,2.96141752555324,3.70652614567231,0.464033765189163,0.633751323101309,0.121089543691769,5
"202","Halichoeres_chierchiae",37.8352618021102,0.583705633386307,10.8760731331281,0.168386920725928,3.61310422528222,0.158440172968165,"Labridae",26.4730796454794,2.21487088971534,3.89616886078246,0.509583400143582,0.642007730142639,0.147348437482032,6
"203","Halichoeres_rubrovirens",37.8292503346458,0.580153610906299,10.8759583091629,0.167341845161512,3.61646196046199,0.157513087199212,"Labridae",26.8560710121131,2.27548472630157,4.0389161598016,0.561791327101282,0.654883283267164,0.164598746861849,6
"204","Halichoeres_notospilus",37.8046795913852,0.567498811443825,10.8747544508592,0.16361914701512,3.62667232920536,0.154207529078783,"Labridae",26.9395530049534,2.3054886189152,4.06550416861335,0.573813161616212,0.65620254050204,0.168392632709896,6
"205","Halichoeres_adustus",37.81984007339,0.576131514188579,10.8760519491964,0.166159495762565,3.62008862700718,0.156460016630889,"Labridae",25.6359634914877,2.70791662739605,3.63285677049679,0.502363175247348,0.620208477984131,0.138182017206794,6
"206","Stethojulis_interrupta",37.8043823881988,0.570181119752132,10.8754068621876,0.164421291669637,3.62545664362466,0.154879073300721,"Labridae",20.1172263713031,6.44269171049874,1.94844764206049,0.973615361842461,0.45614466302379,0.248742858125294,5
"207","Stethojulis_strigiventer",37.7532595243544,0.543517918729033,10.8712036635744,0.156583400757527,3.65036131960398,0.147898242845585,"Labridae",21.4576701178927,5.82103434720493,2.36039460444474,0.880054471443917,0.506226002642985,0.225237576770835,5
"208","Stethojulis_trilineata",37.6187833820848,0.483939803610925,10.8651110093347,0.139107845643776,3.70878742961669,0.132207826054571,"Labridae",20.841549972573,6.07623941972246,2.17618677287051,0.91834072910984,0.48636921545085,0.234862229473621,5
"209","Stethojulis_albovittata",37.4970265672089,0.448555099001542,10.8610943233216,0.128811575389635,3.75632923993212,0.122751387033294,"Labridae",20.3038829401377,6.33516100884808,2.00809637447636,0.957393764339492,0.464576516856567,0.244666652213103,5
"210","Stethojulis_bandanensis",37.3938023891597,0.413156251646782,10.8569477481644,0.118526450071059,3.805359342653,0.113233432437166,"Labridae",20.6125850171191,6.17944733725019,2.10722379301941,0.93390070377177,0.477720531812916,0.238785280984329,5
"211","Stethojulis_balteata",37.2927097234246,0.393765321881493,10.8558360049,0.113038227381001,3.84399546166816,0.107812908764951,"Labridae",20.6070547113518,6.18268866269675,2.10410890794593,0.934422246753576,0.476839182586732,0.238906707226026,5
"212","Anampses_geographicus",37.1552880801178,0.369790790033002,10.8481960764593,0.106373762027745,3.91156859329575,0.100783399974717,"Labridae",24.3499581658374,4.4301256675382,3.51403504027805,0.679773890788987,0.686722682709849,0.178286126252772,5
"213","Anampses_meleagrides",37.075412439765,0.36704123179389,10.8437045103052,0.105885667871857,3.9519354576618,0.0994673057454523,"Labridae",22.1047097599861,5.56226352219477,2.65903945408146,0.841055422020695,0.563272635252952,0.216281694502155,5
"214","Anampses_twistii",37.0160415221109,0.368302628864091,10.8403463042928,0.1064759694268,3.97903290588766,0.0993450413088416,"Labridae",21.4304071180595,5.90119178667764,2.39760607272066,0.891587835722702,0.5211771963398,0.228508267188588,5
"215","Anampses_cuvier",36.9849102731606,0.36679715039724,10.8381792207537,0.106109523346704,3.99166959990702,0.0986851242217396,"Labridae",24.009773025618,4.62792139696961,3.31838074414387,0.704682413893195,0.650827957083019,0.18319136839219,5
"216","Anampses_femininus",36.9765636596221,0.362950893109878,10.8370585426168,0.104958893559319,3.99622249031068,0.0975789547307554,"Labridae",22.4726122088851,5.38872709208987,2.79014388386668,0.815412479293887,0.581727334277448,0.210043831422686,5
"217","Anampses_caeruleopunctatus",36.977321987533,0.354967581040601,10.8336419953862,0.102535385677301,3.99822373458937,0.0953822228564156,"Labridae",26.2839120892366,3.51964241811933,4.25188396684126,0.565798971035242,0.783617781513557,0.153966261181848,5
"218","Anampses_lennardi",36.9684037449641,0.357338455849958,10.8345130509426,0.103289980053063,4.00332716888817,0.0959187004728367,"Labridae",23.2824853540388,4.98122442488433,3.10193528569656,0.756455007038441,0.627828969013958,0.196045749294913,5
"219","Anampses_elegans",36.9567981243986,0.365158461936206,10.8350898163394,0.105702339543452,4.00715461633202,0.097940852991617,"Labridae",23.5772558562041,4.82524276746314,3.21731559510234,0.734420945891239,0.64453364801496,0.190894638396505,5
"220","Anampses_neoguinaicus",36.9307162287053,0.37907308417236,10.837721200894,0.109978201277831,4.01107129288806,0.101573807865171,"Labridae",21.7528184173561,5.74523386679666,2.517605128951,0.868213219158938,0.539982889701208,0.222806622373151,5
"221","Anampses_lineatus",36.8983475948728,0.405442897111452,10.8414582156442,0.118037138778031,4.0220300993651,0.108542009778909,"Labridae",21.0128880638753,6.14183158350578,2.21470821121239,0.928167640735639,0.484088330709183,0.237365529220496,5
"222","Anampses_melanurus",36.8768149273635,0.419753324808933,10.8429780553389,0.122391882049877,4.02602819886321,0.112354916766529,"Labridae",20.9806939925349,6.16782441052374,2.19642288782897,0.932209816552576,0.478917549703896,0.23834356561535,5
"223","Hemigymnus_melapterus",36.8450197976689,0.445769723297097,10.846302671652,0.130282946016619,4.0361100589215,0.119325383123844,"Labridae",26.6582764522716,3.8338516823444,4.19590910053665,0.595163334570665,0.744090159423686,0.157762372291258,5
"224","Hemigymnus_fasciatus",36.8348107507522,0.45218573874673,10.8463869840723,0.132224633757958,4.03848026870127,0.121050447579159,"Labridae",32.7419003598616,2.38394723847929,5.80474213283046,0.447306400638975,0.84333575700433,0.125455062745923,8
"225","Labrichthys_unilineatus",36.8215726450061,0.460242364162504,10.8469119539929,0.134660677600157,4.04120645915563,0.123219423103854,"Labridae",33.3894278589865,1.85935222465892,5.52293960596898,0.35496562925567,0.83519477274322,0.0989313212458154,3
"226","Labropsis_australis",36.8114149803148,0.467795054064552,10.8473240389842,0.136942319350282,4.04400095974848,0.125255308628345,"Labridae",25.8721992811865,4.60321549659787,3.61652852428652,0.708797444395128,0.60592682262898,0.183966017516667,5
"227","Diproctacanthus_xanthurus",36.857626794484,0.434838550168956,10.844719279669,0.126971054935019,4.03184253761283,0.116391445643688,"Labridae",25.9393524905734,4.60090962026805,3.62867750533961,0.709351953708617,0.603642141592347,0.184203591629062,5
"228","Halichoeres_dimidiatus",36.8662699750805,0.429858325310104,10.8438705439016,0.12546046683295,4.02964829848441,0.115057118862242,"Labridae",27.5521685056888,2.05557559357321,4.24996449448921,0.374938469031494,0.720501467444476,0.103368667422326,6
"229","Labroides_rubrolabiatus",36.8873656415029,0.411744543667808,10.8424778928806,0.119956170638055,4.02406936998648,0.110218828688953,"Labridae",29.653951989446,3.57752921941713,4.67805274268259,0.591713156721809,0.682412892087608,0.159318674384423,5
"230","Labroides_dimidiatus",36.9006973602592,0.403978236177676,10.8412794557646,0.117596863351206,4.02176665194939,0.108161201297807,"Labridae",34.1544677133826,2.26593465166647,6.01662461671191,0.473021233093954,0.817329469982495,0.136569596190784,8
"231","Labroides_bicolor",36.8928252907127,0.407832181337232,10.8422958902522,0.118771364941789,4.02306218117193,0.109185900951631,"Labridae",30.1508995355564,3.17715751065387,4.91240295326459,0.529262206764556,0.739900142651746,0.143066817015357,5
"232","Labroides_pectoralis",36.8918732328487,0.408747368244152,10.842268316758,0.11906285432669,4.02409858783688,0.109446624844354,"Labridae",30.5764520309875,3.26261006429658,4.9662351562849,0.554902303973974,0.717414224787807,0.151243846593631,8
"233","Labroides_phthirophagus",36.8516148399859,0.440495981616545,10.8448646718976,0.128746506456087,4.03580437062486,0.117983394315856,"Labridae",30.4535083823953,3.25168172292211,4.9457057764253,0.549762026084362,0.722028960798431,0.149497371794014,8
"234","Pseudojuloides_cerasinus",36.8072353443459,0.469502858206015,10.8473019167174,0.137536585541086,4.04597776299582,0.125806743603772,"Labridae",21.7355298517449,5.78712745955762,2.4738765575602,0.874265322625268,0.530176546872846,0.224041847916225,5
"235","Pseudojuloides_elongatus",36.8003954592647,0.473828084668531,10.8485106157335,0.138973699097177,4.04850377945688,0.127128655522916,"Labridae",21.7596905460952,5.77370564116956,2.48324844050845,0.872237724289606,0.531903912543378,0.223543952517914,5
"236","Pseudojuloides_atavai",36.810425594172,0.467136077466097,10.8494825920295,0.137041142888351,4.04755673346622,0.125433363179851,"Labridae",21.6024500182749,5.86202379879784,2.42165791693701,0.88560868867544,0.520252656603043,0.22682803564812,5
"237","Chlorurus_perspicillatus",36.8100315803161,0.467166114914873,10.8492339211084,0.137121017796401,4.04865856975714,0.125529802027939,"Labridae",29.1927210758373,1.76448184766936,4.98841230279966,0.439833044566123,0.813033840786782,0.129635138814033,6
"238","Coris_venusta",36.8740452486495,0.424785802788725,10.8455344015869,0.12441956576161,4.03695265675527,0.114365534763967,"Labridae",26.326182831825,3.03498658027315,3.83958823026064,0.477030442624391,0.681739034122442,0.125172420853931,5
"239","Thalassoma_ballieui",36.9093806592912,0.399826127820803,10.8459995886524,0.117038131499668,4.0330632022959,0.108049873441815,"Labridae",28.1604624439953,2.32540801447426,4.83665045797607,0.435603445602433,0.862384320351032,0.124288288898835,6
"240","Thalassoma_pavo",36.9993591997241,0.361988024081239,10.8464285906905,0.104733527405858,4.0169587091155,0.0980484873683521,"Labridae",25.4316855467093,3.96111296538555,3.81428924236681,0.607096069023992,0.747299669873455,0.159328413583424,5
"241","Thalassoma_newtoni",37.0401345501224,0.360400148725513,10.8502015232164,0.103485126576118,4.01357241669437,0.0979365197347322,"Labridae",23.4635270172463,5.00571106397619,3.03479029176144,0.757235699871551,0.611494682507883,0.194976187791802,5
"242","Gomphosus_caeruleus",37.1266850216851,0.373875600643184,10.8493301587703,0.106050054703018,4.00537915581251,0.10161078089059,"Labridae",28.9691731776628,2.4966248047363,5.08959642192741,0.414271573317073,0.973093990474892,0.115635611375563,5
"243","Gomphosus_varius",37.1933218273617,0.388223960279916,10.8538570875715,0.108160297603769,3.99541297137858,0.105020714571011,"Labridae",29.5347194211976,2.34465613961428,5.23280797758976,0.389746026411719,1.00694975564406,0.109136175290618,7
"244","Thalassoma_quinquevittatum",37.2511340157238,0.429059472946174,10.8598875140106,0.118513658403815,3.99441014121383,0.115689163873204,"Labridae",26.8292980901383,3.54423746462338,4.17199881306372,0.542038870409631,0.823708704289768,0.142720927601077,5
"245","Thalassoma_jansenii",37.3271230469786,0.468627040022436,10.8648892468595,0.128254149791716,3.99365561514645,0.126455192801525,"Labridae",24.062600331643,4.73003578341865,3.2959312489869,0.715708782062464,0.671260580306855,0.185219550870593,5
"246","Thalassoma_hardwicke",37.3701636967451,0.507321422021674,10.8692101315319,0.138315722424421,3.99265563623583,0.136330804396751,"Labridae",24.0858617004676,4.66688189582803,3.26809684468429,0.70674498152986,0.65661248463513,0.182643976607907,5
"247","Thalassoma_hebraicum",37.4223500910222,0.548000268379057,10.8725800390406,0.149003578016901,3.98885247589043,0.147045335811364,"Labridae",23.7760015880448,4.63146809485188,3.18275080907296,0.70405611892558,0.633944329931571,0.182021827109331,5
"248","Coris_centralis",37.4143448524936,0.550566963351221,10.8764713573791,0.149654160422761,3.98205801596053,0.146877711550846,"Labridae",25.7805029601366,3.72164118616821,3.47560815550271,0.572274145278751,0.585784748641972,0.147849124052986,5
"249","Thalassoma_lutescens",37.4074600482127,0.549855734333517,10.8893426230506,0.149584865752048,3.98625689457507,0.147583920772003,"Labridae",26.3020071340043,2.5468483461756,3.98625027269484,0.471025481110547,0.705287180377726,0.130363153780877,6
"250","Thalassoma_rueppellii",37.3609779865245,0.533341283076999,10.8941639572151,0.14559783634604,3.98612215249257,0.143275100158584,"Labridae",23.4154177716582,4.79691622253612,3.03493022328245,0.728262527532275,0.606947270785157,0.187723245965653,5
"251","Thalassoma_duperrey",37.323322903171,0.528814330024348,10.9009721847711,0.14490682318868,3.98544303698676,0.142256536831197,"Labridae",24.9643007276242,3.74168440613955,3.60247304437931,0.584425256718226,0.685812027695195,0.153441740575077,5
"252","Thalassoma_grammaticum",37.3344032217394,0.525565044730803,10.9031534554018,0.143862675968108,3.98779090612253,0.141810508481964,"Labridae",26.0127440799876,3.00645213301952,3.97532949365484,0.500860531887734,0.729421546385783,0.135244833678656,5
"253","Thalassoma_noronhanum",37.3148980075221,0.525552256496409,10.9037028018523,0.144159775902523,3.98643383134845,0.141656379990763,"Labridae",24.6042069895983,4.64032233383963,3.31863651706867,0.706201202119461,0.616017398911226,0.182181281629438,5
"254","Thalassoma_bifasciatum",37.2984388462742,0.534267731602413,10.8970395093832,0.146441509289821,3.97903798166141,0.142926473537833,"Labridae",27.213284988577,2.13573152459904,4.21336911109742,0.451393213263929,0.717728563004019,0.12827387959736,6
"255","Thalassoma_lunare",37.2915222923379,0.542328534277679,10.8957292797643,0.148675737248103,3.97510834036737,0.144769183153513,"Labridae",32.520245815938,1.89068948249993,6.06922649911972,0.375953712591057,0.961524045776169,0.107675030598193,8
"256","Thalassoma_amblycephalum",37.3042605685233,0.574144437161565,10.8842840952196,0.15687930507498,3.9641541551419,0.151275721321844,"Labridae",24.2016282319985,4.95091218229236,3.20935405819689,0.750858534736786,0.608055513220124,0.19353502903275,5
"257","Thalassoma_lucasanum",37.3098722296932,0.587619326949061,10.8784223082319,0.16021765298066,3.95946767196294,0.153778675562746,"Labridae",24.1780361940248,4.98922611237366,3.18542366610261,0.757082625793939,0.598909918740549,0.195067245374854,5
"258","Thalassoma_robertsoni",37.30820627888,0.590419870020323,10.8783520054931,0.1609416444067,3.95855950285442,0.1543653448017,"Labridae",24.9688029124165,4.93781646327834,3.32389109185391,0.756794334406983,0.566864274636044,0.195594628081743,5
"259","Thalassoma_trilobatum",37.3042711691554,0.588123251804499,10.8786254449355,0.160338967391963,3.95836604056793,0.15380613919706,"Labridae",25.8192158416342,3.9259671427214,3.90790114093623,0.602427771725238,0.737436272673921,0.158136143198221,5
"260","Thalassoma_purpureum",37.3021665299785,0.588733998472061,10.876468823577,0.160431063541065,3.95711181589702,0.15372720350817,"Labridae",28.4134366688197,2.61366701633171,4.9660539921972,0.455924684498687,0.889679596104418,0.129100712568393,5
"261","Leptojulis_cyanopleura",37.2988448602454,0.545259736984277,10.8757668737381,0.148651345584103,3.96698989743594,0.143423563040726,"Labridae",21.6443344933794,5.81405617969526,2.43817205217278,0.878457215409128,0.523295253139739,0.2250273264202,5
"262","Halichoeres_hartzfeldii",37.2879197177439,0.539278070631806,10.8771892022826,0.147126880736172,3.9675121417983,0.142134611965169,"Labridae",22.9349985852373,5.00572305624114,2.89526482984625,0.758533406389233,0.593748856046752,0.195342785474402,5
"263","Halichoeres_trimaculatus",37.2711518607173,0.504985571458524,10.8786320782005,0.137270651702525,3.97825810429497,0.132803388391465,"Labridae",28.2894607768778,2.78326998550097,4.81682662630466,0.442945251521283,0.950403936128877,0.121201990150265,5
"264","Halichoeres_scapularis",37.2522300598622,0.482748059865332,10.8778791378368,0.131110198626324,3.98413707356208,0.127336939485139,"Labridae",24.5892515980526,4.41115990467219,3.47523587129676,0.668082547350744,0.710420723440501,0.173513964790692,5
"265","Halichoeres_hortulanus",37.1950883478821,0.430235411124012,10.8712509435023,0.117207050918641,3.99504498633795,0.115054145677576,"Labridae",27.1162530873218,2.10921401351249,4.16235629569721,0.502400349263084,0.693031554970242,0.146124678500881,6
"266","Oxycheilinus_orientalis",37.1214536041408,0.379466324329803,10.8542518718222,0.103916366219638,4.00741642930563,0.102188461222789,"Labridae",30.1129958381956,2.46909550863378,5.38029907166188,0.415700696828008,0.940645099582228,0.116917727018415,5
"267","Cirrhilabrus_beauperryi",37.030864446521,0.341640970313678,10.8382235324123,0.0943090254716074,4.02065591059634,0.0915483291503977,"Labridae",25.9182789309394,4.0090691757455,3.58668374382884,0.61786314069567,0.603100953083299,0.160031597646425,5
"268","Macropharyngodon_kuiteri",36.975306570558,0.327706714582441,10.8276909022147,0.0915127464440085,4.0320404915445,0.0875551200851533,"Labridae",22.1406775726932,5.51895220542831,2.53579163107274,0.833946357706609,0.52597161638316,0.21355813183527,5
"269","Macropharyngodon_bipartitus",36.9196687482452,0.33585186249294,10.8225200031566,0.0948376636779507,4.056406698374,0.0887397444362538,"Labridae",23.8642356754281,4.27484986651878,2.9876800399276,0.648240205146701,0.573195111588122,0.166645296362753,5
"270","Macropharyngodon_negrosensis",36.8498994508558,0.361045641766065,10.8135181466458,0.103319033213342,4.07772881514461,0.0954091991172632,"Labridae",24.1803874739135,3.9528139032452,2.99767050246047,0.6012900498192,0.556087372939464,0.15465736547232,5
"271","Macropharyngodon_choati",36.793829876724,0.382617971222071,10.8070699048896,0.110392380719791,4.09220669190693,0.101069126544681,"Labridae",24.062916554305,4.03101054417385,2.86737506570035,0.614316562161542,0.511286547772047,0.157727247026325,5
"272","Macropharyngodon_ornatus",36.7846794638067,0.383982861447516,10.8046129456937,0.11057147239673,4.09480327309231,0.101374621280941,"Labridae",25.7825873701952,2.41770063374922,3.20809440439754,0.394478386175015,0.528140771192683,0.105059448865343,2
"273","Macropharyngodon_meleagris",36.7426664082182,0.380122090540403,10.7872935635109,0.109250890517765,4.0954472801729,0.100591124489198,"Labridae",27.2487527800891,1.40694861933999,3.29199494009347,0.328311809974681,0.466016089674413,0.0984105198865395,2
"274","Macropharyngodon_geoffroy",36.7037700177486,0.381812196748507,10.7726737413362,0.109699236866868,4.08975493245006,0.101721233354042,"Labridae",27.2566212073777,1.40407593825178,3.3064837947129,0.326071992096859,0.469938082583034,0.0975945013552835,2
"275","Choerodon_vitta",36.7065002901055,0.393504670179851,10.7639373762097,0.113313159684873,4.08437417760042,0.10560763543665,"Labridae",26.7909869663308,2.88925894031484,3.99315743802477,0.459771035426726,0.694741296356047,0.12120324162802,5
"276","Halichoeres_iridis",36.6871167434661,0.404485963476615,10.7563184224755,0.116881389589678,4.08123983718935,0.10903832803735,"Labridae",21.2429108895415,5.90035573604954,2.30490525181754,0.891585681673944,0.50753786838902,0.228166745898426,5
"277","Halichoeres_chrysus",36.6711239068921,0.417716904373113,10.7519394946582,0.121238029519214,4.080413287312,0.113073948301914,"Labridae",21.3217891821629,5.8515386462842,2.33460806783254,0.884234951002469,0.513030677517328,0.226346994467463,5
"278","Halichoeres_biocellatus",36.6602266117115,0.422762639201452,10.7499625338377,0.122871336944262,4.0819787119745,0.114543027961177,"Labridae",21.3636872407175,5.81788508466056,2.33537555514977,0.879082768439645,0.510593945091525,0.224989100352661,5
"279","Halichoeres_ornatissimus",36.6540851663873,0.425263371197008,10.7487548102122,0.123653544367901,4.08252292958781,0.115248490813245,"Labridae",22.7665591991578,5.06027540587193,2.81414930665856,0.766332129313858,0.581552559367567,0.197033478899703,5
"280","Halichoeres_cosmetus",36.6327736133952,0.433719154668722,10.7444575314618,0.126299823698045,4.08617005950315,0.117633741476163,"Labridae",21.6938340475173,5.68285995719588,2.43891359626387,0.85872010717549,0.524459594219502,0.219904884074297,5
"281","Coris_batuensis",36.6136656877961,0.443045782297186,10.7391782938832,0.12922066108791,4.08919601400424,0.120264300916494,"Labridae",24.660601232505,3.91762075956011,3.48403800682471,0.604102665209519,0.690227772466394,0.157573374316173,5
"282","Halichoeres_chloropterus",36.6021816429921,0.450082154029378,10.7363316326506,0.131425336455426,4.09157153538788,0.122248606103917,"Labridae",25.2440326758711,3.47245202559917,3.68213638828318,0.54738397421911,0.71439348338189,0.144295653674949,5
"283","Halichoeres_melanochir",36.5925248234597,0.455289021652636,10.7350757500024,0.133057252024608,4.09375376904851,0.123716797860663,"Labridae",27.4328600928961,2.10077833242131,4.20283031622705,0.516711929557242,0.679963148020703,0.150907977899573,6
"284","Choerodon_cauteroma",36.5714577826512,0.464378772967534,10.7314634110614,0.135906870908618,4.09762949329532,0.126279457461615,"Labridae",28.5779371920801,1.75885570073087,4.72960422367261,0.381348254949252,0.793265475265821,0.109911771119647,6
"285","Halichoeres_miniatus",36.5591028424467,0.470173482267455,10.7290876160986,0.137723881921584,4.09939427812048,0.127912873571593,"Labridae",24.6038368324424,3.97747147590189,3.42780792248765,0.610352480336473,0.684040784074401,0.158644440454563,5
"286","Halichoeres_nebulosus",36.5388059140945,0.477886643329034,10.7259839467578,0.140142779559601,4.10177015869079,0.130086715345741,"Labridae",26.6100939399477,2.26778316281137,3.98266708097073,0.455949258347475,0.698934547731034,0.12828470054485,6
"287","Scarus_vetula",36.5215967269105,0.485989072711171,10.7223290234285,0.142684031082334,4.10500627950263,0.132369827084774,"Labridae",27.9857425858459,1.33603685080514,3.5831741324799,0.326567193417997,0.504180386511774,0.0984051941222364,2
"288","Coris_debueni",36.4878774425782,0.505877161970035,10.7162674408305,0.148922216995667,4.11180811858302,0.137971965959295,"Labridae",27.4690066775923,2.22667981616775,4.29899692295416,0.395130363361086,0.743205749311459,0.108569486990681,6
"289","Halichoeres_margaritaceus",36.4753712476608,0.512686968009477,10.7131577024054,0.151058182453422,4.113497873827,0.139889533325413,"Labridae",27.7072437665267,2.76508997777505,4.43183297132529,0.43716752551457,0.865002896751096,0.116978632497954,5
"290","Halichoeres_solorensis",36.4723094264461,0.514499975504798,10.7124041596588,0.15162683800728,4.11397406310811,0.140400001700834,"Labridae",22.9596414294079,4.89515380322336,2.9323203156606,0.743113083633249,0.609612200980091,0.191681983944886,5
"291","Coris_aurilineata",36.4560800496062,0.522820297197017,10.7077673814064,0.154236437313845,4.1165423078965,0.14274236823724,"Labridae",21.8964259726938,5.53183471786231,2.54874160616638,0.836307356799213,0.550782520003829,0.214546222062347,5
"292","Coris_pictoides",36.4267431119379,0.539758556257051,10.7000540604794,0.15954831432315,4.12378577221778,0.147509414921242,"Labridae",22.1222979635379,5.39327584106204,2.63029300742243,0.815797781842551,0.56407868316799,0.209481218428979,5
"293","Halichoeres_prosopeion",36.3800283784363,0.567651947195524,10.6886146967544,0.168293046589813,4.13493940000505,0.1553554832659,"Labridae",21.6378662354875,5.67843909494014,2.4541728108405,0.858163371232449,0.535433981099788,0.219931288697342,5
"294","Halichoeres_brownfieldi",36.35041883937,0.585339994794727,10.6814855268441,0.173836238592308,4.13998593071705,0.160328370952919,"Labridae",21.7989749486678,5.54745383091213,2.51201042899037,0.838498119112654,0.545210554190759,0.215058747758155,5
"295","Halichoeres_marginatus",36.3263173074515,0.598974137306843,10.6770489198796,0.178107767896551,4.1460139415605,0.164160254537869,"Labridae",22.5733041846049,5.15574643393316,2.76496721361337,0.780338659654585,0.578913946032396,0.200616641627883,5
"296","Halichoeres_argus",36.2864615287049,0.626077774310271,10.6652195351707,0.186595951607313,4.15553353036661,0.171774647402813,"Labridae",20.9030015862284,6.06515915489987,2.20605021529734,0.916153719754229,0.498486030385123,0.234381900557826,5
"297","Thalassoma_nigrofasciatum",36.2489966530304,0.649744042584443,10.6575707673237,0.194004013841095,4.16213256636755,0.178420211116345,"Labridae",27.1301558700313,2.44732191816241,3.97731447264769,0.396492726891617,0.674349875531679,0.105021832579944,5
"298","Halichoeres_richmondi",36.0842689056408,0.747665208648429,10.6198694026557,0.224621178863849,4.19105947878624,0.2058902669941,"Labridae",22.4951561816427,5.14912841916355,2.7779702630202,0.780038485901982,0.587291392987208,0.200830971866028,5
"299","Choerodon_cyanodus",35.9190319206724,0.852327396341344,10.5788046330307,0.257293048760694,4.22466182084274,0.235214441860308,"Labridae",29.2006100250762,1.97128794455335,5.06218152236706,0.494034920227652,0.819562198243041,0.145637281637657,6
"300","Halichoeres_melanurus",35.9437375082238,0.834715614197427,10.5866201220858,0.251798585209644,4.21908428949384,0.230282159284087,"Labridae",21.6184813048291,5.6574254408521,2.40894354464152,0.855074493698172,0.520418418451252,0.218906401600292,5
"301","Coris_roseoviridis",35.999576073045,0.803787156178696,10.5996091532282,0.242146530615318,4.20806344095676,0.221618461982193,"Labridae",27.0067952476302,2.68721739717636,4.00509208221158,0.431756680001896,0.685341850032294,0.114007775432923,5
"302","Halichoeres_leucurus",36.0039006179399,0.801347001446594,10.6005178116948,0.241384839583774,4.20728948191685,0.220934809963056,"Labridae",21.200253536337,5.88744800770089,2.30854046835858,0.889542782872218,0.513780960703947,0.227741939210154,5
"303","Halichoeres_nigrescens",36.032090720297,0.781028389393628,10.6081669654493,0.235041372013785,4.20103298390302,0.215241507396955,"Labridae",21.4199746827767,5.76518374352669,2.38767846591139,0.871176931029215,0.526989039597595,0.223201578554102,5
"304","Halichoeres_maculipinna",36.0580084037441,0.763541427749339,10.614527332958,0.229580409579425,4.19488304763519,0.210340609856809,"Labridae",23.4118435339128,4.86943359866726,3.00144305448519,0.737522885076102,0.59404614754569,0.189905004091734,5
"305","Cirrhilabrus_solorensis",36.0341437465412,0.779544195255431,10.6086754991134,0.234577932619655,4.20043880080053,0.214825584779025,"Labridae",26.2093544825891,3.48716055738261,3.62313439237756,0.537880565453911,0.610830132609592,0.139377481820554,5
"306","Parapriacanthus_ransonneti",37.9169041623656,0.635715191532689,10.802656690344,0.190036997626898,3.57291707080727,0.182879952634887,"Pempheridae",29.3241459186519,3.6182479928456,4.6434462904568,0.588506438451783,0.704516631302982,0.157646365866488,5
"307","Pempheris_oualensis",38.0886055407504,0.795079427422727,10.9738138906566,0.238245536585047,3.46335164397866,0.230500228557535,"Pempheridae",26.3004568816777,4.23648808848128,4.01613625343745,0.648766634621038,0.71827822433782,0.170324149727796,5
"308","Pempheris_vanicolensis",38.0695414639905,0.775509642633839,10.9533798989744,0.232326573750912,3.47632690943264,0.224653111742655,"Pempheridae",28.5048149618358,3.66413266473753,4.66744047197804,0.575313948294796,0.781034822022134,0.153174971611391,5
"309","Pempheris_schwenkii",38.0711090928935,0.777262864549462,10.955211547326,0.232856852875758,3.47516507654237,0.225176952058497,"Pempheridae",27.9576441407734,3.90786030105619,4.34606820420658,0.611734022565362,0.709284964486306,0.16128969688705,5
"310","Pempheris_schomburgkii",38.0739455053385,0.779747085116893,10.9578065486787,0.233608226321997,3.47351904119599,0.225919202875877,"Pempheridae",35.8455618668569,2.15457038103146,6.55369640536894,0.494529173667334,0.867720965171971,0.145404566040391,8
"311","Pempheris_analis",38.1033590957851,0.810388486776597,10.9896085213243,0.242875662115597,3.45218986452806,0.235074183166921,"Pempheridae",30.4230208237935,3.12844649401446,5.22467783574111,0.514091977945562,0.828877737837456,0.139632451821547,5
"312","Pempheris_mangula",38.1000377587959,0.807194633693609,10.986367050598,0.24190971346145,3.45447863550759,0.234119951164532,"Pempheridae",31.4254899518545,2.94671722411782,5.37438717357398,0.507943468768177,0.803118060022865,0.139682847310099,8
"313","Pempheris_adusta",38.0747744975101,0.780473215609461,10.9585649841421,0.233827849865456,3.47307099068728,0.226136160077606,"Pempheridae",31.4524485599781,2.91610767426863,5.41416021666979,0.501684748244633,0.815617503082019,0.137967647463121,8
"314","Pempheris_molucca",38.0862801018646,0.792461552527738,10.9710818070212,0.23745376323187,3.46532152958299,0.22971806316273,"Pempheridae",29.7820142852521,3.39287537952757,4.86666801140219,0.553049969856486,0.751901649232783,0.148687123053301,5
"315","Lactophrys_bicaudalis",35.358777647794,0.866255792368658,9.62154755206495,0.243334736228156,4.50746473961728,0.235923247867699,"Ostraciidae",28.6674170432727,5.57057974537496,4.80821176742008,1.03462763595314,0.554343675163622,0.195050979789788,1
"316","Rhinesomus_triqueter",35.358777647794,0.866255792368658,9.62154755206495,0.243334736228156,4.50746473961728,0.235923247867699,"Ostraciidae",30.6928739945958,3.92763949855072,5.67028992134742,0.743069158279428,0.825345955311199,0.147488024662683,1
"317","Acanthostracion_quadricornis",35.358777647794,0.866255792368658,9.62154755206495,0.243334736228156,4.50746473961728,0.235923247867699,"Ostraciidae",28.1822692014345,6.0671154985349,4.61650367812504,1.12524379403503,0.485618372736621,0.211443807104139,1
"318","Acanthostracion_polygonius",35.358777647794,0.866255792368658,9.62154755206495,0.243334736228156,4.50746473961728,0.235923247867699,"Ostraciidae",28.0434449680647,6.17118132894143,4.5563615473605,1.14408412090332,0.469441324483118,0.214921206542186,1
"319","Lactoria_diaphana",34.7313457245759,1.26390536318205,9.42969644581901,0.357668475708768,4.69019705130702,0.346114336479881,"Ostraciidae",29.1133636526528,4.53288646347422,4.91912981536352,0.843543090835201,0.630995166746697,0.160738440254892,1
"320","Ostracion_meleagris",34.6965785129066,1.29269659327726,9.41488304896851,0.365957878736139,4.70373119573459,0.354094048731399,"Ostraciidae",28.041020321955,5.37482388816021,4.42205290930589,0.995328895706266,0.475602008448536,0.187352871727535,1
"321","Ostracion_cubicus",34.7241878691133,1.27081350733526,9.4260630151151,0.359657341001276,4.69342289212161,0.348028973071974,"Ostraciidae",28.1152457080401,1.46488610090021,3.73199785170813,0.328103195253061,0.507699828625344,0.0916489420038729,2
"322","Ostracion_whitleyi",34.7241878691133,1.27081350733526,9.4260630151151,0.359657341001276,4.69342289212161,0.348028973071974,"Ostraciidae",27.8761467499933,3.69472816928801,4.04793733174601,0.686668244611884,0.464884466519742,0.132933263743719,1
"323","Ostracion_solorensis",34.997260660776,1.09272296031491,9.51380844147447,0.308406257633292,4.61223810957913,0.298672498916128,"Ostraciidae",27.8606503676094,3.90058483587891,4.07194954780217,0.723361255581735,0.459637553897536,0.13908551415914,1
"324","Balistoides_viridescens",32.4877458590231,0.42019103060279,9.09973194070862,0.122845125940859,5.42444141979481,0.11484508719047,"Balistidae",29.9384147520569,1.98292937629755,5.32550464105352,0.495436216378717,0.83511972223383,0.146053412012495,6
"325","Pseudobalistes_flavimarginatus",32.4454247450215,0.660786953303887,9.64707503580531,0.193792396480708,4.65517694901177,0.175914404499919,"Balistidae",30.3313339396452,1.8398903350454,5.41441887751905,0.452778126782587,0.844068751123919,0.132909801411513,6
"326","Xanthichthys_mento",33.0635034495041,0.393331012607355,9.36136842842532,0.117917852272715,5.04521392833825,0.10734678699587,"Balistidae",34.0106577051556,1.78748581369749,6.07703259936354,0.398135558131974,0.832043674942758,0.114156340301258,8
"327","Xanthichthys_auromarginatus",33.6776493217392,0.665503834770521,9.4638472441436,0.203217306713539,5.03156399874739,0.1830739261319,"Balistidae",34.0106577051556,1.78748581369749,6.07703259936354,0.398135558131974,0.832043674942758,0.114156340301258,8
"328","Balistapus_undulatus",33.6691865231754,0.721050159932494,9.44774096531562,0.223370367320096,5.13750565372678,0.199000257552698,"Balistidae",28.3071351060044,1.88312286212398,4.42544291480747,0.455830116410855,0.684219396778072,0.132231419926711,6
"329","Odonus_niger",33.5766047913655,0.692009354468368,9.59052701235762,0.211149609510782,4.89667808008472,0.188178359051234,"Balistidae",29.4945564233967,1.7993956957021,5.0378370530124,0.436463303981055,0.789882871191301,0.127332972982173,6
"330","Balistoides_conspicillum",33.054450370639,0.364746379923377,9.30570769140016,0.107816125173918,5.07444109257936,0.0999237439923991,"Balistidae",29.5767902574252,1.74432069022563,5.04438049158226,0.421038751994755,0.788884604757916,0.122771784196612,6
"331","Melichthys_niger",33.2105902525323,0.415947641482942,9.33477151390722,0.12438604584759,5.06818045444419,0.1145365605568,"Balistidae",28.3761170055863,1.22079361367691,3.79062670940207,0.296858488679473,0.532917114397403,0.0888540089640486,2
"332","Melichthys_vidua",33.2486750212927,0.429722857629544,9.34227265189536,0.12876513214444,5.06755074782071,0.118409529503143,"Balistidae",28.9235239280502,1.1578004551811,4.0891107580163,0.269241053192815,0.584181525929421,0.0788910784396029,2
"333","Melichthys_indicus",33.1755509715432,0.403412315548769,9.32755008977558,0.12037951562283,5.07064460215294,0.110997008862257,"Balistidae",29.1040646390778,1.28837501111583,4.04285192562765,0.276717021863004,0.560559249516075,0.0797819407935295,2
"334","Canthidermis_maculata",32.8966857876959,0.363144881969792,9.15118512960474,0.103719273430946,5.1598526033531,0.0997872419050841,"Balistidae",35.4597744542909,1.70363991044898,6.6933311960159,0.407010136253913,0.916841570299914,0.117825764375606,8
"335","Canthidermis_sufflamen",32.8966857876959,0.363144881969792,9.15118512960474,0.103719273430946,5.1598526033531,0.0997872419050841,"Balistidae",35.4417582306384,1.63642712288709,6.82728979138059,0.400684522136748,0.952324255492323,0.116320897162566,8
"336","Balistes_punctatus",32.8764227732294,0.367035217443792,9.13967437167331,0.104749813853624,5.16771975610782,0.10086961933828,"Balistidae",28.8650277466311,2.02427523615704,4.88235858395646,0.503323668474341,0.773982899425922,0.14765299710305,6
"337","Pseudobalistes_fuscus",32.8764227732294,0.367035217443792,9.13967437167331,0.104749813853624,5.16771975610782,0.10086961933828,"Balistidae",28.2079955695313,2.07255451889289,4.50715157045553,0.518892759338025,0.708158955390722,0.151923483085304,6
"338","Pseudobalistes_naufragium",32.8764227732294,0.367035217443792,9.13967437167331,0.104749813853624,5.16771975610782,0.10086961933828,"Balistidae",27.9684300968127,2.31573279293787,4.50742876558497,0.583639762994819,0.711888871573051,0.171547363172111,6
"339","Balistes_vetula",32.8764227732294,0.367035217443792,9.13967437167331,0.104749813853624,5.16771975610782,0.10086961933828,"Balistidae",28.153724108957,2.10633449377249,4.49120471376444,0.528579960181374,0.705927215705761,0.154919798015124,6
"340","Balistes_polylepis",32.8764227732294,0.367035217443792,9.13967437167331,0.104749813853624,5.16771975610782,0.10086961933828,"Balistidae",27.9960738159109,2.26356437253495,4.50463903978943,0.570118066106306,0.712064808883887,0.167463227569462,6
"341","Rhinecanthus_verrucosus",32.7838423398496,0.672542800341541,9.18124260578881,0.194161509543631,5.12594963523778,0.179728486122141,"Balistidae",24.6170169499801,4.78260236922131,3.30084325334514,0.728059266256511,0.586193823443156,0.187691741538549,5
"342","Rhinecanthus_rectangulus",32.7699703886905,0.776164343720797,9.19001550315213,0.224918470864603,5.11266782843758,0.206599246572277,"Balistidae",25.2020073836946,4.26954593095602,3.54103491765312,0.652585833441599,0.624632957775599,0.169285506093145,5
"343","Rhinecanthus_aculeatus",32.768278897115,0.798192848968225,9.19721619088943,0.231441909940375,5.10762997541159,0.212303988473266,"Balistidae",24.9545622479702,4.36034027490483,3.46485243486076,0.665960671976411,0.615173376447817,0.17256463230215,5
"344","Abalistes_stellatus",32.5334446955615,0.397922715830249,8.88414099828617,0.112979187450104,5.35169475043804,0.110354633381192,"Balistidae",29.0801408567108,1.9778808444324,4.99109944370948,0.484697704191458,0.794956352716479,0.142473769666579,6
"345","Sufflamen_fraenatum",32.2803874858613,0.455704786718426,8.68279486469144,0.129222231787102,5.50376668735378,0.126235954874223,"Balistidae",33.6311188673309,1.49307904550002,5.70189622485911,0.313507398657395,0.843283288116976,0.090723916730608,3
"346","Sufflamen_verres",32.2751230405895,0.457254182493019,8.67912851597728,0.129660675946588,5.506622458936,0.126653582095942,"Balistidae",30.8856539064235,1.75486609526979,5.20095711460008,0.342416512320514,0.808159990585806,0.0974800075937826,6
"347","Sufflamen_bursa",31.8924749210748,0.596783172157981,8.37120564942324,0.169274868033488,5.73026790433237,0.164117092251127,"Balistidae",27.7307796668321,2.16231280304641,4.21790599370698,0.422887492924928,0.671857352421775,0.117751272150742,6
"348","Sufflamen_albicaudatum",32.1515630527491,0.494050051650654,8.59370077444401,0.140092593991984,5.56916973139215,0.136710812042905,"Balistidae",26.5974885352409,3.76422599086401,3.82043106635383,0.580275599336361,0.634517244938193,0.150349114018616,5
"349","Sufflamen_chrysopterum",32.1568094599273,0.492368948580405,8.59878531158975,0.139618009029607,5.56640145087075,0.136260944808155,"Balistidae",27.1495987234607,3.09758603144873,4.09686152537604,0.493537244026272,0.680432978399509,0.13021583821907,5
"350","Cantherhines_longicaudus",35.26939482002,0.736829615912184,9.66665083349794,0.217904366313531,4.36539363005832,0.1941499623308,"Monacanthidae",32.0156988805783,3.36235132414906,5.28993262373096,0.622737178464494,0.63834951321605,0.127143494565929,1
"351","Cantherhines_rapanui",35.2944791528589,0.8012116099573,9.66660437048,0.237203765101269,4.34399292825039,0.211217641070466,"Monacanthidae",32.5661472605047,3.00739793132197,5.42102339145975,0.560901145626103,0.67535201354222,0.118055832789323,1
"352","Oxymonacanthus_longirostris",35.3133666153614,0.832791984672406,9.66759951931881,0.246665586863193,4.33190589560433,0.21958993972529,"Monacanthidae",36.8254731187154,1.64671664309502,6.25584457036041,0.39371281535965,0.86053097157148,0.115183886268695,3
"353","Paraluteres_prionurus",35.3091369201088,0.827033425197279,9.66765373147571,0.244940472585028,4.33375484676242,0.218063270590443,"Monacanthidae",31.2714692998319,3.83036485512217,5.14343370191905,0.70621045131155,0.602986742160116,0.140286820972975,1
"354","Monacanthus_chinensis",35.3009753974873,0.814489604092339,9.66696337737984,0.241182348007668,4.3385635451404,0.214737759227631,"Monacanthidae",32.8021910398022,2.62426327868748,5.7130418130473,0.492922372955568,0.761258522960044,0.106961688251886,1
"355","Pervagor_janthinosoma",35.2996212434727,0.812809000072363,9.66699302866901,0.240678805201452,4.3390785104924,0.214292213846498,"Monacanthidae",28.0805885471777,6.20126960295489,4.48177577715947,1.14742813181599,0.438426645835804,0.215912072889196,1
"356","Pervagor_melanocephalus",35.3007271017332,0.814181423312837,9.66697391956702,0.241090011458139,4.33865796844951,0.214656057300637,"Monacanthidae",28.1631477778408,6.07353384419691,4.49662845402034,1.12359085733765,0.446155150568634,0.211546470907777,1
"357","Pervagor_aspricaudus",35.2908299791987,0.792044797966217,9.66705231836776,0.234456732940464,4.34696230388699,0.20878745541895,"Monacanthidae",28.3991203392216,5.99122428839852,4.5509389916583,1.10797866539459,0.454282021472769,0.208892261124001,1
"358","Pervagor_marginalis",35.2789134758057,0.760418331578707,9.66732106835664,0.224977087006732,4.35790861287754,0.20040320697589,"Monacanthidae",28.3712949127829,6.02517866073526,4.54423341751707,1.11402358320332,0.44869540111812,0.210001310801178,1
"359","Pervagor_alternans",35.269839222331,0.739466071195472,9.66684175798655,0.218694971474209,4.36474424838059,0.194848864124055,"Monacanthidae",28.7536547747634,5.71348501217711,4.62767139973115,1.05611385489048,0.475231390065241,0.199621585808392,1
"360","Cantheschenia_grandisquamis",35.2720410006869,0.74461095952074,9.66661806899094,0.220237714468142,4.36334908413746,0.1962127366498,"Monacanthidae",33.0382792861827,2.7392505666594,5.55500346514462,0.515423885083967,0.710220629800656,0.112136178126599,3
"361","Stephanolepis_hispidus",35.2909547463527,0.792358020883172,9.66703700277627,0.234550601248325,4.34686286114013,0.208870492702774,"Monacanthidae",31.944510144464,3.23885127276554,5.38401340749958,0.600363204880397,0.678989624092073,0.12239529159785,1
"362","Aluterus_scriptus",35.3508780374355,0.910904886696745,9.66978611523609,0.270057903979851,4.30490991145971,0.240299111013274,"Monacanthidae",37.1273759792099,1.54519046991614,6.62413771323842,0.365703514833998,0.940402594806594,0.111506838492266,3
"363","Cantherhines_sandwichiensis",35.3948693093347,1.00339224395644,9.66844232400727,0.297738381159701,4.27269057723633,0.264819859360621,"Monacanthidae",28.4187919182439,6.00562534606432,4.55128781987588,1.11101512023272,0.454640857575419,0.209436308662799,1
"364","Cantherhines_pullus",35.4028542438803,1.02354929742478,9.66795357903969,0.303769223094984,4.26632626720628,0.270164058078753,"Monacanthidae",28.3947039096036,6.02909272512883,4.5478639635592,1.1154520312916,0.453826814532395,0.210219765126465,1
"365","Cantherhines_pardalis",35.3966969375765,1.00800353324895,9.66853348524718,0.299118100724572,4.27128261993858,0.266042439980007,"Monacanthidae",28.4874581930131,5.9967025563464,4.57696727017209,1.10952249881763,0.459896853675617,0.209208287370354,1
"366","Cantherhines_macrocerus",35.3967592081927,1.00816067316262,9.66853659127612,0.299165117137792,4.27123464827404,0.266084102139894,"Monacanthidae",30.1901753333978,4.80479677848311,4.98916273447453,0.888474942028687,0.560878697455562,0.170488832052807,1
"367","Cantherhines_dumerilii",35.3971949309199,1.00926026554229,9.66855832492153,0.299494115153604,4.27089897880461,0.266375634673807,"Monacanthidae",35.973685155462,1.87230886235881,6.16220526105773,0.405438817566976,0.829918533416275,0.111914444957641,3
"368","Amanses_scopas",35.3864216646747,0.982029357375136,9.66832730574627,0.291346055061206,4.27932549925871,0.259155976286443,"Monacanthidae",36.5938533849617,1.76475193120569,6.22894687635731,0.405149504297161,0.843801224455855,0.116272027328791,3
"369","Cantherhines_fronticinctus",35.359849845723,0.927814753512895,9.66938132524675,0.275120052632106,4.29905924487846,0.244782307712268,"Monacanthidae",32.8685970335312,2.71890128064799,5.52982739328677,0.509644303752235,0.70902835476036,0.110116940422181,3
"370","Thamnaconus_analis",35.3107686203001,0.829250842458944,9.66760644141202,0.245604763835381,4.33304272643397,0.218651136168535,"Monacanthidae",34.2742623437583,2.32466660852344,5.7742855118718,0.454538113753482,0.748925509078637,0.109092312656725,3
"371","Sphoeroides_annulatus",37.3827968351762,0.442690134684242,10.3735920465926,0.131098235509337,3.9738477995729,0.122591828180143,"Tetraodontidae",28.2511643181139,2.09484569285885,4.59324079219497,0.526364972096552,0.746927141859636,0.154436277853185,6
"372","Sphoeroides_spengleri",37.3827968351762,0.442690134684243,10.3735920465926,0.131098235509337,3.97384779957291,0.122591828180143,"Tetraodontidae",27.9040671894821,2.02165352451066,4.37242431573654,0.503716157299534,0.700877063306687,0.147595435719308,6
"373","Sphoeroides_lobatus",37.3827968351762,0.442690134684242,10.3735920465926,0.131098235509337,3.97384779957291,0.122591828180143,"Tetraodontidae",28.2866056664595,1.77977971321185,4.5412690375506,0.420052268849168,0.747699774089623,0.121781778070879,6
"374","Canthigaster_bennetti",38.3015471962551,0.537251937279549,10.7921382062565,0.162442987178152,3.61213082488962,0.150697969892082,"Tetraodontidae",27.5385173971324,5.69876389501512,4.2450324148136,1.05387166373814,0.42578164086776,0.19830489531409,1
"375","Canthigaster_amboinensis",38.3006692293963,0.538109327395886,10.7915222279175,0.162673472689742,3.61454381937598,0.15090190967102,"Tetraodontidae",27.736493961116,5.80165330946125,4.34423341203305,1.0732412790574,0.44058945012155,0.201923466414893,1
"376","Canthigaster_callisterna",38.4818532722451,0.5765788894275,10.8961194144059,0.174631698571197,3.51934080002067,0.162355291043614,"Tetraodontidae",27.7542873457992,4.63197980996049,4.21575671717586,0.857136431519207,0.465135279879271,0.162179309081349,1
"377","Canthigaster_rostrata",38.7802766111879,0.691028473406598,11.0598667606584,0.208937749379016,3.40164302365029,0.193860016607311,"Tetraodontidae",27.6446634292872,5.83410594461247,4.30777350918792,1.07913844763973,0.432272208691003,0.203007190091404,1
"378","Canthigaster_figueiredoi",39.001422102286,0.796646397939233,11.1845502798097,0.240428960604198,3.31527120070795,0.222421834530131,"Tetraodontidae",27.639645646257,5.8323641293403,4.30378813509931,1.07888437363811,0.431401489979679,0.202934643451635,1
"379","Canthigaster_coronata",38.9294643755654,0.755432950071527,11.1413411175474,0.228245367222717,3.34089971911579,0.211305943435546,"Tetraodontidae",27.5594764366931,5.64130618113316,4.23627626587909,1.04352846788491,0.425376700814366,0.196317883037902,1
"380","Canthigaster_valentini",38.6789523557247,0.620896004373667,11.0107376981276,0.188672839495811,3.38042880763814,0.174692963238567,"Tetraodontidae",27.6132128261507,5.94125956879811,4.30439095372228,1.09911846713036,0.426459773308391,0.206688441737251,1
"381","Canthigaster_capistrata",38.389652261251,0.535141919238128,10.8610402075328,0.162631052530574,3.4839343477855,0.150992788710612,"Tetraodontidae",27.8117368986747,4.33994266222765,4.19923024069667,0.803478570414167,0.473551467190092,0.152573771510317,1
"382","Canthigaster_axiologus",38.3418620905036,0.528175530886837,10.8349718126753,0.16035299785088,3.49269345156934,0.148926930832177,"Tetraodontidae",27.5331680468427,5.77524372665784,4.24944944334973,1.06832433228948,0.423179355002287,0.200916582161695,1
"383","Canthigaster_solandri",38.1207205266882,0.547891468368972,10.7141914294805,0.164443780012616,3.54977038914376,0.152894289430439,"Tetraodontidae",27.6095065149384,1.74084478318241,3.53694643010428,0.362828274081387,0.449160509393751,0.0937745153702196,2
"384","Canthigaster_papua",38.2287797232238,0.539655183757091,10.7726141203193,0.162747346648436,3.50690002022755,0.151430297536249,"Tetraodontidae",27.5888048234549,2.60229053369835,3.71702334312508,0.496116971887793,0.442359488611483,0.10559837204646,2
"385","Canthigaster_janthinoptera",38.2762993764555,0.536228183868685,10.7953815454577,0.16205935200325,3.49654233440125,0.150745311859916,"Tetraodontidae",27.5933106888105,5.41319810878252,4.21095043263306,1.001184005063,0.428730572536174,0.188529355737323,1
"386","Canthigaster_punctatissima",38.1524494549499,0.543747181165224,10.7297283966059,0.163430258250562,3.53939412136697,0.15198423484047,"Tetraodontidae",27.5950509661746,5.42681422917609,4.21403733281711,1.0036964416489,0.428824988733449,0.188992617579218,1
"387","Canthigaster_jactator",38.1367476361068,0.540415530747477,10.7222902687612,0.162445958370201,3.5461146292428,0.150991231413295,"Tetraodontidae",27.603537735217,5.47655280455694,4.22635704014264,1.01286292335172,0.429392729660815,0.190689061869529,1
"388","Arothron_nigropunctatus",37.6727660850512,0.962836191043352,10.3788496924568,0.281725838370624,4.16757934112393,0.258555658026215,"Tetraodontidae",36.0168112018881,1.57263332531653,6.14166843018411,0.373727078417702,0.884681053983817,0.109499858368027,3
"389","Arothron_meleagris",37.6434714422024,0.980027999117113,10.3551526705111,0.286791811485187,4.18222912436289,0.262595795448509,"Tetraodontidae",35.6235847197486,1.43523095738879,6.19419267109673,0.341251290382964,0.90368375544691,0.101539650432423,3
"390","Arothron_hispidus",37.706224967875,0.773704378205708,10.4339029443866,0.227381009595056,4.04931200020528,0.208718170640875,"Tetraodontidae",28.355904817057,2.01846447415379,4.54137847849431,0.504132401319181,0.721902104954559,0.147921402608955,6
"391","Arothron_manilensis",37.7283352505525,0.775214841492613,10.4405452926342,0.227767680873011,4.04466391412906,0.209387068913882,"Tetraodontidae",27.9765776918838,1.90232770293895,4.37639495876421,0.442654978739116,0.708592451164728,0.128444969194692,6
"392","Arothron_mappa",37.7367696587384,0.780547362908987,10.4438792814361,0.229292488114363,4.04414008803464,0.210866306835085,"Tetraodontidae",28.3039332139646,2.15640767314724,4.58826262535256,0.542037913079386,0.731258362119821,0.159218060782904,6
"393","Arothron_stellatus",37.7410496961834,0.781976990621109,10.4464439054722,0.229690457565246,4.04378921207884,0.211308224941084,"Tetraodontidae",28.1195927600549,2.25801006332104,4.52629760486163,0.568720008296016,0.714658336683152,0.167168251373773,6
"394","Siganus_spinus",41.115912192643,1.11558566448416,10.6443038483779,0.300679751114299,3.23550092518907,0.278118015736759,"Siganidae",27.5749155548383,1.4841991819557,3.28179956349537,0.360326553163762,0.442496557837744,0.109164614451226,2
"395","Siganus_fuscescens",38.5953642886567,0.882231062941267,9.88614067075264,0.254309041690916,3.74958105894891,0.232146877770841,"Siganidae",27.5873347563657,1.48296484976589,3.29325736380342,0.360195743836562,0.444629835968276,0.109089468734691,2
"396","Siganus_canaliculatus",39.0425651026101,0.793185887332546,10.0233037872853,0.228489123512522,3.65811266438864,0.20939948845169,"Siganidae",27.6478400002225,1.47722572256769,3.32198086388955,0.358888967816278,0.449482074960034,0.108648098214419,2
"397","Siganus_luridus",39.1127896915862,0.780659854229305,10.0393262244114,0.2245441891013,3.64562752212028,0.206082001509202,"Siganidae",27.4975413185611,1.50423609720879,3.23881567244078,0.365173069968056,0.433509448350117,0.110695850530706,2
"398","Siganus_sutor",39.1641221434426,0.77712248428904,10.0489368769461,0.223275144360131,3.63564628361997,0.205072848435169,"Siganidae",27.5204249797138,1.50159957033359,3.25169728439559,0.364617561473259,0.435767033304538,0.110502508352794,2
"399","Siganus_argenteus",39.1914823083793,0.777055546605112,10.0550986213195,0.223144923862992,3.63179440916458,0.204985101926172,"Siganidae",27.6323321298475,1.47821574132537,3.31479084601647,0.359113062326444,0.448119913730121,0.108722125144853,2
"400","Siganus_trispilos",39.3400665645072,0.762399222117265,10.1183191817932,0.217811233281755,3.59956465351235,0.200382520562855,"Siganidae",27.5186321146084,1.4949885468089,3.25254882928497,0.362848139261536,0.436159432985446,0.109961447331765,2
"401","Siganus_guttatus",39.4841151755408,0.757694026323472,10.1705785844254,0.214937969117174,3.5726807366046,0.198086566991203,"Siganidae",27.5443297491286,1.49723451809773,3.26499091487953,0.363597375924917,0.438684821120722,0.110173409680123,2
"402","Siganus_lineatus",39.5048034142178,0.757906223649667,10.1776525816988,0.214798441258393,3.5697250356092,0.197996034636212,"Siganidae",27.5981313954439,1.48733603571172,3.29637231155543,0.361305976153539,0.444904517219289,0.109421508448115,2
"403","Siganus_corallinus",39.5048034142178,0.757906223649667,10.1776525816988,0.214798441258393,3.5697250356092,0.197996034636212,"Siganidae",27.5254349138674,1.49871359452969,3.25473952995279,0.363889002405614,0.436776047589023,0.110279411227452,2
"404","Siganus_doliatus",39.5048034142178,0.757906223649667,10.1776525816988,0.214798441258393,3.5697250356092,0.197996034636212,"Siganidae",27.5450567562227,1.49078953684163,3.26453573564445,0.361878563006464,0.438774010515462,0.109646306896053,2
"405","Siganus_virgatus",39.5048034142178,0.757906223649667,10.1776525816988,0.214798441258393,3.5697250356092,0.197996034636212,"Siganidae",27.5686410893634,1.48538750261793,3.27990460058414,0.36065090287277,0.442151648081846,0.109249528550032,2
"406","Siganus_javus",39.5048034142178,0.757906223649667,10.1776525816988,0.214798441258393,3.5697250356092,0.197996034636212,"Siganidae",27.5372663494106,1.49913754974456,3.2618339203473,0.364081766509697,0.437620675821746,0.110320037552288,2
"407","Siganus_puellus",39.5048034142178,0.757906223649667,10.1776525816988,0.214798441258393,3.5697250356092,0.197996034636212,"Siganidae",27.5135943164134,1.50144188735642,3.24864448747351,0.364543533724657,0.435407620668972,0.11048582738359,2
"408","Siganus_punctatissimus",39.5048034142178,0.757906223649667,10.1776525816988,0.214798441258393,3.5697250356092,0.197996034636212,"Siganidae",27.5087797150338,1.50185877343418,3.24601302920083,0.364624201919435,0.434950359138182,0.110515267328226,2
"409","Siganus_stellatus",39.5048034142178,0.757906223649667,10.1776525816988,0.214798441258393,3.5697250356092,0.197996034636212,"Siganidae",27.5784303627326,1.48866175922309,3.28658206247115,0.361566366467676,0.44262443967337,0.109510363152859,2
"410","Siganus_punctatus",39.4729275239227,0.757381417926371,10.2020265670368,0.214815125134876,3.57557528737326,0.197599607709265,"Siganidae",27.6078437612477,1.482325075493,3.30404812794255,0.360070645848963,0.446033926502251,0.109024033711417,2
"411","Siganus_vulpinus",39.4729275239227,0.757381417926371,10.2020265670368,0.214815125134876,3.57557528737326,0.197599607709265,"Siganidae",27.5028680148684,1.49972993121397,3.24385409025429,0.364015767284675,0.434469397669483,0.11033081323828,2
"412","Zanclus_cornutus",38.3022925671743,1.10274221919916,9.33056013772201,0.325782667719431,4.16163530388714,0.299759447717669,"Zanclidae",28.5111139667743,5.61102474709018,4.65066934473106,1.03847700869044,0.495888281308188,0.195707569530603,1
"413","Naso_thynnoides",38.0037896217577,0.533465814927773,8.81683254514537,0.163001917784519,4.05549171881926,0.153886963867598,"Acanthuridae",30.5735467696656,1.22264891739755,4.49475373085604,0.301909596767209,0.607993060629538,0.0880335895607368,2
"414","Naso_caeruleacauda",37.9179188958779,0.570313615852035,8.70854411183764,0.174708743762834,4.06041053764477,0.164454007638898,"Acanthuridae",30.6159536581551,1.22183947372361,4.49886789720027,0.301937868539282,0.60603780732843,0.0880051181660087,2
"415","Naso_unicornis",38.1304811194404,0.737718236637337,8.44730098386417,0.226463002465822,4.01187104515475,0.212112708941911,"Acanthuridae",28.6621228627544,1.36356233275443,3.76216947533815,0.332552133574192,0.510809210744077,0.0995289952537919,2
"416","Naso_lituratus",38.2588811183887,0.837366877742356,8.2968117874315,0.257197172283624,3.98841091018943,0.24041303509173,"Acanthuridae",28.5653972918565,1.3685449860788,3.67667546817334,0.333097043255423,0.492396104519883,0.0997741492371572,2
"417","Naso_elegans",38.262327745864,0.839812184401788,8.29349155579635,0.257950522592598,3.98753458155274,0.241106401194041,"Acanthuridae",28.5909075216464,1.36808188398318,3.68124346363527,0.333013453129852,0.492260918539538,0.0997275836705932,2
"418","Naso_hexacanthus",38.1098317734494,0.744521008657979,8.42957692437929,0.228595024805193,4.01872444463749,0.214100360870064,"Acanthuridae",37.2136681420863,1.71941300198038,7.27258761166691,0.438523294477066,0.984851757681641,0.127033938393464,8
"419","Naso_caesius",38.0474701450316,0.727993571852854,8.44040466265848,0.223549967862817,4.0391096752463,0.209496657523455,"Acanthuridae",37.4493409825883,1.74171076441674,7.00301853579304,0.457913482513895,0.894605718936096,0.133967316313376,8
"420","Naso_vlamingii",38.0672836693186,0.727304402151219,8.44775301722677,0.223312746086871,4.03249239934639,0.209259588876287,"Acanthuridae",31.5327346892754,1.21364904431975,4.92403080939587,0.302244176895379,0.668371465769957,0.0871545013298691,2
"421","Naso_brevirostris",38.0672836693186,0.727304402151219,8.44775301722677,0.223312746086871,4.03249239934639,0.209259588876287,"Acanthuridae",31.5327346892754,1.21364904431975,4.92403080939587,0.302244176895379,0.668371465769957,0.0871545013298691,2
"422","Naso_annulatus",38.2554336541894,0.728238650730589,8.52560249170967,0.223635730142061,3.94915659783456,0.209328859635754,"Acanthuridae",31.4225540373043,1.41139972986309,5.17169634296865,0.345150785547627,0.739709962878576,0.102319861963498,2
"423","Naso_lopezi",38.2892098451821,0.728929277698517,8.5014713993235,0.223525155995721,3.96236755089489,0.209159740707636,"Acanthuridae",31.5327346892754,1.21364904431975,4.92403080939587,0.302244176895379,0.668371465769957,0.0871545013298691,2
"424","Naso_tonganus",38.3063036808593,0.729173716863872,8.49455954971465,0.223741750840218,3.96515461190101,0.209226278950033,"Acanthuridae",31.5327346892754,1.21364904431975,4.92403080939587,0.302244176895379,0.668371465769957,0.0871545013298691,2
"425","Naso_tuberosus",38.3285196608955,0.729781732502345,8.48573236293539,0.224165940524423,3.96871571180609,0.209386875921965,"Acanthuridae",31.5327346892754,1.21364904431975,4.92403080939587,0.302244176895379,0.668371465769957,0.0871545013298691,2
"426","Naso_brachycentron",38.2814915882196,0.729228711326034,8.50596848943007,0.223645417350836,3.96594207987347,0.209218100597081,"Acanthuridae",31.3591991828939,1.3483669977267,5.08246381907358,0.330913939560633,0.720056361346184,0.0973853489883204,2
"427","Naso_mcdadei",38.2776937336232,0.729414324453524,8.51328454038221,0.223322645155535,3.95913210118339,0.209169531984456,"Acanthuridae",31.3552262654481,1.26617236396716,4.97407552930625,0.312729094045025,0.691894405922752,0.090991458901798,2
"428","Prionurus_microlepidotus",37.6238871365342,0.311231674274962,9.16090511637619,0.0919307172722285,4.12988809540953,0.0870249413365469,"Acanthuridae",28.1710419284181,1.43596341430811,3.60153453179734,0.350119941958281,0.495943187350177,0.105458217026519,2
"429","Prionurus_maculatus",37.5211412730551,0.279229751562705,9.2730957270414,0.0812995365717262,4.15730371433998,0.0766135186676821,"Acanthuridae",27.8659120605401,1.45831059661554,3.41857104241715,0.354659133755816,0.463252366773665,0.107106341292895,2
"430","Prionurus_biafraensis",37.5226818366676,0.277994045743775,9.28130354170871,0.0808417493004272,4.15851926613606,0.0761672956492557,"Acanthuridae",28.0158797134807,1.43691072481934,3.43410042375765,0.348994663615314,0.457972006880061,0.10523223726352,2
"431","Prionurus_laticlavius",37.4649268999691,0.278626327386747,9.28732381521689,0.081298960862654,4.16616250002267,0.0763070576121177,"Acanthuridae",28.0275926876185,1.44510465137178,3.51728767903338,0.351970318762185,0.481206144087981,0.106135858407118,2
"432","Paracanthurus_hepatus",35.3626236627716,0.327418776292462,8.76506451730669,0.0964553472428241,4.84565282381345,0.0905381626053754,"Acanthuridae",27.5400772831118,1.49938804875376,3.25479316028765,0.364019437425981,0.435352245921826,0.110300445311715,2
"433","Zebrasoma_velifer",34.6951208443505,0.361876236176211,8.58489997234751,0.106615772557004,5.06899403391914,0.100277941961653,"Acanthuridae",27.7569566188242,1.46424573133355,3.35763013493285,0.355707609996476,0.451749558599809,0.107543688122735,2
"434","Zebrasoma_desjardinii",34.5270324798385,0.371497788400146,8.5335042369559,0.109476355754584,5.12676397855429,0.103008395371402,"Acanthuridae",27.5761757005332,1.49408243446831,3.27406957107528,0.362814617693099,0.438643171671889,0.109892894636797,2
"435","Zebrasoma_rostratum",34.0493295128345,0.399448993282899,8.41317063777179,0.11772133338903,5.27986287803268,0.11084093126464,"Acanthuridae",27.6093658231866,1.48557045042695,3.28256198437819,0.360576983542567,0.439049584549776,0.109179870424309,2
"436","Zebrasoma_flavescens",33.2169167038152,0.451754834645793,8.20023747301824,0.133048581304346,5.54842368044514,0.125465903153361,"Acanthuridae",27.715112915615,1.46710474478388,3.32566933693558,0.356020622320166,0.444996677072899,0.107684378509353,2
"437","Zebrasoma_xanthurum",32.9295842197899,0.471000450552623,8.12727421022522,0.138667868469675,5.64250175928958,0.130846905474043,"Acanthuridae",27.5901720394276,1.48956721876919,3.28225836557652,0.361729499676241,0.440075965323162,0.109545437223916,2
"438","Zebrasoma_scopas",32.8502095883129,0.475610600174096,8.12195252407196,0.140055958192088,5.66023228425415,0.132092144461053,"Acanthuridae",27.6741279739717,1.47500659037336,3.32742748378785,0.358302503034963,0.44818402715671,0.108413609157682,2
"439","Acanthurus_triostegus",35.8971726651326,0.387347515465425,9.24078768820762,0.115432601950162,4.43746869480556,0.109275387457719,"Acanthuridae",27.7783067102355,1.45945063594933,3.35391605309673,0.354334387802185,0.449163292571722,0.107101604162646,2
"440","Ctenochaetus_marginatus",38.2767201754044,0.394069249477968,9.89117115409328,0.118081696889438,3.66362057942038,0.11064007796948,"Acanthuridae",27.9238003730494,1.44844302116861,3.40045132590986,0.351812603696504,0.45336272717908,0.106192544054028,2
"441","Acanthurus_lineatus",39.4520499577032,0.407407628417669,9.99972622862899,0.120806812752093,3.45408315286871,0.11159167466118,"Acanthuridae",27.7768845567824,1.4647285658672,3.35490397796485,0.355734100272994,0.449065820733663,0.107524392763533,2
"442","Acanthurus_nigroris",40.4103504092529,0.532430421557602,9.91006509127228,0.161088786040732,3.40889702924981,0.144187710834249,"Acanthuridae",27.7228558010909,1.47137342877412,3.3271523412404,0.357242239632106,0.44461672734792,0.108046801059309,2
"443","Acanthurus_nigrofuscus",40.7810630983254,0.602781527534737,9.81483352423366,0.183976717000557,3.43942104321443,0.162545267271137,"Acanthuridae",27.7800866600815,1.46501101184357,3.34350601558494,0.355640636246541,0.445766010430605,0.107513675230713,2
"444","Acanthurus_coeruleus",40.6064587773171,0.552490936806536,9.91158174117517,0.169395117191665,3.39785818711989,0.149965048338441,"Acanthuridae",27.7446473284988,1.4697091583382,3.34567980568947,0.357015328646089,0.449387369760109,0.107971737436941,2
"445","Acanthurus_guttatus",40.5137352283984,0.520627752664844,9.99088148271775,0.158978264868388,3.35652378937077,0.142538249657048,"Acanthuridae",27.5249822582816,1.50223336223945,3.24539073838724,0.364671205563702,0.433420116030302,0.110517902055423,2
"446","Acanthurus_leucosternon",40.3130719870836,0.534603657403398,10.0979518116687,0.163020295692459,3.30608873821506,0.147385017162683,"Acanthuridae",27.5140175507883,1.50337128320797,3.24582099833007,0.365018422626473,0.434222661507214,0.11063189086335,2
"447","Acanthurus_achilles",40.4508956989545,0.548518403677505,10.1250466629504,0.166150957327604,3.24368518707842,0.152052142594899,"Acanthuridae",27.5210707964375,1.50298716391244,3.24328988510117,0.364849299797961,0.433034044263357,0.110576644803552,2
"448","Acanthurus_nigricans",41.0034736099308,0.554780394805682,10.067416790629,0.165264979197885,3.15856288794817,0.152934749578612,"Acanthuridae",27.5322993092786,1.50159801376383,3.2470810014471,0.36450976948305,0.43340424040775,0.110462230390612,2
"449","Acanthurus_albipectoralis",41.2667710524796,0.571871604421904,10.0335417784637,0.16927766293237,3.1237712462067,0.156708947081322,"Acanthuridae",27.6993610126148,1.47983569656892,3.31569214539514,0.35935329764735,0.443130515955533,0.108723145473346,2
"450","Acanthurus_thompsoni",41.2671000522401,0.551020788991449,10.0162460119449,0.162046504500439,3.12881891441144,0.150487204125826,"Acanthuridae",35.8406321779287,1.54816590385586,6.3734663595204,0.404501464421828,0.817394691963543,0.118186816339283,8
"451","Ctenochaetus_hawaiiensis",41.2255704595019,0.48304007769971,9.91949007828289,0.140716017244159,3.20223245168822,0.131702596739797,"Acanthuridae",27.6157923974407,1.48902149654919,3.28151881894161,0.361488900041989,0.438243994067854,0.109454699162375,2
"452","Ctenochaetus_striatus",41.0516288735003,0.392634709970757,9.80197967543863,0.113183777281744,3.32429718349807,0.107723915845979,"Acanthuridae",27.8045308352773,1.4598394686997,3.35958445264375,0.354422870359878,0.448882907806335,0.107104289568063,2
"453","Acanthurus_fowleri",40.6250523942069,0.325058517844974,9.76498031606708,0.0921910651875459,3.44380624555762,0.0887760343434592,"Acanthuridae",27.5719940184029,1.49601171312654,3.26932398268822,0.363272279784292,0.437342606669854,0.110040357035393,2
"454","Acanthurus_nubilus",40.6100105680745,0.303121611482521,9.63241423226821,0.0849698041020286,3.53477819533478,0.0827358253046006,"Acanthuridae",27.5238021111261,1.50229231521167,3.24504073098614,0.364685091165719,0.433399924785934,0.110523323083191,2
"455","Acanthurus_tristis",40.7770083749056,0.29791442005346,9.46901192130913,0.0833736329206565,3.60174746493552,0.082201044581554,"Acanthuridae",27.7952616344399,1.46635159265681,3.34787237977108,0.35602543162771,0.44634981178139,0.107614272639132,2
"456","Acanthurus_pyroferus",40.7514604879407,0.302103537657791,9.48621062173036,0.0845515987128627,3.59824295936036,0.0829625137494602,"Acanthuridae",27.5202590616599,1.5027374956149,3.24420472701071,0.364799647870579,0.433381659148607,0.110561308316095,2
"457","Ctenochaetus_cyanocheilus",40.6253155418032,0.31359929506767,9.620672604638,0.0878372008139153,3.54433872410783,0.0848108066352316,"Acanthuridae",27.6226144241146,1.49015350783573,3.2789948041028,0.361733183212972,0.436852895087799,0.10952735623757,2
"458","Ctenochaetus_tominiensis",40.4696333222186,0.325459101025429,9.71043986788146,0.0913358909171339,3.51269758553915,0.0874434737829077,"Acanthuridae",27.6233587697542,1.49000613082036,3.27930210463033,0.361696065067237,0.436883357943542,0.109515207070118,2
"459","Acanthurus_leucopareius",40.4338799978289,0.328576735800871,9.72351019797764,0.0922264103243642,3.50721806069954,0.088196948950747,"Acanthuridae",27.6335833146105,1.48842203933883,3.28496744877748,0.361333103861232,0.438084524726476,0.109398450625022,2
"460","Acanthurus_grammoptilus",40.4531888565282,0.328910258037065,9.72612166839733,0.0923560807856536,3.50449579388769,0.0881833718074396,"Acanthuridae",27.5750377801584,1.49492702390205,3.26870370451788,0.362962621503033,0.437112699185494,0.109943226504588,2
"461","Ctenochaetus_binotatus",40.4306614412168,0.331086482826583,9.73099905553796,0.0929807373050098,3.50310595749491,0.0887565343103183,"Acanthuridae",27.5425438376846,1.49998576575913,3.25118498131846,0.364119364259801,0.433971330282272,0.110333082740883,2
"462","Ctenochaetus_strigosus",40.4582046071764,0.339086223998168,9.7699610715941,0.0956564257168717,3.48570935655719,0.0902122122661407,"Acanthuridae",27.6544001977618,1.486268664159,3.29018972584394,0.360793185997709,0.438032953570531,0.109209588374885,2
"463","Ctenochaetus_flavicauda",40.329922038048,0.343385049840263,9.87253187458817,0.0986290913107318,3.46516996701948,0.0912311504254741,"Acanthuridae",27.6267143402798,1.48965851546116,3.28044033347316,0.361613486224091,0.437008138485573,0.109486984350852,2
"464","Ctenochaetus_truncatus",40.0180383809413,0.38986628522059,9.99965504792078,0.112839366150585,3.44807034688878,0.10227595401873,"Acanthuridae",27.6267143402798,1.48965851546116,3.28044033347316,0.361613486224091,0.437008138485573,0.109486984350852,2
"465","Acanthurus_monroviae",39.7687423540691,0.4886152838562,10.2708512785583,0.143884671327532,3.37644411993034,0.125096169377445,"Acanthuridae",27.502865158566,1.50503770169676,3.23913073928628,0.365379376740469,0.432969798433986,0.110753573365553,2
"466","Acanthurus_bahianus",39.4703037553268,0.61069128779041,10.5144273514491,0.18149642816963,3.32258644073414,0.155063828683414,"Acanthuridae",27.6887679509988,1.47663879240829,3.31756580615601,0.35855655397242,0.444173947759332,0.108488209333673,2
"467","Acanthurus_chirurgus",39.3090184581293,0.672831698607462,10.6507491748931,0.200407110276467,3.28571339526094,0.170265236997359,"Acanthuridae",27.7285736669041,1.47084087474374,3.33771382073995,0.357188683901963,0.446895177138667,0.108017634501849,2
"468","Acanthurus_tennentii",39.4651409941772,0.59945118613224,10.5393629239397,0.178320061022002,3.29761658270872,0.152085154386287,"Acanthuridae",27.5969882797161,1.4921213773277,3.2749161742604,0.362264995210569,0.437480638489914,0.109710134575879,2
"469","Acanthurus_olivaceus",39.6876480057595,0.512957905538113,10.3690525138525,0.15171707224962,3.31395245401243,0.131204305572343,"Acanthuridae",27.7571984083147,1.46864430205866,3.34333558512365,0.356707520706737,0.447478065258776,0.107855058536738,2
"470","Acanthurus_leucocheilus",39.8981021677199,0.474961448637945,10.2206139074458,0.139149096479525,3.32843826426369,0.122798103268729,"Acanthuridae",27.503719531385,1.50485307600654,3.23925357550164,0.365329349695446,0.432978807011331,0.11073778702125,2
"471","Acanthurus_reversus",40.003923669283,0.50094560865475,10.1674686640806,0.146549808788804,3.31410268956402,0.130291734177771,"Acanthuridae",27.806346638767,1.46607512473429,3.35725244536335,0.356108783454804,0.447915708041765,0.107621436943992,2
"472","Acanthurus_auranticavus",39.997809317899,0.531324766296231,10.1554947013587,0.155497602745766,3.31183774701226,0.138470340909676,"Acanthuridae",27.5037559604112,1.50481800908864,3.23928761277145,0.365320588935603,0.432984947882259,0.110734947499997,2
"473","Acanthurus_nigricauda",40.0982867063584,0.558555877731828,10.1667115248286,0.164639395734612,3.28653570037097,0.145692243127071,"Acanthuridae",27.5028428603041,1.50496136430749,3.23835593290987,0.365345572404543,0.432777853899277,0.110743790325423,2
"474","Acanthurus_sohal",40.0600304290409,0.574293645669192,10.1633393357102,0.169000637067886,3.28865358697249,0.149909596617251,"Acanthuridae",27.5669287966841,1.49557634256278,3.26834429647895,0.363155231698329,0.437405246781193,0.110006508257909,2
"475","Acanthurus_maculiceps",40.1649617242602,0.638856839093692,10.1792226102524,0.189561572488588,3.25484084401628,0.167108269982747,"Acanthuridae",27.6965643479047,1.48005204624983,3.31988190162517,0.359490462817216,0.444114073062145,0.10875805278361,2
"476","Acanthurus_bariene",40.1831735530347,0.662745338103936,10.180350832468,0.196982098930917,3.24621964917862,0.173475748929319,"Acanthuridae",27.5776864170537,1.49476888217717,3.27328475730359,0.362981131568603,0.438399806094921,0.109949262370781,2
"477","Acanthurus_dussumieri",40.1675128431998,0.716029644525672,10.1842170873393,0.21303422614759,3.23430161969832,0.187658200043141,"Acanthuridae",27.6882054768332,1.47899681508043,3.32434322188717,0.359304110027724,0.446562915780563,0.108723366205868,2
"478","Acanthurus_xanthopterus",39.9405792433553,0.756443327463283,10.1564612846254,0.222835141666672,3.26233410242153,0.197686487243287,"Acanthuridae",27.552793525948,1.49786288027111,3.26719020417347,0.363792039854895,0.437849273214182,0.110214392846164,2
"479","Acanthurus_mata",40.0159443707661,0.722370439752695,10.1669763393541,0.213511985077089,3.25742635538467,0.189047309690903,"Acanthuridae",27.5447512417824,1.49905718698098,3.25945353373039,0.363995492160802,0.436233489092929,0.110286827374492,2
"480","Acanthurus_blochii",39.7433540142003,0.775249690043046,10.1351987972245,0.225942479464904,3.29111471628644,0.201361078008836,"Acanthuridae",27.7290822660798,1.47220273436523,3.34128353820628,0.357658321643069,0.44835746216712,0.108164714384404,2
"481","Pareques_viola",36.2937845671098,1.04859272605201,9.85392291325475,0.306687575612025,3.55257745743272,0.286374250031785,"Sciaenidae",34.4081661850876,1.53073353293114,7.09363372025486,0.374508836286211,1.45879228927683,0.115908019165291,7
"482","Pareques_acuminatus",35.8178005014821,1.29041780319462,9.79733515606522,0.377773970135811,3.52606339506259,0.35349536629134,"Sciaenidae",34.0990637410976,1.4853990113512,6.933870127603,0.359747718274153,1.42471625600882,0.111241286579832,7
"483","Equetus_punctatus",35.8029284748585,1.264388453848,9.79909954908706,0.369978062391459,3.54760134728755,0.346582434458511,"Sciaenidae",34.4205169388368,1.51340861280811,7.08949902096467,0.371703020226795,1.45195253067108,0.114979637357407,7
"484","Odontoscion_xanthops",36.1145598520709,0.973352637537414,9.85718949317013,0.284765734564806,3.66349340664689,0.267782950846306,"Sciaenidae",35.1457070154878,2.11754898334603,7.62776647278133,0.491600026149005,1.40815755431377,0.15526530823171,7
"485","Odontoscion_dentex",36.15084264331,0.942377610713135,9.86339845709659,0.275697050318121,3.67488153504987,0.259395272206311,"Sciaenidae",35.041167418363,2.14133466190374,7.58085143105976,0.494738121645635,1.38251483233628,0.156301876160086,7
"486","Gnathodentex_aureolineatus",37.0351779760402,0.691744159460604,10.5212483823907,0.194769211963305,3.91776342185736,0.187842910307188,"Lethrinidae",27.8753348173126,2.08691924464112,4.46302910866527,0.520087253736638,0.732287018512444,0.152371107733591,6
"487","Monotaxis_grandoculis",36.1795295989451,0.812618349929507,10.7992335405668,0.248553946401848,4.03298547844501,0.230870836321894,"Lethrinidae",28.1097680104996,2.22143550391251,4.56115753350743,0.55970572800294,0.731894956377688,0.164384699420151,6
"488","Gymnocranius_microdon",36.665188744706,0.518768596596388,10.5875808458586,0.153627010876091,4.00341361428065,0.144587421314584,"Lethrinidae",29.4731884934337,1.97743630767795,5.22750944636414,0.493178914957723,0.865300517329285,0.145538257622724,6
"489","Gymnocranius_euanus",36.711314408786,0.496658139023145,10.5669614478577,0.146067750653127,3.99987894036151,0.13790287572105,"Lethrinidae",29.4731884934337,1.97743630767795,5.22750944636414,0.493178914957723,0.865300517329285,0.145538257622724,6
"490","Lethrinus_genivittatus",36.8851011238989,0.317379019332428,10.3274610672269,0.0926190152723651,4.00102632146823,0.0889135026976055,"Lethrinidae",31.4700405493512,2.76641052641505,6.29423740876435,0.523930460518905,1.127995169975,0.159357800088156,4
"491","Lethrinus_rubrioperculatus",36.9028918206496,0.299578930917813,10.2991663124319,0.0873383418542588,4.00052111837375,0.0840640822474014,"Lethrinidae",34.495095201909,3.24945449287049,7.77062470749809,0.721214506154799,1.340270339337,0.228945570132583,4
"492","Lethrinus_amboinensis",36.9057689199111,0.297836876579364,10.2962349403955,0.086821902497048,4.000319477993,0.0835895019524441,"Lethrinidae",36.1000079922128,3.59848217721521,8.48284576718849,0.83011689986124,1.42006121781151,0.264391934042986,4
"493","Lethrinus_olivaceus",36.9057689199111,0.297836876579364,10.2962349403955,0.086821902497048,4.000319477993,0.0835895019524441,"Lethrinidae",38.069614298241,4.19914239745135,9.36145401317351,0.984810285109798,1.51445368619752,0.313006564055533,4
"494","Lethrinus_miniatus",36.9057689199111,0.297836876579364,10.2962349403955,0.086821902497048,4.000319477993,0.0835895019524441,"Lethrinidae",37.8262722131506,4.09581226561602,9.24750211290009,0.95968112796299,1.50580215224978,0.305172777604637,4
"495","Lethrinus_erythracanthus",36.9057689199111,0.297836876579364,10.2962349403955,0.086821902497048,4.000319477993,0.0835895019524441,"Lethrinidae",36.5715552488117,3.70038377080802,8.68664139551591,0.858327676482561,1.44869472663655,0.273390866659191,4
"496","Lethrinus_erythropterus",36.9057689199111,0.297836876579364,10.2962349403955,0.086821902497048,4.000319477993,0.0835895019524441,"Lethrinidae",33.9039037553861,3.2118921447883,7.52678411423712,0.698168693744738,1.30793150513468,0.220959247308971,4
"497","Lethrinus_xanthochilus",36.9057689199111,0.297836876579364,10.2962349403955,0.086821902497048,4.000319477993,0.0835895019524441,"Lethrinidae",35.8801195098667,3.57234891153955,8.39551773205216,0.82003777912804,1.41155681346679,0.261205080950654,4
"498","Lethrinus_atlanticus",36.9057689199111,0.297836876579364,10.2962349403955,0.086821902497048,4.000319477993,0.0835895019524441,"Lethrinidae",32.7410149285354,3.20393707607897,7.04955400071782,0.662663797276066,1.24154061695373,0.207646198931243,4
"499","Lethrinus_borbonicus",36.9057689199111,0.297836876579364,10.2962349403955,0.086821902497048,4.000319477993,0.0835895019524441,"Lethrinidae",29.0327782277504,3.59303908361986,5.51113890016283,0.614288523212903,1.02746974301372,0.178962803085188,5
"500","Lethrinus_atkinsoni",36.9057689199111,0.297836876579364,10.2962349403955,0.086821902497048,4.000319477993,0.0835895019524441,"Lethrinidae",31.6953636026259,3.26078860733783,6.62178623684727,0.640383406762547,1.18093860277045,0.19788161163322,4
"501","Lethrinus_ornatus",36.9057689199111,0.297836876579364,10.2962349403955,0.086821902497048,4.000319477993,0.0835895019524441,"Lethrinidae",28.9118750714865,3.66653779800965,5.48323806354195,0.627376011393204,1.0167492218364,0.182764201377235,5
"502","Lethrinus_nebulosus",36.9057689199111,0.297836876579365,10.2962349403955,0.086821902497048,4.000319477993,0.0835895019524441,"Lethrinidae",35.9290518033634,3.62215389879518,8.42849646526356,0.833007193872999,1.40930183892359,0.265340152535338,4
"503","Lethrinus_harak",36.9057689199111,0.297836876579364,10.2962349403955,0.086821902497048,4.000319477993,0.0835895019524441,"Lethrinidae",31.4532152149167,2.78961824861925,6.37299361448131,0.532952657936753,1.18129495067957,0.163269211450354,7
"504","Lethrinus_lentjan",36.9057689199111,0.297836876579364,10.2962349403955,0.086821902497048,4.000319477993,0.0835895019524441,"Lethrinidae",30.5637410984281,3.34991264416802,6.15108716857566,0.619934864546223,1.11613111187525,0.187616019733124,5
"505","Lethrinus_laticaudis",36.9057689199111,0.297836876579365,10.2962349403955,0.0868219024970479,4.000319477993,0.0835895019524441,"Lethrinidae",31.1021929573263,3.3195977746949,6.38415912210773,0.633935086380243,1.14477677707215,0.194078942708588,4
"506","Lethrinus_obsoletus",36.9057689199111,0.297836876579365,10.2962349403955,0.0868219024970479,4.000319477993,0.0835895019524441,"Lethrinidae",30.0913480629942,3.46717976017543,5.97910332548958,0.634496866329557,1.07234671560017,0.190837401236295,5
"507","Amphichaetodon_howensis",36.6793882349761,0.369935627895359,9.2217398233572,0.11209243339473,4.71999744327206,0.100689007729332,"Chaetodontidae",28.9168755312005,3.37795409895275,4.65866850352544,0.522960750348378,0.803474612826564,0.138430077252313,5
"508","Coradion_altivelis",36.650939352622,0.40954212283845,9.09504600510621,0.12390804120885,4.80814337448409,0.111773835495271,"Chaetodontidae",28.9168755312005,3.37795409895275,4.65866850352544,0.522960750348378,0.803474612826564,0.138430077252313,5
"509","Coradion_chrysozonus",36.6555941889156,0.415921423145824,9.08389442366084,0.125929056743068,4.81351851948662,0.113610640109491,"Chaetodontidae",28.268883247879,3.63261542065393,4.3683335091652,0.559898890227251,0.745623321566996,0.146468583467798,5
"510","Chelmonops_truncatus",36.6555941889156,0.415921423145824,9.08389442366084,0.125929056743068,4.81351851948662,0.113610640109491,"Chaetodontidae",29.9381907729958,3.02963141225732,5.1155989655591,0.478214527456984,0.886894973196748,0.130197023441422,5
"511","Chelmon_marginalis",36.6555941889156,0.415921423145824,9.08389442366084,0.125929056743068,4.81351851948662,0.113610640109491,"Chaetodontidae",28.9168755312005,3.37795409895275,4.65866850352544,0.522960750348378,0.803474612826564,0.138430077252313,5
"512","Chelmon_rostratus",36.6603899793873,0.418472475862782,9.08269721903202,0.126759834292781,4.81534268888709,0.114333643937915,"Chaetodontidae",29.4137363035354,3.20097333580724,4.8803620405146,0.499156927754113,0.844746879266483,0.133743104876389,5
"513","Forcipiger_flavissimus",36.1055667986768,0.59940558885834,8.89539818795619,0.178978155103764,5.0498913197824,0.15831950014823,"Chaetodontidae",28.1501605640023,3.48259635458883,4.59275300293778,0.535947978883817,0.838131276597109,0.142821594257649,5
"514","Forcipiger_longirostris",35.8133588817101,0.753842106906855,8.79644431220532,0.22380878319888,5.17707967878536,0.195893828404533,"Chaetodontidae",31.3880820611351,2.2558901010459,5.69301366871701,0.374180321246496,1.03704191622333,0.106402537172848,7
"515","Hemitaurichthys_thompsoni",36.0546581193027,0.647752165126962,8.80386159756408,0.19584203195276,5.12954277500826,0.175027430199664,"Chaetodontidae",37.0462025624223,1.9111616382462,6.89346071828408,0.468738037673636,0.914119501844194,0.139287717292842,8
"516","Hemitaurichthys_zoster",36.2397703613051,0.667922760712204,8.81387174790563,0.205512409364884,5.09453768138761,0.184011702912542,"Chaetodontidae",37.1052818507133,1.90475006762786,6.9088731669374,0.468805249763038,0.915018800101864,0.139417077433573,8
"517","Hemitaurichthys_polylepis",36.2539729524176,0.673687953167914,8.81693373634257,0.207553616799055,5.09046054970255,0.185754992512572,"Chaetodontidae",37.0982388976921,1.90946043977201,6.90901021824959,0.469485577608339,0.915480402021316,0.139586672597169,8
"518","Heniochus_chrysostomus",36.240768472121,0.824828358616885,8.73197333167805,0.256417004476699,5.16818301651412,0.22834743461532,"Chaetodontidae",36.0839451280934,1.55390168443589,6.21561024118795,0.355230286614991,0.903566045561628,0.10377620390399,3
"519","Parachaetodon_ocellatus",36.1975759439491,1.0459353402965,8.62892401170043,0.32703681010205,5.26853373759473,0.289539066905936,"Chaetodontidae",32.5563994489377,2.23519627395845,5.57390191069593,0.378314324546995,0.876304769326588,0.104455903361172,3
"520","Johnrandallia_nigrirostris",36.2122352865771,1.01558857653329,8.64472047950811,0.317390942090053,5.25031582041316,0.28114124674532,"Chaetodontidae",33.4104005828691,1.96709892528453,5.85566665848939,0.347110971778086,0.916918485101433,0.0981537122721048,3
"521","Heniochus_varius",36.2410830260167,0.850210084873645,8.72280596002128,0.264589592827704,5.17832428312767,0.235399182848707,"Chaetodontidae",32.9619033987947,2.11307266565918,5.73907824754508,0.364179140959736,0.901255328129692,0.101787206002096,3
"522","Heniochus_pleurotaenia",36.2510293445378,0.788616339625139,8.75322259531359,0.244808523884196,5.15041506122095,0.218223063606804,"Chaetodontidae",32.7761586168105,2.19900114066129,5.62420971142522,0.377250972363569,0.872100964265085,0.104473725072686,5
"523","Heniochus_singularius",36.2504388100269,0.783106525252558,8.75680930767651,0.243034810439656,5.1470316317859,0.216681147919285,"Chaetodontidae",34.277954514011,1.82039068083808,6.51438539512447,0.349489265230058,1.06232479140406,0.10659423288172,3
"524","Heniochus_monoceros",36.2509788024461,0.788116494205538,8.75368427781,0.244647645666396,5.15018810489653,0.218083223921396,"Chaetodontidae",33.528026633253,1.92762217280004,6.07586859706525,0.343206542857164,0.976355273041184,0.099472416188284,3
"525","Heniochus_intermedius",36.250889233531,0.796309051486585,8.74896215946501,0.247283693902182,5.15365412686575,0.220374204634774,"Chaetodontidae",32.8901290249559,2.15573682197968,5.66068298988826,0.371137750688369,0.878575986049133,0.103088635927636,3
"526","Heniochus_diphreutes",36.2513673942156,0.791944266361335,8.75042648208801,0.245879479099847,5.15186460473049,0.219153896485232,"Chaetodontidae",33.1724944111559,2.03225876145923,5.8665018320506,0.353425750156564,0.931157815832461,0.100018708464918,3
"527","Heniochus_acuminatus",36.2506226082847,0.784600074953452,8.7560352984988,0.243515688173274,5.14766226438994,0.217099216401381,"Chaetodontidae",33.6525622161005,1.89923304659061,6.14851146648973,0.341698547808276,0.991251711842483,0.0999100183018141,3
"528","Prognathodes_marcellae",37.0495831220408,0.33512690447775,9.09911903194911,0.0973612847977007,4.73419949841288,0.0910235465768943,"Chaetodontidae",26.6330689180131,4.2206424188742,3.69516787872831,0.648785614965277,0.633795626397535,0.166790409782458,5
"529","Prognathodes_aculeatus",37.13898218756,0.309036746783137,9.14283335700586,0.0884752371917204,4.6837374015487,0.0840837329615875,"Chaetodontidae",25.1436072409511,4.70131481293367,3.313132582523,0.71575377262017,0.591469384163286,0.183604169119545,5
"530","Chaetodon_robustus",37.2957081670492,0.319889407996411,9.1404649685226,0.0907060768414208,4.65769393239686,0.0872985558476746,"Chaetodontidae",36.1165847716673,1.80292381779753,6.04648939731944,0.417875047989884,0.862534527076466,0.120161172817389,3
"531","Chaetodon_andamanensis",37.1205803830497,0.333218465786796,9.13121291532212,0.0942500154257932,4.64811761528302,0.0895698777630709,"Chaetodontidae",36.6691972703117,1.77529542823321,6.18614309534936,0.422420725838139,0.874817964366961,0.122176211988638,3
"532","Chaetodon_interruptus",37.0487037687691,0.343224930671532,9.13052753263732,0.097121997051823,4.64465022837126,0.091726112878116,"Chaetodontidae",36.5080498238419,1.63314537418629,6.24856507431783,0.382598956529303,0.886325552702108,0.111387663738548,3
"533","Chaetodon_unimaculatus",37.0386109833134,0.344519668783732,9.13000940856292,0.0974979074968975,4.64430995655189,0.0920151608655786,"Chaetodontidae",36.5569881049731,1.6316176886843,6.25758931814948,0.383634184906725,0.886929036214794,0.111741728397072,3
"534","Chaetodon_kleinii",37.037008267202,0.344925142021975,9.12958885316535,0.097615661649811,4.64454920337969,0.0921065758550153,"Chaetodontidae",35.3861524640089,1.8311102024307,6.19370379996918,0.387437061713409,0.840799394229684,0.112662588512013,8
"535","Chaetodon_trichrous",36.9282751224848,0.383390792513088,9.12967040062115,0.109179531072626,4.64606678427235,0.100972376094295,"Chaetodontidae",35.4037373687583,1.87396732114721,6.16559003883486,0.398353366002933,0.827182665530166,0.115891703252242,8
"536","Chaetodon_xanthurus",36.6805296287759,0.398519352125513,9.1235113929516,0.113628457107164,4.63671055078868,0.104882730797924,"Chaetodontidae",34.7919008393906,1.91846632085376,5.73195602404986,0.404891421629697,0.829627848089249,0.114253786446279,3
"537","Chaetodon_mertensii",36.6166807370085,0.386001575031655,9.11944340655866,0.109856195540487,4.63049641863269,0.101980165764862,"Chaetodontidae",34.5994006489086,1.95383385190266,5.67489294950582,0.40659621794759,0.821379253389827,0.114252958726059,3
"538","Chaetodon_madagaskariensis",36.6801490974539,0.391946256109298,9.12223159898907,0.111648344860096,4.63507760533761,0.103293516015602,"Chaetodontidae",34.6682472746322,1.94118457970243,5.69482019927914,0.406038225161472,0.82422340190276,0.114265024106024,3
"539","Chaetodon_paucifasciatus",36.6996425716682,0.394386827973921,9.12386537251874,0.112386331284854,4.63642458497928,0.10384749881905,"Chaetodontidae",34.7919008393906,1.91846632085376,5.73195602404986,0.404891421629697,0.829627848089249,0.114253786446279,3
"540","Chaetodon_argentatus",36.6999625797317,0.44819992637899,9.1293048605054,0.128545255971598,4.64121242590631,0.11694231861199,"Chaetodontidae",35.2593416519083,1.82352071806806,5.90722664200939,0.395895767212623,0.858145053641629,0.113196275671111,3
"541","Chaetodon_quadrimaculatus",36.3288145048987,0.513974212446789,9.12116237634041,0.148249782584799,4.62972588010264,0.134352110533708,"Chaetodontidae",36.9303919227447,1.74409657952696,6.26582704928836,0.419211590196809,0.883062475641858,0.121670146154813,3
"542","Chaetodon_citrinellus",36.1299745375999,0.514552425853213,9.11381480507117,0.148585608867362,4.61976524264765,0.135336168962716,"Chaetodontidae",36.8175328700627,1.74298495715308,6.2292859913678,0.417386726319396,0.876465931319056,0.120959116194704,3
"543","Chaetodon_multicinctus",36.1855562150031,0.471578779770377,9.11345088467471,0.135754374039289,4.6181271042296,0.124405795814435,"Chaetodontidae",36.5684605311153,1.72993095067444,6.17134781564343,0.40957379700366,0.868839051925203,0.118437118796939,3
"544","Chaetodon_pelewensis",36.5210885317842,0.468010179556536,9.12520204471578,0.13447494533434,4.63353293381192,0.122306155526651,"Chaetodontidae",36.6075011231024,1.74072001501581,6.17888381406668,0.412913945076851,0.871077656175026,0.119414337543138,3
"545","Chaetodon_guttatissimus",36.458009574811,0.431220254781965,9.11853145345394,0.123493189299089,4.62676049545333,0.1134383331904,"Chaetodontidae",36.5175587751493,1.73484460661875,6.15805142165645,0.409819214945785,0.868022922935225,0.118454447389116,3
"546","Chaetodon_punctatofasciatus",36.5585275914296,0.429431613348811,9.12134141994705,0.122922831353286,4.63149340154094,0.112703625591467,"Chaetodontidae",36.5759974013718,1.74031814155635,6.16987918839568,0.412219124740913,0.869492554372937,0.119164517568087,3
"547","Chaetodon_guentheri",36.5656321280914,0.431346354915055,9.12174721498231,0.123495571384565,4.63207059336782,0.113154745937421,"Chaetodontidae",32.0749346559078,2.50476808764694,5.28067865867401,0.421730597553289,0.788636511878536,0.114184132704978,3
"548","Chaetodon_miliaris",36.5542323304634,0.426606544399143,9.12178435360531,0.122076445845926,4.63149290396082,0.112021039238375,"Chaetodontidae",32.6603102792492,2.46953252709491,5.41230727461065,0.434190055956821,0.768598348984425,0.11941689091158,8
"549","Chaetodon_sedentarius",36.5638951139266,0.412367394785027,9.11753559733444,0.117819048632487,4.65812931310319,0.108372148212507,"Chaetodontidae",30.5597180085159,2.99149775512266,4.82560633734184,0.48301650880668,0.733511861371203,0.127915361425939,5
"550","Chaetodon_lunulatus",36.7314774610283,0.380346309282554,9.09267091278716,0.108724647741772,4.74682119276224,0.101141933741116,"Chaetodontidae",37.3597917130733,1.80507992184503,6.3442713280683,0.43944928078563,0.889968477025227,0.127647131788827,3
"551","Chaetodon_trifasciatus",36.815754715009,0.44321955485325,9.09087348920434,0.129479340035148,4.90733671239921,0.12080441319798,"Chaetodontidae",37.1731965601294,1.77548683752643,6.31047563096309,0.430341821950711,0.887526089662281,0.124993642301846,3
"552","Chaetodon_austriacus",36.552971861607,0.540797448412214,9.1320538987529,0.159400764344482,4.94101735948372,0.146853121712273,"Chaetodontidae",37.16981208918,1.78419082145778,6.30070258647988,0.432491758900854,0.884818108593498,0.125518296333493,3
"553","Chaetodon_assarius",36.5312826760785,0.555150280666974,9.14333217560761,0.163439354388122,4.9918363848983,0.149923956677912,"Chaetodontidae",36.4939467228792,1.78428029129931,6.13266426935666,0.421553401647887,0.867406596224648,0.121619879158047,3
"554","Chaetodon_ornatissimus",36.5554883304332,0.543040800107796,9.14341080023745,0.159330518940416,5.02189263997805,0.145837640759185,"Chaetodontidae",37.247080972723,1.76539856630246,6.34998282041764,0.428212987093406,0.895489211311923,0.124680214678806,3
"555","Chaetodon_reticulatus",36.4181048504451,0.547975719291292,9.17974912602784,0.160729116880766,5.04341131743957,0.14517038940516,"Chaetodontidae",37.4548122929989,1.80378090554142,6.3799650838062,0.439643797194659,0.895962994648267,0.127905811795763,3
"556","Chaetodon_meyeri",36.4470028871997,0.521672331128456,9.19551585809603,0.152992725283919,5.01220851012266,0.137601824179604,"Chaetodontidae",37.5058763564932,1.80215002160111,6.40074333120704,0.439438217927939,0.899523956714762,0.127965541088457,3
"557","Chaetodon_baronessa",36.8252021508739,0.435006090425427,9.16264048111151,0.126469435959688,4.90826495530154,0.116226984422397,"Chaetodontidae",37.8331155001576,1.85167170914427,6.45700307675875,0.453759506213252,0.901332716340059,0.132073159361194,3
"558","Chaetodon_triangulum",37.0111259075838,0.381881373749929,9.163895743796,0.110236950067553,4.81455320556626,0.102734224274256,"Chaetodontidae",35.8288868154558,1.76034583442059,6.007703739486,0.398559676416864,0.856203614985829,0.114409912280024,3
"559","Chaetodon_humeralis",37.2235120759496,0.355775429784532,9.14282325340728,0.102142938650386,4.75508929585548,0.0970080829901381,"Chaetodontidae",36.5430389172068,1.7265343698085,6.23404112140247,0.406279864250602,0.892849081668059,0.118251521898692,3
"560","Chaetodon_trifascialis",37.2706664350646,0.349280605138024,9.1422559724822,0.100097449259233,4.73165293537328,0.095527298701332,"Chaetodontidae",37.441929242453,1.78898163269639,6.38269194151761,0.436061347155101,0.896225231269635,0.126932545251892,3
"561","Chaetodon_tricinctus",37.2909903912272,0.347950532370311,9.13904523698438,0.0997566540597891,4.72220941165411,0.0954475879158351,"Chaetodontidae",37.9104507563181,1.85996968376215,6.47320330665908,0.456139264114152,0.902363213063274,0.132776216377128,3
"562","Chaetodon_rainfordi",37.2909903912272,0.347950532370311,9.13904523698438,0.0997566540597891,4.72220941165411,0.0954475879158351,"Chaetodontidae",37.9191677582934,1.86078767857211,6.47528590331285,0.456367777911182,0.902555110650206,0.132846326895132,3
"563","Chaetodon_octofasciatus",37.2909903912272,0.347950532370311,9.13904523698438,0.0997566540597891,4.72220941165411,0.0954475879158351,"Chaetodontidae",37.8031927097956,1.85119796370652,6.44257827998196,0.45375899334446,0.898227223198923,0.131987069518791,3
"564","Chaetodon_aureofasciatus",37.2909903912272,0.347950532370311,9.13904523698438,0.0997566540597891,4.72220941165411,0.0954475879158351,"Chaetodontidae",37.8276855624964,1.85339077480626,6.44918431549303,0.454370301426121,0.899071817407569,0.13218356829777,3
"565","Chaetodon_zanzibarensis",37.2909903912272,0.347950532370311,9.13904523698438,0.0997566540597891,4.72220941165411,0.0954475879158351,"Chaetodontidae",37.7842921222965,1.84063984942554,6.44068909368305,0.451211125489863,0.897640167126097,0.131267898498169,3
"566","Chaetodon_speculum",37.3479355358202,0.347103888069769,9.13766911886977,0.0996099814407597,4.70703872070631,0.0953680895425871,"Chaetodontidae",37.7133656466639,1.82087536094909,6.43938876643715,0.445729985367222,0.900177026466211,0.129810521148299,3
"567","Chaetodon_bennetti",37.557026952837,0.344051541291702,9.14027895346393,0.0988743545083305,4.63818335188688,0.0953054381558202,"Chaetodontidae",37.7351011508255,1.81894865963041,6.45033823784109,0.445226415506428,0.902677389111357,0.129752193126896,3
"568","Chaetodon_plebeius",38.1917872588121,0.367330777951846,9.11190496613436,0.107309141093323,4.48758547685927,0.102366399358741,"Chaetodontidae",37.6410804486855,1.81289646671507,6.41759645239679,0.443616799579397,0.897249824838972,0.129113454299715,3
"569","Chaetodon_capistratus",38.9401050551853,0.429736439961789,9.09994312162453,0.126944306994484,4.28621910166713,0.120110252123345,"Chaetodontidae",36.9790805881379,1.77747734136785,6.25876091883866,0.428484604931467,0.882630183561465,0.124288808160867,3
"570","Chaetodon_striatus",39.8202443158126,0.535231076882105,9.07254763197947,0.159065506210449,4.07020983150194,0.148113593962871,"Chaetodontidae",37.3601561366242,1.81570285149736,6.34492259121706,0.441778647028037,0.891206666850113,0.128337362360038,3
"571","Chaetodon_ocellatus",40.2007964883412,0.587613342511198,9.05413539911258,0.17489102830833,3.9905911491028,0.16121238183747,"Chaetodontidae",37.5438162821368,1.81984196967224,6.40296267444199,0.443925062583362,0.899128963686617,0.129223930095042,3
"572","Chaetodon_semeion",39.5458759523267,0.509379007030855,9.07044915413849,0.150209972231303,4.17591467601149,0.139550577962266,"Chaetodontidae",37.4942251267357,1.79696477977109,6.42113581860281,0.437179726033402,0.905403948587317,0.12756337899555,3
"573","Chaetodon_xanthocephalus",38.5802543341716,0.436611890208668,9.11437876019614,0.125743624037703,4.41801073998281,0.121107102155098,"Chaetodontidae",37.2454814255848,1.80006980491406,6.3309337386328,0.436482767792236,0.89218256001656,0.126859409689314,3
"574","Chaetodon_ephippium",38.0461243994792,0.427126979405505,9.14409278600542,0.121473770119988,4.5421623071078,0.11939898901491,"Chaetodontidae",37.198664464039,1.73757157102558,6.39706058846746,0.419033489913651,0.909080350101907,0.122642808391495,3
"575","Chaetodon_melannotus",38.0355721768047,0.436451773473212,9.14721876099798,0.124106961711082,4.54990310490258,0.122038739110671,"Chaetodontidae",36.8345153965669,1.77190492807802,6.23264602591663,0.424834191834476,0.882501602923049,0.123187969861232,3
"576","Chaetodon_ocellicaudus",38.0061912410405,0.456043469165509,9.15277000757114,0.129715691813144,4.56391011706989,0.127565234767933,"Chaetodontidae",36.8130822501415,1.78944117014713,6.21179797334186,0.428775926548806,0.877751550056131,0.124116118011442,3
"577","Chaetodon_litus",37.9539940049665,0.498610625183189,9.17090114711521,0.14245336230508,4.58981128336276,0.139951681056192,"Chaetodontidae",35.8093216943599,1.80922398868907,5.97609483561812,0.411332541349867,0.854316654853341,0.117874886996567,3
"578","Chaetodon_rafflesii",37.847474445419,0.582036022870656,9.19543425297796,0.167379499401067,4.6359740663523,0.163423136886095,"Chaetodontidae",35.6554162062328,1.85428228075494,5.93000462662054,0.41901919502131,0.853153182910463,0.119869460046032,3
"579","Chaetodon_semilarvatus",37.732150987112,0.690638987559512,9.22489455203891,0.200520217094344,4.69375452259654,0.194270844073465,"Chaetodontidae",35.9138770768803,1.8074096307548,6.03291499453393,0.413246462507935,0.869032672794383,0.119018112781178,3
"580","Chaetodon_lineolatus",37.6743401360645,0.742831035383792,9.24273442029483,0.216765317029492,4.71945899427693,0.209352693067217,"Chaetodontidae",36.2479649037988,1.7317679678312,6.19122462353863,0.401114508287463,0.894563367160603,0.116890135618674,3
"581","Chaetodon_oxycephalus",37.7081749527773,0.756352984055448,9.21308322790374,0.217546754413566,4.72160945222943,0.208994256644364,"Chaetodontidae",36.0583558150543,1.78520827763674,6.0873220451465,0.410873563446124,0.876920096428708,0.118750224097424,3
"582","Chaetodon_ulietensis",37.735391487366,0.776585592449419,9.19378296141091,0.221207335560582,4.72924161448935,0.211034021006928,"Chaetodontidae",35.2352290674844,1.89791570650088,5.81246649789446,0.41775807702334,0.838281769131512,0.118673503882121,3
"583","Chaetodon_falcula",37.7294949400801,0.869706898992098,9.14980471549415,0.243771914200509,4.74860773316907,0.227368351938487,"Chaetodontidae",35.746833374392,1.83109721218591,5.96882279838924,0.415457567098613,0.85912961119778,0.119155249736155,3
"584","Chaetodon_vagabundus",37.7385795279675,0.887792141201492,9.14365989427059,0.248361910770078,4.75450056691911,0.230732331224246,"Chaetodontidae",35.2640300963468,1.84999677949948,5.88679075432831,0.405039162304844,0.856368535323214,0.115798548669201,3
"585","Chaetodon_decussatus",37.7333085788626,0.851248071723158,9.15669923163266,0.239045093204736,4.7459923432303,0.223802138700302,"Chaetodontidae",33.5204115737396,2.16621015447311,5.42920886729703,0.420187683549886,0.809416004035118,0.116419350458633,3
"586","Chaetodon_auriga",37.6646540487882,0.755220743479856,9.24219499904854,0.220207314118726,4.72637037209426,0.212459696601084,"Chaetodontidae",29.8794332061022,3.10690803378555,4.61241321623766,0.501253460301104,0.744123176254572,0.132316923974558,3
"587","Chaetodon_collare",37.6086039147186,0.753045194679522,9.29690124078124,0.226009174500611,4.70635846715463,0.217169924033382,"Chaetodontidae",34.3122306148305,2.02675163065371,5.60110643822337,0.41741756049522,0.822155585142279,0.117041704289314,3
"588","Chaetodon_auripes",37.6617015330788,0.727890987871836,9.26121528639636,0.214425403913583,4.71227714970549,0.207410695591635,"Chaetodontidae",35.1848670646133,1.86940672134373,5.83984760119366,0.408769189744186,0.84785627575296,0.116465295972165,3
"589","Chaetodon_wiebeli",37.6903100220398,0.730366440134457,9.23794936398321,0.212884957968642,4.71303007154815,0.205755636102715,"Chaetodontidae",34.5205170740339,1.98433332596419,5.662819017441,0.414300004038351,0.829713543365632,0.116668261975246,3
"590","Chaetodon_adiergastos",37.7412559397223,0.743719877575886,9.19517740112767,0.212259490180852,4.71375345025374,0.203335180064297,"Chaetodontidae",33.0592026570176,2.26568262876649,5.31872950109199,0.42602819118615,0.799781294634022,0.117100484776384,3
"591","Chaetodon_lunula",37.7591578116764,0.768179345631273,9.19048048827974,0.218326673714335,4.72372419130126,0.2081305246146,"Chaetodontidae",29.1745501781567,3.34112042748771,4.3913519151247,0.531696402270002,0.71586070576778,0.138967641359928,5
"592","Chaetodon_flavirostris",37.7434327610703,0.81718316274336,9.17088991132889,0.230357565382453,4.73566240749143,0.217173093394307,"Chaetodontidae",31.2384000646435,2.7314618336326,4.8809098092307,0.464926973897158,0.759874118249427,0.124170480087829,3
"593","Chaetodon_smithi",37.7460901888247,0.791815927984196,9.18100981369312,0.224102792226196,4.72786249560821,0.212508391894608,"Chaetodontidae",35.313733991241,1.81215651177195,5.90326873336993,0.395275116053216,0.85274723756215,0.112871146065854,3
"594","Chaetodon_fasciatus",37.7486569740698,0.789970013004448,9.18064742646543,0.22354673741803,4.72698669960695,0.211990602924654,"Chaetodontidae",31.4961188746417,2.6476880339956,4.97776315594339,0.453927302029067,0.774545815679254,0.121966987407863,3
"595","Chaetodontoplus_meredithi",36.2580197944806,0.405249579712013,9.69295061979621,0.117599117317333,4.19398835070318,0.106279460423231,"Pomacanthidae",30.0305552354001,2.77765648275778,5.45536505669439,0.507149978077165,0.8785967987362,0.118003161327374,1
"596","Chaetodontoplus_conspicillatus",36.0696948474658,0.43813635187057,9.75256847452303,0.129808698535374,4.12859843841316,0.117080006247685,"Pomacanthidae",27.1740283142256,4.14746913496895,4.20236837108111,0.737698756677125,0.556968768425504,0.149368960396117,1
"597","Chaetodontoplus_mesoleucus",36.0504223350589,0.44138866849014,9.76096467397812,0.131166638164024,4.12084815080591,0.118335331364966,"Pomacanthidae",28.4554251770301,3.37382248973549,4.75782736630141,0.598750059774817,0.720101936693512,0.126899192315614,1
"598","Chaetodontoplus_duboulayi",36.0504223350589,0.44138866849014,9.76096467397812,0.131166638164024,4.12084815080591,0.118335331364966,"Pomacanthidae",30.7153255137216,2.60278060271355,5.76370059858232,0.488074938011819,0.940856835724712,0.119961404351158,1
"599","Chaetodontoplus_personifer",36.0504223350589,0.44138866849014,9.76096467397812,0.131166638164024,4.12084815080591,0.118335331364966,"Pomacanthidae",32.1767588513025,2.40944492758648,6.43130505229765,0.489575559736925,1.06488825156389,0.135152327801835,7
"600","Pomacanthus_navarchus",35.8843387133914,0.492234854663306,9.72669012957277,0.146430308264691,4.12489882586344,0.132314830150519,"Pomacanthidae",27.7800575171977,6.40203663291196,4.4609515681617,1.18611449101496,0.439523099455404,0.222774150193008,1
"601","Pomacanthus_xanthometopon",35.8635969080033,0.499322016130943,9.72188879670969,0.148557242968272,4.12526520682771,0.134263170395182,"Pomacanthidae",28.1353220423366,6.13023667627033,4.61551400734418,1.13662790941086,0.480251023489036,0.213728102481857,1
"602","Pomacanthus_sexstriatus",35.8617629619068,0.499913326432036,9.72143186456204,0.148734695856313,4.12537735311924,0.134425725907547,"Pomacanthidae",28.5930687236519,5.79957894936313,4.81802391586297,1.07690908705923,0.530856910962101,0.203194141295363,1
"603","Pomacanthus_zonipectus",35.8617629619068,0.499913326432036,9.72143186456204,0.148734695856313,4.12537735311924,0.134425725907547,"Pomacanthidae",27.8061320692057,6.47199043144232,4.47416317085656,1.19938581485292,0.435659505252252,0.2251332011202,1
"604","Pomacanthus_paru",35.8617629619068,0.499913326432036,9.72143186456204,0.148734695856313,4.12537735311924,0.134425725907547,"Pomacanthidae",27.784607762121,6.41894250100553,4.45164573694556,1.18925808482802,0.433859979488736,0.22328471207757,1
"605","Pomacanthus_arcuatus",35.8617629619068,0.499913326432036,9.72143186456204,0.148734695856313,4.12537735311924,0.134425725907547,"Pomacanthidae",28.0546575271225,6.2389360933336,4.57466311856958,1.15662757961791,0.462369721959079,0.21725921004058,1
"606","Pomacanthus_imperator",35.8617629619068,0.499913326432036,9.72143186456204,0.148734695856313,4.12537735311924,0.134425725907547,"Pomacanthidae",27.8913234338301,6.38871202159646,4.51304155840566,1.18411125739395,0.447925395591387,0.222350173922562,1
"607","Pomacanthus_rhomboides",35.8617629619068,0.499913326432036,9.72143186456204,0.148734695856313,4.12537735311924,0.134425725907547,"Pomacanthidae",27.9156270195223,6.35551832813781,4.51782440211161,1.17792765243495,0.44928170475108,0.221186524644946,1
"608","Pomacanthus_semicirculatus",35.8617629619068,0.499913326432036,9.72143186456204,0.148734695856313,4.12537735311924,0.134425725907547,"Pomacanthidae",27.9393613153467,6.26062741483139,4.50452849574209,1.1598992972442,0.449933348831481,0.217889757025284,1
"609","Centropyge_vrolikii",33.5168099399257,0.709006901907252,9.12283091084639,0.212215071413045,4.62733205145786,0.191677862217505,"Pomacanthidae",27.7717383923793,5.85227455899698,4.40409320328095,1.08147532514229,0.45811320273597,0.204094715805305,1
"610","Centropyge_flavissima",32.8340943302199,0.812283376453042,8.94306640237421,0.242672747823819,4.78492093002884,0.219001919738306,"Pomacanthidae",27.8434047326085,5.80235346592199,4.4332349772415,1.07252491477856,0.466912688714895,0.202407690429001,1
"611","Centropyge_eibli",32.747665151599,0.826914038310422,8.9187376211454,0.24697003126306,4.80477670983877,0.222854272032982,"Pomacanthidae",27.885811438758,5.76777968972834,4.45013171109656,1.0662481305006,0.472152870394847,0.201242716176321,1
"612","Centropyge_tibicen",33.8406185528124,0.676332903605519,9.20459999633247,0.202730121550208,4.5487437398267,0.183298562280904,"Pomacanthidae",28.1139285276597,5.5631643278458,4.53911461508533,1.02881803518781,0.499830598886289,0.19439274066987,1
"613","Centropyge_nox",33.9690039556758,0.661789980743131,9.2411717504404,0.198415978433442,4.51876859668046,0.179446429435232,"Pomacanthidae",27.7174471238652,5.87823283015308,4.38050631554618,1.08592367380604,0.45127594267428,0.204977232597911,1
"614","Centropyge_bicolor",33.8239111338665,0.677975129562876,9.20084986388437,0.203216374404946,4.55196681882651,0.18373281522323,"Pomacanthidae",27.8857752092111,5.7724686867252,4.45022875215798,1.06713381516061,0.471892398803481,0.201402168161465,1
"615","Centropyge_hotumatua",33.7825911907829,0.682581981501714,9.19095374784352,0.204579582767983,4.56016473452879,0.184950318436467,"Pomacanthidae",27.7517447040319,5.33689070522498,4.29039206511095,0.985616879627002,0.451363907329918,0.186110030084502,1
"616","Centropyge_heraldi",35.1462139469998,0.639461538712893,9.43140386950076,0.192335036972273,4.28349305753912,0.173975872061091,"Pomacanthidae",27.7726410759419,5.85600059092888,4.40444586002796,1.08218555806118,0.45794880791567,0.204221286800167,1
"617","Holacanthus_tricolor",36.2468358307886,0.730333117150971,9.62754926107797,0.217401219468536,4.05925973359847,0.196572304636948,"Pomacanthidae",35.4383647127109,1.60431607878927,6.22223065710527,0.34654858082772,0.888196175550343,0.0993000568653081,3
"618","Holacanthus_africanus",37.3789822414653,0.969376041403857,9.71413307145437,0.287654538096374,3.89028159921827,0.258734746755341,"Pomacanthidae",31.0577406030861,3.73921868635179,5.59323700375649,0.701851810592955,0.746033870217493,0.141882688987396,1
"619","Holacanthus_ciliaris",37.8369195491142,1.12446891566743,9.70759462778999,0.33454550054174,3.84961035062034,0.299842430555059,"Pomacanthidae",28.7417759585072,5.55508159715495,4.75170021840177,1.02945456363667,0.518914738269289,0.194377678632428,1
"620","Holacanthus_bermudensis",37.9065064716672,1.14697427590565,9.70794482087341,0.341357712954526,3.843020677015,0.305814460876758,"Pomacanthidae",28.8202110764776,5.49790163416021,4.78316774787946,1.01903539540744,0.52709967666581,0.192557198356382,1
"621","Holacanthus_passer",37.7946259827235,1.10915695197069,9.70752739089663,0.329911507109305,3.8527619087127,0.295780082182938,"Pomacanthidae",28.5662243827567,5.6978007450475,4.68002303195492,1.05533547427909,0.502312623907733,0.199080126714396,1
"622","Holacanthus_clarionensis",36.9093578897108,0.840867105940017,9.73982049560629,0.248527420200322,3.91522477364906,0.224597673200186,"Pomacanthidae",28.0831804474908,6.07337541561643,4.48856638905156,1.12393381974192,0.451783428200638,0.211641370047154,1
"623","Pygoplites_diacanthus",36.1806209765617,0.703602075006692,9.77198927193365,0.207978799795613,3.962976724536,0.188612158553452,"Pomacanthidae",28.6612958899253,4.95662210901804,4.70594054449826,0.917574370857009,0.554614723939199,0.174136171262237,1
"624","Paracentropyge_multifasciata",35.8693765339218,0.6859683001387,9.79337190768649,0.203776276949291,3.9853499749031,0.184294261752621,"Pomacanthidae",27.8437712631405,5.73201243136052,4.39905491655295,1.05933859764619,0.459201747581479,0.199867470655,1
"625","Apolemichthys_trimaculatus",35.8486394159127,0.690582618655351,9.80083612499353,0.205279702430256,3.98144335218069,0.185543509512973,"Pomacanthidae",28.7382267371657,4.78178834482216,4.71910268336089,0.885434507743191,0.563870494371331,0.168294363532854,1
"626","Centropyge_multispinis",35.8529900586085,0.696122630918711,9.80819626373229,0.206990324690059,3.97509330873269,0.187015947795959,"Pomacanthidae",27.9048288893597,5.66780555636674,4.41981091630004,1.04768908208251,0.466621240787217,0.197672607187193,1
"627","Genicanthus_lamarck",35.867510886627,0.711042199478182,9.82949850805053,0.21161864070025,3.95856035041401,0.190991170252638,"Pomacanthidae",28.7049258671744,4.41719078621796,4.64253889514714,0.817657784535387,0.563832195010619,0.155845516868006,1
"628","Genicanthus_watanabei",35.86315124632,0.742951022536009,9.87466584771188,0.22159349406122,3.92041546161919,0.199529722385167,"Pomacanthidae",28.0014775801021,5.31667732546575,4.41332221803813,0.982445476875698,0.480360636481689,0.185614886999285,1
"629","Genicanthus_melanospilos",35.8687761038002,0.751832697304587,9.8840686896979,0.224383240622768,3.91220921575658,0.201913177209356,"Pomacanthidae",28.184071225458,5.06479321384162,4.46728316413616,0.936084046289789,0.502392233850263,0.177122532270422,1
"630","Genicanthus_caudovittatus",35.8726734182322,0.756903163939179,9.88871916071859,0.225977888981091,3.90765838426627,0.20327495202333,"Pomacanthidae",28.3194751275096,4.88330171603906,4.50988832601143,0.902755600981488,0.518732415925503,0.171058986889553,1
"631","Genicanthus_semicinctus",35.8743489387789,0.786392617915391,9.91999067731196,0.23527563717711,3.88088416409989,0.211208175556096,"Pomacanthidae",28.3919591760856,4.78857808326801,4.53326802651314,0.885392566934107,0.527352488024005,0.167917248946797,1
"632","Centropyge_acanthops",35.8711309402031,0.833446486134633,9.9765479518485,0.250168515875865,3.83795748222353,0.223902210695245,"Pomacanthidae",27.6515196288253,1.48097545578477,3.46568897048494,0.330731234318277,0.45427734425529,0.0940149107864159,2
"633","Centropyge_potteri",35.8889483130697,0.907021424168611,10.0481156319269,0.273529614527309,3.77941890835381,0.243807756263076,"Pomacanthidae",27.6904254925575,1.44550678079976,3.46269754673785,0.328147831083282,0.456761504142206,0.0947346063069994,2
"634","Centropyge_loriculus",35.8969899959901,0.96862972458978,10.1084179466724,0.293122118115956,3.7332552255797,0.260509229572525,"Pomacanthidae",27.9803267073374,3.88682160663363,4.14576775644165,0.720018183551925,0.479228786654815,0.138347081752705,1
"635","Centropyge_ferrugata",35.9182923157376,1.04683891128643,10.1840769518003,0.318006778399327,3.67920532309276,0.281738465250584,"Pomacanthidae",27.806772845337,5.55178193737265,4.31993999303187,1.02648948335054,0.444172780337185,0.193380287969422,1
"636","Centropyge_bispinosa",35.9403612699004,1.17120461122003,10.285759344642,0.357574005482425,3.59360653370834,0.315535039392591,"Pomacanthidae",27.833772737636,5.67090297062461,4.34605062462236,1.04857854282018,0.443764699873489,0.197496340108045,1
"637","Centropyge_joculator",35.9471176143866,1.18984320792206,10.2995916982724,0.363502173254145,3.58062890069752,0.32060285323223,"Pomacanthidae",27.7601214813911,5.23084575741622,4.27049776747383,0.965835957101123,0.450355060241563,0.182479537033208,1
"638","Paracaesio_sordida",37.2582783227632,0.277231445334508,10.1798287196148,0.0819061897191695,3.91937994874178,0.0732549837853254,"Lutjanidae",35.2073528008849,2.5248761681829,7.83625368068483,0.579522756836108,1.43418248886937,0.184009675191061,7
"639","Paracaesio_xanthura",37.4451502632107,0.218338485697371,10.1690044686371,0.062963601796867,3.9636439936724,0.0564462538615915,"Lutjanidae",35.4513621294467,2.59381174363929,7.94999609200229,0.59865837609493,1.44628640653781,0.190173296601979,7
"640","Aprion_virescens",37.4599141566407,0.216202167990704,10.1662683286935,0.0622481839614776,3.96929865569872,0.0557754883648105,"Lutjanidae",38.3219944555252,3.98605404392268,9.39489797564228,0.93627829395253,1.55547883038256,0.297292288202277,4
"641","Lutjanus_lemniscatus",37.4599141566407,0.216202167990704,10.1662683286935,0.0622481839614776,3.96929865569872,0.0557754883648105,"Lutjanidae",35.7922991350045,2.21448017054157,7.95498607943336,0.525925950894697,1.49787691993173,0.166040964037498,7
"642","Aphareus_furca",37.4774767567974,0.217499665926199,10.1728621559328,0.0625955395447445,3.96498881347916,0.0560925391155936,"Lutjanidae",37.0627521082952,3.22557264172398,8.72932023196688,0.757074793684652,1.51723027050248,0.240552302590291,4
"643","Lutjanus_alexandrei",37.5196187114718,0.22099795205465,10.1880160624812,0.0635425617534491,3.95420766620039,0.056961498065073,"Lutjanidae",31.2537122543026,2.08080281621913,5.94926721780993,0.380189646577919,1.23831934930456,0.113009507395018,7
"644","Symphorus_nematophorus",37.6144384918141,0.230097885139722,10.22191814605,0.0660512191370873,3.92985000324748,0.0592816187926966,"Lutjanidae",37.0218851554801,3.49370309332343,8.75399575158196,0.818772595240387,1.45814815185505,0.260265466219457,4
"645","Symphorichthys_spilurus",37.7251164917819,0.242731360984519,10.2592143344359,0.0695933587071833,3.90201901445504,0.062577987070581,"Lutjanidae",35.7514540457966,2.8863540509598,8.1351141493946,0.666402492567531,1.43341082030321,0.211966722928164,4
"646","Macolor_macularis",37.9525870403599,0.274589672186966,10.3374783746712,0.0786638999067589,3.84539960482993,0.0710509000550946,"Lutjanidae",35.6971810953726,2.13382269573491,7.89279356514475,0.507379082268412,1.50536405552562,0.160079628306138,7
"647","Macolor_niger",38.0920301855725,0.297311898277286,10.3866670620877,0.085192623865394,3.8122580125636,0.0771543049228164,"Lutjanidae",36.4623321761394,2.49483520174889,8.29187266787183,0.591850355754752,1.53251746577784,0.187167730110573,7
"648","Lutjanus_gibbus",38.1552520199004,0.308102471725387,10.4083413048554,0.0883029013648125,3.79670103959673,0.0800612617200412,"Lutjanidae",31.2514584459728,2.48656086344363,6.17182217969627,0.459468696046845,1.1896694076234,0.138942019397325,7
"649","Lutjanus_aratus",38.2074279325501,0.317861889003463,10.4278160309829,0.0911199989210305,3.78380014496758,0.082693552122696,"Lutjanidae",37.1339417921471,3.02130077705058,8.69255696078662,0.712995258997856,1.53389952642001,0.225921310239726,4
"650","Lutjanus_sebae",38.2096497503973,0.319785952374504,10.4350098715358,0.0916829058790922,3.78233226090211,0.0831698755669742,"Lutjanidae",36.1940152538971,2.34804128565153,8.14123873085362,0.559520457254882,1.50901220881145,0.176395179102778,7
"651","Lutjanus_erythropterus",38.2117813619272,0.320550162878655,10.4419320993177,0.0918851539965667,3.7787952605189,0.0833802040010765,"Lutjanidae",36.2098034204937,2.32314194996684,8.1438706352373,0.553100156611098,1.52674765742851,0.174598571246212,7
"652","Hoplopagrus_guentherii",38.2023224895598,0.31880541130185,10.4466348793264,0.0913432654979453,3.77589031326546,0.0829304627395469,"Lutjanidae",36.8255959915855,2.77621944774001,8.5090732249832,0.656673445021899,1.53060866742435,0.207862663562997,4
"653","Lutjanus_apodus",38.0214147158448,0.308180977310878,10.4659214770795,0.0883493098740223,3.80808669721393,0.0796963012603095,"Lutjanidae",36.4416407446463,2.6669981241511,8.3287836652486,0.629295636421187,1.50224919025419,0.199428950708169,4
"654","Lutjanus_griseus",37.8673183536731,0.29794060092608,10.5080343289264,0.0850533193985444,3.80623400174927,0.0766885788544998,"Lutjanidae",36.4687454392234,2.53923032673276,8.30064925191459,0.601856056670819,1.51794588855029,0.190361292739867,7
"655","Lutjanus_argentiventris",37.6355202865077,0.298412514858871,10.5633542947246,0.0845081649225876,3.80912153768857,0.0760986945273478,"Lutjanidae",36.1443578862647,2.38639378627335,8.13603181388913,0.565244165644091,1.51054897533466,0.178807721969486,7
"656","Lutjanus_jocu",37.4502749006354,0.310566798198603,10.6231327346782,0.0867664369903967,3.78705776828868,0.0781451703474963,"Lutjanidae",37.6161316284401,3.35712711580213,8.95979983846061,0.790719757792148,1.54325977667643,0.250745902117633,4
"657","Lutjanus_viridis",37.3795450578802,0.321667087876835,10.655972360117,0.0892690236615972,3.77162155510385,0.0803907826920543,"Lutjanidae",32.601090956605,1.78913544454651,6.48046442596341,0.368162849664802,1.32282344247988,0.113072645021426,7
"658","Lutjanus_inermis",37.4298979171354,0.318519834660664,10.6563150633305,0.0882970139186609,3.76012522750425,0.0796615311091534,"Lutjanidae",33.2235809486785,1.741571012946,6.74636246221951,0.37751694799039,1.36388146278884,0.117194893001157,7
"659","Lutjanus_fulgens",37.68830771236,0.301437752249191,10.640845205516,0.0839040215047701,3.7260447666982,0.0763022297788186,"Lutjanidae",35.597767385596,2.14470151900908,7.85866824126669,0.508287320042335,1.49166955967662,0.160480284852602,7
"660","Lutjanus_semicinctus",37.8891442380005,0.299675560384277,10.6251715495165,0.084402452913669,3.72450402168243,0.0772090424559343,"Lutjanidae",33.4480303638519,2.02143888793658,6.93607229516159,0.433074640739093,1.30852790265963,0.135630287075621,7
"661","Lutjanus_argentimaculatus",38.1516903692354,0.329184650516783,10.6446533755932,0.0929290820294594,3.7023201937468,0.0864305433313245,"Lutjanidae",36.9008359420673,2.80376105614478,8.53842704865438,0.663907447425518,1.52568648699627,0.209891350314983,4
"662","Lutjanus_jordani",38.411864908909,0.388412709924055,10.7053037210734,0.109122664345235,3.64411307075573,0.103038191102866,"Lutjanidae",35.5450080617231,2.08923000772565,7.8194899592827,0.496600733058947,1.49091341489047,0.156605714899985,7
"663","Lutjanus_novemfasciatus",38.7357163962859,0.518843892074436,10.7564563833106,0.142344044731168,3.59433583402557,0.137343201338249,"Lutjanidae",37.9226126924456,3.60786228302961,9.14211400123713,0.849055127026854,1.54730985529206,0.269236509381968,4
"664","Lutjanus_guttatus",38.7581591995658,0.542102876162292,10.8410816931674,0.150339601755932,3.55888441602772,0.144615006084597,"Lutjanidae",36.4237411966601,2.52198202395213,8.28430875914152,0.597994092305913,1.51958357409555,0.189085788194019,7
"665","Lutjanus_analis",38.7122365028232,0.537015955022604,10.8985141870729,0.152550622362641,3.54414037910149,0.144226408782927,"Lutjanidae",36.2219301057222,2.32572247770574,8.14280053990263,0.554687740737444,1.51378308245085,0.174820964438792,7
"666","Lutjanus_synagris",38.6636181284596,0.513418017770692,10.8845939714619,0.149028378908994,3.55339610160029,0.137261471290398,"Lutjanidae",35.5686523773348,1.98289798228283,7.78599139340135,0.475499323333453,1.50545491507117,0.149460456547168,7
"667","Lutjanus_mahogoni",38.6731178241602,0.455087014045035,10.7473305788743,0.131684764613754,3.59929565881777,0.120010374362774,"Lutjanidae",34.7344322788048,1.86373564503285,7.42275677222432,0.437873105197706,1.43622070691309,0.137760535337169,7
"668","Ocyurus_chrysurus",38.6515540188363,0.427854227947972,10.6229545912529,0.124012023266492,3.64792993051695,0.111237446937921,"Lutjanidae",35.8750345371281,2.13620288278756,7.95267197223646,0.511557549060448,1.50296542445274,0.160894352316878,7
"669","Lutjanus_rivulatus",38.6924814466878,0.421337653449543,10.4657275648604,0.1219462287147,3.70328380792692,0.110148465191245,"Lutjanidae",32.1842333333726,1.77500194600056,6.37574712744993,0.436086633818947,1.12287408689913,0.131687821071449,6
"670","Lutjanus_johnii",38.7187903581953,0.426606817584673,10.4224139745183,0.123657430199836,3.71630538080044,0.111902853172956,"Lutjanidae",35.969540402881,2.19734396691382,8.00716431716981,0.525814847816261,1.50084554770591,0.165363020594785,7
"671","Lutjanus_goreensis",38.7317468821096,0.442973721776072,10.4038181898717,0.128930999357523,3.72159339798297,0.116443212881394,"Lutjanidae",36.3875267017625,2.5149579040017,8.26956340368655,0.596350315515353,1.51650636218628,0.188540876074601,7
"672","Lutjanus_kasmira",38.7762035241098,0.469852731211036,10.3757663769174,0.13740276964074,3.72548055075191,0.123725746862528,"Lutjanidae",34.05070865164,1.56074332664456,7.00305140858439,0.372335845254423,1.42970289361348,0.115646482765648,7
"673","Lutjanus_quinquelineatus",38.8670094236808,0.52410398094211,10.3234634421032,0.154415584517778,3.72761159718504,0.138477306300886,"Lutjanidae",34.0661373612563,1.59714940607273,7.02708603380296,0.378818547177455,1.4403017671917,0.117781151822469,7
"674","Lutjanus_decussatus",38.961042797693,0.631855697753533,10.2668049264631,0.188269071810351,3.72960281969711,0.167568816535606,"Lutjanidae",33.9909226121276,1.57413637973591,6.97017072381126,0.375037549460462,1.44420618815998,0.116330355434527,7
"675","Lutjanus_fulvus",38.9282018270459,0.751371421953635,10.2494739474498,0.225820970572829,3.71979462511643,0.199453188594631,"Lutjanidae",34.1270900568255,1.55907458745528,7.0286216836618,0.373023407316172,1.43303135744747,0.115869180987629,7
"676","Lutjanus_bohar",38.8792870642278,0.839983941050661,10.2540588543013,0.25352407688516,3.71094801863841,0.222990432672417,"Lutjanidae",36.2392879208041,2.30665951241901,8.14486998601165,0.550819231109167,1.51962159744012,0.173464970770788,7
"677","Lutjanus_lutjanus",38.8690198529128,0.798093288231046,10.2695812690324,0.240520663569518,3.71355399037551,0.211746465179934,"Lutjanidae",33.9544459414899,1.57173514763772,6.95466549302425,0.373668819060328,1.4402051113534,0.115895151186806,7
"678","Lutjanus_rufolineatus",38.9730862503728,0.730758545484905,10.2365000449874,0.219266715708575,3.72615389801731,0.194089517304745,"Lutjanidae",32.7388567373316,1.73378701226651,6.51027837218559,0.363750557418835,1.33756378129402,0.111880267156803,7
"679","Lutjanus_biguttatus",39.3842574679251,0.541073795255029,10.1189872568401,0.157541517485315,3.76286758538829,0.144635371980997,"Lutjanidae",32.8202436381432,1.63055670734742,6.46141003050765,0.357692248858768,1.3634798707068,0.109870363327828,7
"680","Lutjanus_vitta",39.6638883954906,0.487904006534534,10.0274379173604,0.138089697588599,3.78866548524306,0.131143088268745,"Lutjanidae",34.1213339176788,1.56106377435907,7.02952753181075,0.373521128341271,1.43452736769273,0.115991875721465,7
"681","Lutjanus_fulviflamma",39.6769520704665,0.493990747640807,10.0204396313921,0.140035466969272,3.78943703878844,0.132826725584674,"Lutjanidae",33.770451517346,1.55224069219155,6.8750979828011,0.363832519345872,1.40813848265934,0.11283909015502,7
"682","Lutjanus_ehrenbergii",39.5560089773069,0.495617326846056,10.0588671612279,0.141487916131752,3.77704167386655,0.132960257946743,"Lutjanidae",33.9890671861691,1.6324657119169,7.014034199588,0.380840840342694,1.42950350911574,0.118590614453575,7
"683","Lutjanus_carponotatus",39.3492472357606,0.502924425233342,10.1417445154778,0.145321559270091,3.76235340076755,0.134282730836871,"Lutjanidae",34.4556618831129,1.69880406727551,7.24158752681727,0.401839193136982,1.45116869112691,0.125646751019132,7
"684","Lutjanus_monostigma",39.342838794134,0.518498717912485,10.1419466824795,0.150451578594617,3.76294805082114,0.138437028216806,"Lutjanidae",35.81957726093,2.17563750437496,7.94733895671249,0.51793481325429,1.50029705002667,0.163354394227411,7
"685","Lutjanus_russellii",39.3505035988602,0.513571116080604,10.1395476304759,0.148797193432362,3.76442121768248,0.137141792167838,"Lutjanidae",35.0756292760609,1.99483626670096,7.5990691856547,0.469907372017167,1.44300867255358,0.148169605441511,7
"686","Plectorhinchus_chrysotaenia",37.4819281392939,0.234245966298525,10.1911118218093,0.0673195743934869,3.97468302265695,0.0620673025359648,"Haemulidae",25.6852763486755,3.90204063760666,4.07679219491532,0.613847670496641,0.775746445000689,0.165454393095351,5
"687","Plectorhinchus_schotaf",37.2032481362419,0.241178811559783,10.203644353093,0.0699215466970465,4.00517909518282,0.0641694694471008,"Haemulidae",30.2542620219573,2.15367068613106,5.75289827255608,0.494190343784222,0.957763361513684,0.149769786189572,6
"688","Plectorhinchus_gibbosus",37.1836593175557,0.242214356985899,10.2029928714215,0.070247083466664,4.00778142277422,0.0644735629393527,"Haemulidae",30.0401606154578,2.19187380937243,5.68233719073913,0.488282585429849,0.953989710252143,0.147717533256325,6
"689","Plectorhinchus_albovittatus",37.1836593175557,0.242214356985899,10.2029928714215,0.070247083466664,4.00778142277422,0.0644735629393527,"Haemulidae",30.1089925514428,2.10675600361685,5.63753907156523,0.506527328347625,0.919969723789579,0.152445586176698,6
"690","Plectorhinchus_lineatus",37.1836593175557,0.242214356985899,10.2029928714215,0.070247083466664,4.00778142277422,0.0644735629393527,"Haemulidae",28.5130023688282,2.13878106738256,4.98439306793329,0.471601428916164,0.836222863181293,0.138871235851194,6
"691","Plectorhinchus_polytaenia",37.1836593175557,0.242214356985899,10.2029928714215,0.070247083466664,4.00778142277422,0.0644735629393527,"Haemulidae",26.4505224878358,3.01810148458634,4.26762536608732,0.514223667560246,0.766443937444885,0.142221614569357,5
"692","Plectorhinchus_vittatus",37.1836593175557,0.242214356985899,10.2029928714215,0.070247083466664,4.00778142277422,0.0644735629393527,"Haemulidae",28.3953926955864,2.08270662849706,4.89302346372045,0.4763897490356,0.815285535331955,0.14006907691752,6
"693","Plectorhinchus_lessonii",37.1836593175557,0.242214356985899,10.2029928714215,0.070247083466664,4.00778142277422,0.0644735629393527,"Haemulidae",25.5844269201944,3.13535610350597,3.85514410780148,0.523079347006714,0.700755934440376,0.141494747923421,5
"694","Plectorhinchus_picus",37.1836593175557,0.242214356985899,10.2029928714215,0.0702470834666641,4.00778142277422,0.0644735629393527,"Haemulidae",28.2042717271139,2.09215534161201,4.69017538953893,0.51818855105767,0.761980222112875,0.152252907035444,6
"695","Plectorhinchus_chaetodonoides",37.1836593175557,0.242214356985899,10.2029928714215,0.070247083466664,4.00778142277422,0.0644735629393527,"Haemulidae",27.9669879025737,2.0844312162431,4.58983735612986,0.511394318434832,0.748463196211571,0.149993051514206,6
"696","Plectorhinchus_flavomaculatus",37.1836593175557,0.242214356985899,10.2029928714215,0.070247083466664,4.00778142277422,0.0644735629393527,"Haemulidae",27.7567924117747,2.29976069043821,4.69517161223726,0.466888184699791,0.803815620947189,0.135031618828063,6
"697","Diagramma_labiosum",37.1836593175557,0.242214356985899,10.2029928714215,0.070247083466664,4.00778142277422,0.0644735629393527,"Haemulidae",28.9578891781325,2.06223418100614,5.07171789819298,0.50628180513818,0.824994897510678,0.149752406505504,6
"698","Diagramma_pictum",37.1836593175557,0.242214356985899,10.2029928714215,0.070247083466664,4.00778142277422,0.0644735629393527,"Haemulidae",29.0385481951991,2.09114857734375,5.08488247136055,0.519625140204121,0.820880305691694,0.15364433610314,6
"699","Plectorhinchus_multivittatus",37.2071452200717,0.260896511702081,10.2555013494016,0.0756512943388846,3.98982012224698,0.0695335192017175,"Haemulidae",29.2852109340206,2.1498073495441,5.31851167222038,0.430974491115315,0.941827478919321,0.126886095765925,6
"700","Pomadasys_incisus",37.2557986679768,0.292194085610067,10.3304568179199,0.0847507245402856,3.9650726832285,0.0778685612054231,"Haemulidae",31.3359069935323,2.06167762259986,6.18175053748592,0.453776656361411,1.08789169592941,0.139114745364378,6
"701","Xenocys_jessiae",37.2820809376629,0.318047155422508,10.3860686792368,0.0922894780852519,3.94712509511813,0.0846834649448459,"Haemulidae",25.8385976344629,3.65683758744587,4.00712729543608,0.567985577266759,0.782593342129096,0.150867525934276,5
"702","Orthopristis_forbesi",37.2949843354862,0.33085313185985,10.4128547500805,0.0960281300357416,3.9379678443405,0.0880448177748129,"Haemulidae",27.3826140125713,3.13314378843092,4.59214622107684,0.498449199241587,0.890586782653042,0.135896533078472,5
"703","Orthopristis_ruber",37.2990674238667,0.335534583581263,10.4223263001735,0.097395414003258,3.93493944368507,0.0892718020267815,"Haemulidae",29.2751075276048,2.28169720857205,5.31510861464223,0.420152694282434,0.977720858977209,0.122072720088369,6
"704","Anisotremus_scapularis",37.3062052915377,0.341230289055,10.4337609949029,0.0990592737098006,3.93120495486093,0.0907634622247806,"Haemulidae",28.0929638209236,1.95191639312875,4.6455857975163,0.452536021081754,0.799391371016047,0.131456521052196,6
"705","Anisotremus_interruptus",37.3098914267979,0.345001563473303,10.4408635273318,0.1001611528615,3.92820017524531,0.0917504818240153,"Haemulidae",27.9619852748049,2.11748016107933,4.52718801864469,0.528824511085505,0.746553292148384,0.155014718507454,6
"706","Anisotremus_caesius",37.3103882699385,0.345704185971221,10.4421847622012,0.100366459081942,3.92772746412919,0.0919343184351952,"Haemulidae",27.4278707179356,2.05231249952719,4.3216483737437,0.455449523393074,0.739574176799171,0.130847969676099,6
"707","Anisotremus_surinamensis",37.3103882699385,0.345704185971221,10.4421847622012,0.100366459081942,3.92772746412919,0.0919343184351952,"Haemulidae",27.6785632573555,2.30993763818877,4.36870904229867,0.581579608034223,0.700747285230298,0.170880656369252,6
"708","Anisotremus_virginicus",37.3108717713623,0.346388713969445,10.4433647176467,0.100566482842166,3.92726744672642,0.0921134048346316,"Haemulidae",27.643348909724,2.12824941731617,4.3540644891805,0.528822176220693,0.714558310481333,0.154830243217037,6
"709","Anisotremus_taeniatus",37.3151347376387,0.35135808141808,10.4526451341039,0.102018701842541,3.92398305669953,0.093413036256715,"Haemulidae",27.5113587723455,2.03305382925826,4.31404922514608,0.478339451250117,0.723009619810654,0.138701925327764,6
"710","Haemulon_chrysargyreum",37.347856865496,0.380740257784103,10.5105009349985,0.110609271631926,3.90435920167834,0.101083414468872,"Haemulidae",29.338447011973,2.43114067693232,5.10678856666005,0.394434428159452,1.01270637655975,0.109484771232379,7
"711","Haemulon_aurolineatum",37.3914380509743,0.425679341739668,10.5955319679641,0.123757653657009,3.87653436527468,0.112782270248028,"Haemulidae",24.5350587210378,4.44460286805169,3.44546006786842,0.674524143824313,0.679526761711665,0.17505801722108,5
"712","Haemulon_album",37.4198915420126,0.451838218421401,10.6419511987305,0.131414610586975,3.86121182032729,0.11958004640022,"Haemulidae",29.8353393627041,2.51983127631861,5.64356909149465,0.484479781525865,0.989163814180667,0.144843909162341,5
"713","Haemulon_sexfasciatum",37.4268996184971,0.45959653967111,10.6562056078666,0.133685882865554,3.85666145860293,0.121594900463254,"Haemulidae",29.7760174719141,1.91002623481906,5.41861921410825,0.458985733209152,0.914594909704841,0.136374338733048,6
"714","Haemulon_scudderii",37.4278534967648,0.460517097896213,10.6579179822323,0.133955387987207,3.85603089834706,0.12183393774322,"Haemulidae",26.5138530497546,3.39648041081144,4.24990938268535,0.533660908512862,0.817205372282236,0.143143947726082,5
"715","Parapristipoma_humile",37.4406541709312,0.458747857651997,10.6607930718613,0.133262899493623,3.85463019910578,0.121269739026772,"Haemulidae",28.1535285479761,2.69864551146194,4.89500373927867,0.457287975595054,0.912837363387516,0.128503258322512,5
"716","Haemulon_maculicauda",37.436123431623,0.459481501793579,10.6552912648761,0.133483804630682,3.85444164767284,0.12160376778223,"Haemulidae",26.1171642769172,3.48372278785151,4.06117768347759,0.54305540827187,0.786577546930107,0.144153890489933,5
"717","Haemulon_flaviguttatum",37.4599324473867,0.464389577641968,10.6550302051576,0.134698905420408,3.85029050488685,0.123545429033126,"Haemulidae",28.1719133189012,2.2562809652839,4.80784338180546,0.421145334926575,0.869981720503266,0.119572421975157,6
"718","Haemulon_steindachneri",37.4935579313214,0.455644184527626,10.6694839127958,0.131455021567868,3.84706894039011,0.120616367090158,"Haemulidae",26.1171642769172,3.48372278785151,4.06117768347759,0.54305540827187,0.786577546930107,0.144153890489933,5
"719","Haemulon_plumierii",37.6199222010564,0.503960210597788,10.6814177802328,0.144913603683288,3.83455423835992,0.133968863761499,"Haemulidae",28.0248783604633,2.04085341639335,4.56107615359038,0.503647211774973,0.756038479881207,0.147361198587708,6
"720","Haemulon_flavolineatum",37.5152808585241,0.551569811918914,10.4235071955032,0.159909615874461,3.83067225096375,0.155978666437534,"Haemulidae",25.4271380611506,3.73019800643757,3.78531469228733,0.577096491428982,0.730204796772211,0.151737182683681,5
"721","Haemulon_sciurus",37.9082950089568,0.765408575018639,10.5051107076412,0.21890664192985,3.77192288609456,0.21721656276591,"Haemulidae",27.7866850531526,2.02470580536833,4.47372420167865,0.489373137158627,0.750861317263031,0.142745524771817,6
"722","Haemulon_carbonarium",37.2332807615739,0.652369408916874,10.8712696488494,0.197058771293634,3.84900591976291,0.169042935830293,"Haemulidae",27.6297555993211,2.00674259940372,4.39201024069064,0.473665426641541,0.747392967929481,0.137518966712951,6
"723","Haemulon_macrostomum",36.9575124746057,0.742351210038647,10.9953515484776,0.227536522021428,3.86532992695753,0.188124760453613,"Haemulidae",28.0792930453697,1.95616705030809,4.58343856713594,0.472376696367826,0.779768582796358,0.137674743483802,6
"724","Haemulon_parra",36.7948963153977,0.936203644805643,11.2060287122339,0.288604553498536,3.86677463079173,0.237231355260723,"Haemulidae",29.5337214057184,1.88338061024038,5.25839364406886,0.364975822480334,0.974133530241229,0.105207753062381,6
"725","Kyphosus_bigibbus",36.8706985078771,0.592792255588369,10.2193431225635,0.177832717728133,4.08616896411578,0.156489403787987,"Kyphosidae",28.0597381718615,1.4239281717718,3.56169611711723,0.347064693185687,0.496032838614661,0.104690563164674,2
"726","Kyphosus_sandwicensis",36.7360826484936,1.03841105968734,10.2110764348649,0.313580592995497,4.17324918396327,0.272289438588145,"Kyphosidae",28.5752746491786,1.38665509405668,3.84986793066222,0.338715041650718,0.551403308009995,0.101847945182425,2
"727","Kyphosus_sectatrix",36.6719063783277,1.23519022811384,10.2726558840326,0.373453436911712,4.19970216595774,0.323788052882356,"Kyphosidae",28.0725913032001,1.42234389708434,3.56914212491097,0.346718968344115,0.497356194762065,0.104576890677306,2
"728","Kyphosus_incisor",36.66880830537,1.27785684444364,10.2890259099017,0.38642454045922,4.20335832998714,0.33495589623598,"Kyphosidae",28.1382565775596,1.41870468833283,3.60416103573529,0.345941162703677,0.502881575018265,0.10429885130246,2
"729","Kyphosus_analogus",36.6573902428801,1.3352240169371,10.3069579636274,0.403887020296878,4.21050168739723,0.349988234743374,"Kyphosidae",27.8390225461102,1.43699906122338,3.42977094702914,0.349119227384071,0.473593905222738,0.105514764896732,2
"730","Kyphosus_vaigiensis",36.6309722585788,1.34286772703513,10.3005157733158,0.406269898253048,4.21746034675559,0.352029115082741,"Kyphosidae",27.9761756904124,1.43184490556047,3.50858279824218,0.34856244847892,0.486473580127911,0.105224338266276,2
"731","Kyphosus_sydneyanus",36.6409117801166,1.3493057842487,10.3067946823841,0.408201783643067,4.21497390604302,0.353697445538292,"Kyphosidae",28.0875521665645,1.42634577679131,3.57467297839278,0.347638694618038,0.498004311039491,0.1048384506585,2
"732","Kyphosus_cinerascens",36.6498168714608,1.35709771078249,10.3131629522659,0.410547716879659,4.21299806297362,0.355722038044881,"Kyphosidae",27.8623996409438,1.43998963651853,3.44568084276939,0.350124669518418,0.476392293711561,0.105782558999961,2
"733","Kyphosus_elegans",36.6498368323309,1.35776690922778,10.3134330476908,0.410750974728858,4.21303222141456,0.355897114504435,"Kyphosidae",27.8762556869298,1.43949544806226,3.45346621356364,0.350070351564575,0.477663640540291,0.105754061394962,2
"734","Microcanthus_strigatus",36.6694199048818,1.15871764021294,10.2327246819305,0.350267582208196,4.19954423480326,0.303817836609306,"Kyphosidae",31.0754990388577,1.39014181969818,5.44498439983968,0.277379883083963,1.01858215261446,0.0822799803166091,7
"735","Atypichthys_strigatus",36.6866777949253,0.965083904667174,10.1541929570504,0.291429456439535,4.18476038679018,0.253190909833346,"Kyphosidae",32.5375639936397,1.41911648435783,6.16795503331817,0.323784066831907,1.14077374750259,0.0996444178499569,7
"736","Atypichthys_latus",36.6714280455575,0.879459633151557,10.1128304495825,0.265467220660878,4.18636986305169,0.230862786538305,"Kyphosidae",33.1805731728472,1.55639516467443,6.49706078866432,0.364672790754144,1.18873810652237,0.113225859572999,7
"737","Labracoglossa_nitida",36.6864893777184,0.874696070977225,10.1167472725916,0.263986676819234,4.18190679443647,0.229593766352913,"Kyphosidae",31.7327542926326,1.35843950067917,5.76917941231631,0.291228229773375,1.0744608158226,0.0881340280805672,7
"738","Scorpis_violacea",36.6865670760196,0.854358922469835,10.1090140235316,0.257809729647827,4.18114673098932,0.224284993261261,"Kyphosidae",34.1620100491338,1.89987265184857,7.01565149388946,0.450785634875413,1.25415975626793,0.141157605659769,7
"739","Girella_freminvillii",36.6865670760196,0.854358922469835,10.1090140235316,0.257809729647827,4.18114673098932,0.22428499326126,"Kyphosidae",34.5496457026802,2.06019019366055,7.22284035541996,0.489153341376588,1.2795458093503,0.153502822252422,7
"740","Girella_stuebeli",36.692450633641,0.854730047702464,10.111465686144,0.257909007643767,4.17961744189409,0.224371735325973,"Kyphosidae",32.3638223613252,1.39753354567991,6.08248523775442,0.315677066297597,1.12725467071977,0.0968686104283026,7
"741","Girella_cyanea",36.692450633641,0.854730047702464,10.111465686144,0.257909007643767,4.1796174418941,0.224371735325973,"Kyphosidae",31.7388765149676,1.35463569986732,5.77137244988206,0.290792608763245,1.07663323577125,0.0880172388242536,7
"742","Cirrhitus_rivulatus",36.4641335035829,0.710161510679815,9.94594983437363,0.214538829954769,4.24154422381083,0.1871796818282,"Cirrhitidae",37.5909893814628,3.17706477180167,8.89587393548949,0.74918541147017,1.55783307492993,0.237397317493539,4
"743","Oxycirrhites_typus",35.9979170321377,0.456691953167177,9.6178266170957,0.137712653925599,4.36193849127844,0.122768472574394,"Cirrhitidae",32.7546724396403,1.74082016800799,6.28142571337027,0.336824856460977,1.22230567877776,0.100765326466802,7
"744","Amblycirrhitus_pinos",35.7369659071893,0.407170457192959,9.46084783736661,0.121998924321257,4.43324083704016,0.110926061979869,"Cirrhitidae",36.4504337384977,1.81055405560313,6.85021061457877,0.438721309880275,0.979915538346711,0.130550452761802,8
"745","Cirrhitus_pinnulatus",35.5599988686058,0.398002211565245,9.35704971257097,0.118447881204828,4.48310396915082,0.109160752842234,"Cirrhitidae",34.6834369462887,1.61579536353286,7.25821923810134,0.387743182913328,1.43385535609009,0.120790803132499,7
"746","Paracirrhites_arcatus",35.384430117556,0.406683279232428,9.26077695910246,0.120227013859686,4.52921366878153,0.11190904862969,"Cirrhitidae",34.0759966817496,1.53813342983483,6.95174945619937,0.356620498497006,1.37798717642739,0.110704796727662,7
"747","Paracirrhites_hemistictus",35.3565829430957,0.410683550580549,9.24879956014498,0.121346771297807,4.53758446427088,0.113019322114728,"Cirrhitidae",35.7472100693557,2.21528371668437,7.90665814681706,0.521390175204724,1.46994143886909,0.164673168606207,7
"748","Paracirrhites_forsteri",35.2083863007267,0.430459574334666,9.17951150737806,0.126778857087428,4.58030584163272,0.118519457715854,"Cirrhitidae",34.5639427607194,1.99153203652999,7.31804029839465,0.448090944352108,1.34914460410869,0.140748115149929,7
"749","Paracirrhites_nisus",35.2371134655206,0.426551014591958,9.19292435958982,0.125706452879292,4.57229324985797,0.117434999178628,"Cirrhitidae",31.2619571657008,2.15834554444215,5.66472781701121,0.368084968936079,1.09680982737368,0.105332238014598,7
"750","Cirrhitus_atlanticus",35.2437329601496,0.425394238731239,9.19632695815672,0.125381445016841,4.57009729887031,0.117115560319205,"Cirrhitidae",33.7336146332511,1.5558089631183,6.68374812040809,0.33308499379658,1.28936238849695,0.101714859191976,7
"751","Notocirrhitus_splendens",35.2869290242657,0.419510700731126,9.21804110829847,0.123779251501044,4.55685928475184,0.115476885698454,"Cirrhitidae",33.62389458653,1.74718098851635,6.89085104938314,0.382723947521057,1.36998542965175,0.118986603406512,7
"752","Cyprinocirrhites_polyactis",35.383397228355,0.409156775922635,9.26228498826595,0.12101974684071,4.53021402227462,0.11256086793137,"Cirrhitidae",33.056177682077,1.67241031941096,6.47695769333494,0.341078108905081,1.28134022425253,0.10364308198532,7
"753","Itycirrhitus_wilhelmi",35.3697439963523,0.405657046263618,9.2496636695289,0.119778634139421,4.53406234798587,0.111675388389855,"Cirrhitidae",31.1473084822369,2.14162969222184,5.80944943358213,0.376220462922905,1.18472698425768,0.109771372738083,7
"754","Neocirrhites_armatus",35.3391410168177,0.409572716073119,9.23625086614835,0.12086441704108,4.54207659006985,0.112762188826195,"Cirrhitidae",29.979468395854,2.54115039313971,5.30883785149891,0.41424920439511,1.07655257510714,0.116069344398263,7
"755","Cirrhitops_fasciatus",35.2519456500711,0.421698931478362,9.19568609668577,0.124205177806652,4.56713864952199,0.116125555024216,"Cirrhitidae",32.9518104704304,1.54117904706702,6.3904370738678,0.330359068375695,1.29675752864952,0.100959985127677,7
"756","Cirrhitops_hubbardi",35.2878617844788,0.416537530567764,9.2127685756599,0.122781941174923,4.5570929863263,0.11469575446552,"Cirrhitidae",34.6034151213487,1.61078300466465,7.23595244833241,0.387220578800246,1.44347533406862,0.120553813101661,7
"757","Cirrhitichthys_falco",35.2643124210908,0.419994391302652,9.20068328470598,0.123727189683513,4.56402873808857,0.115655239612701,"Cirrhitidae",26.9905295811576,3.76272218929628,4.21479766295509,0.573803594145665,0.842814901903387,0.15132167915725,5
"758","Cirrhitichthys_aprinus",35.3004109303466,0.414618226539629,9.21897721103252,0.122249690087236,4.55327368151197,0.114164258582639,"Cirrhitidae",26.0091560080727,4.07710102338178,3.98394915315564,0.618591643211437,0.80030070157636,0.16262918786594,5
"759","Cirrhitichthys_oxycephalus",35.3540498379931,0.407920248130473,9.24245658906475,0.120409135507381,4.53862603612588,0.112302868797813,"Cirrhitidae",28.5423730382024,3.09945683631752,4.84763259480312,0.483507482521609,0.986351501512116,0.131375662837314,7
"760","Serranocirrhitus_latus",35.6640815023035,0.366327714926507,9.37536810666611,0.108724460547776,4.44734927507057,0.100667378364474,"Serranidae",33.5235197144742,1.52808908600644,6.66895726025267,0.351706988173484,1.38468992117771,0.108356317955473,7
"761","Acanthistius_cinctus",36.4574944269051,0.27560194895414,9.71018966636895,0.0824646834743133,4.21157577327573,0.074957432174514,"Serranidae",37.2612556336962,2.8339687064526,8.68230169322658,0.671082949540577,1.56989492835749,0.212330636758886,4
"762","Luzonichthys_waitei",36.9308197966226,0.237109333826807,9.89490131564683,0.0704809604149291,4.06669268447797,0.0640094973023373,"Serranidae",31.7852554062804,1.87111163191113,5.94426021310244,0.355707381043599,1.23543818658335,0.105968330340306,7
"763","Pseudanthias_pascalus",37.1839689680213,0.231829757580399,10.0024102175821,0.0682106503082135,3.98613912577377,0.0622716718256056,"Serranidae",34.7633827038057,1.61946557449913,7.29577045665888,0.393506620462875,1.47837833154701,0.122330939710398,7
"764","Pseudanthias_evansi",37.3161409764154,0.232326121171247,10.0565182083109,0.0679588441618559,3.94545764370586,0.0623159415141798,"Serranidae",33.3944943810361,1.55727179094199,6.64212819312725,0.353910631211433,1.38260611899019,0.109010207029969,7
"765","Pseudanthias_pleurotaenia",37.3373178933621,0.232408845980434,10.0640413247871,0.0679642086609475,3.93815632311908,0.0623385764088223,"Serranidae",34.7314543105519,1.61407098568645,7.27983758192276,0.391654580219324,1.47363745083442,0.121767725029081,7
"766","Pseudanthias_cooperi",37.3373064443651,0.232380463292083,10.0644404610051,0.0679629474678006,3.93784198801618,0.0623329104856601,"Serranidae",33.8157193651357,1.535695841222,6.82989840897389,0.360000738966023,1.41298348333842,0.111266356049323,7
"767","Pseudanthias_mooreanus",37.3384059802068,0.232468459242623,10.0649129511701,0.0679883721607546,3.93749236119037,0.0623541433654679,"Serranidae",31.8766546457649,1.8475995258524,5.97192208224403,0.352722742111548,1.23586436964703,0.105215656913627,7
"768","Pseudanthias_huchtii",37.3384887809147,0.232462002998929,10.0651028266731,0.067988221235549,3.93742718375967,0.0623529191368863,"Serranidae",33.3959856540265,1.5576831309862,6.64349679805439,0.354165862729476,1.38328529160203,0.109088530613185,7
"769","Pseudanthias_olivaceus",37.3384887809147,0.232462002998929,10.0651028266731,0.067988221235549,3.93742718375967,0.0623529191368863,"Serranidae",33.3983407840958,1.55840933168633,6.64406412930488,0.354358464144332,1.38385409164568,0.109143052142018,7
"770","Nemanthias_carberryi",37.3384887809147,0.232462002998929,10.0651028266731,0.067988221235549,3.93742718375967,0.0623529191368863,"Serranidae",33.6094139558228,1.54437794425772,6.74009276721645,0.35712399336232,1.39945470531101,0.110216530371406,7
"771","Bathystethus_cultratus",37.3384887809147,0.232462002998929,10.0651028266731,0.067988221235549,3.93742718375967,0.0623529191368863,"Kyphosidae",35.4810067019298,1.83361655898589,7.66691852363213,0.443227337906363,1.49768576279525,0.138657047550837,7
"772","Pseudanthias_squamipinnis",37.3384887809147,0.232462002998929,10.0651028266731,0.067988221235549,3.93742718375967,0.0623529191368863,"Serranidae",34.0056662688162,1.54209385712429,6.92522465036734,0.366001588941447,1.43022387500611,0.113268290327766,7
"773","Pseudanthias_dispar",37.3384887809147,0.232462002998929,10.0651028266731,0.067988221235549,3.93742718375967,0.0623529191368863,"Serranidae",32.6751655553408,1.61743294641657,6.26148183906728,0.336546474375927,1.28249519735189,0.102252301657002,7
"774","Paralabrax_albomaculatus",37.3384887809147,0.232462002998929,10.0651028266731,0.067988221235549,3.93742718375967,0.0623529191368863,"Serranidae",36.7721919515697,2.44716821395715,8.38187170458253,0.583832005908657,1.5631399505705,0.184050632703817,7
"775","Serranus_tigrinus",37.3384887809147,0.232462002998929,10.0651028266731,0.067988221235549,3.93742718375967,0.0623529191368863,"Serranidae",35.0033194510923,1.61133800128186,7.37775481465254,0.396191059649209,1.48110519261818,0.122976345034843,7
"776","Serranus_psittacinus",37.3384887809147,0.232462002998929,10.0651028266731,0.067988221235549,3.93742718375967,0.0623529191368863,"Serranidae",34.528553699986,1.5428113734133,7.12356608590989,0.382951531114379,1.48787217601588,0.118163236786202,7
"777","Serranus_baldwini",37.3384887809147,0.232462002998929,10.0651028266731,0.067988221235549,3.93742718375967,0.0623529191368863,"Serranidae",33.8011745362091,1.51919395780227,6.76910927952025,0.367668549376922,1.43550881034991,0.113295294700474,7
"778","Diplectrum_radiale",37.3384887809147,0.232462002998929,10.0651028266731,0.067988221235549,3.93742718375967,0.0623529191368863,"Serranidae",35.3568135208712,1.7112950616865,7.56906112143203,0.421289245336086,1.52527331755925,0.130879041440357,7
"779","Hypoplectrus_puella",37.3384887809147,0.232462002998929,10.0651028266731,0.067988221235549,3.93742718375967,0.0623529191368864,"Serranidae",34.5274728115737,1.53805254729026,7.14278908553212,0.376420424625869,1.46075335661735,0.116556520500828,7
"780","Hypoplectrus_indigo",37.3384887809147,0.232462002998929,10.0651028266731,0.067988221235549,3.93742718375967,0.0623529191368863,"Serranidae",34.4499152020396,1.52770744997415,7.09980661160922,0.373166112926804,1.45683510714317,0.115496221633,7
"781","Hypoplectrus_guttavarius",37.3384887809147,0.232462002998929,10.0651028266731,0.067988221235549,3.93742718375967,0.0623529191368863,"Serranidae",34.2597359215271,1.50790022029274,7.00163440656645,0.366244711886086,1.44249147832338,0.113255155732814,7
"782","Hypoplectrus_providencianus",37.3384887809147,0.232462002998929,10.0651028266731,0.067988221235549,3.93742718375967,0.0623529191368863,"Serranidae",35.4687364078357,1.79007506998751,7.65291141518251,0.436037903709665,1.50987057099925,0.136043636094698,7
"783","Hypoplectrus_nigricans",37.3384887809147,0.232462002998929,10.0651028266731,0.0679882212355489,3.93742718375967,0.0623529191368863,"Serranidae",34.5946703847204,1.54758042451807,7.17623032850233,0.378506805281046,1.46364012924706,0.117275551471005,7
"784","Hypoplectrus_chlorurus",37.3384887809147,0.232462002998929,10.0651028266731,0.067988221235549,3.93742718375967,0.0623529191368863,"Serranidae",34.2035780259099,1.50081084322826,6.97077252175303,0.363928415506203,1.4372714523484,0.112501452347257,7
"785","Hypoplectrus_gemma",37.3387162022814,0.232444997096767,10.0655472832867,0.0679879919627593,3.93721327899191,0.0623497774809428,"Serranidae",34.2570773467391,1.50795493687963,7.00010611308719,0.366448441914405,1.44326885112813,0.1133050415659,7
"786","Hypoplectrus_unicolor",37.3391710450455,0.232414183329262,10.0662635440779,0.0679883482983379,3.93672045324297,0.0623444656346798,"Serranidae",34.2085375079938,1.50418091223855,6.97528554118857,0.364882489206211,1.43950610343113,0.112796422405343,7
"787","Grammistes_sexlineatus",37.340111546877,0.232339934484503,10.0687745283298,0.0679981509891024,3.93522579997995,0.0623360781135075,"Serranidae",35.3506458468049,1.77787214570802,7.59390283159026,0.430120963959491,1.48289504827265,0.134447191713035,7
"788","Rypticus_nigripinnis",37.3462243430926,0.232324592425315,10.0719977404192,0.0680352286151027,3.93334196145205,0.0623516350000599,"Serranidae",34.8882616572709,1.82004639768797,7.40239548685459,0.422943257848424,1.40362158301479,0.132708821357203,7
"789","Rypticus_saponaceus",37.3573760222639,0.232589431138527,10.0791260871044,0.0681802837333858,3.9288120424301,0.0624703220201187,"Serranidae",36.5417492877148,2.58481415438382,8.30680252061961,0.610275954602922,1.49256779459211,0.193124095595739,7
"790","Rypticus_bicolor",37.3647275535704,0.233347944089793,10.0868208301194,0.0684602143065959,3.92373011472302,0.0627432610304633,"Serranidae",35.9359537631184,2.17508446715697,7.96035479235305,0.515854983671566,1.48714765800559,0.162692778149609,7
"791","Diploprion_bifasciatum",37.3716340463023,0.234705054989231,10.0958341740141,0.0688981248104934,3.91881763494027,0.0632001148827864,"Serranidae",35.8215563429974,2.02758726035167,7.87561556163289,0.484876768501853,1.50590110067453,0.152425791880255,7
"792","Belonoperca_chabanaudi",37.3816338337631,0.23619017524029,10.1034383661389,0.0693492644224733,3.91551488471107,0.063685625448081,"Serranidae",34.2370603282777,1.60163789184706,7.0403750495773,0.368578049854697,1.39673040858421,0.114430166989678,7
"793","Plectropomus_oligacanthus",37.3918688152671,0.23929001346005,10.114118878837,0.0702535729386059,3.9093636685216,0.0646787663863099,"Serranidae",38.7455570182186,4.00267784880002,9.54756053272256,0.940244935961615,1.59277418501202,0.298482996329937,4
"794","Plectropomus_laevis",37.4070234826476,0.243942977838965,10.1261217118797,0.0715686372490207,3.90229399145194,0.0661443230055652,"Serranidae",39.4505400419381,4.58127138474482,9.96687294909239,1.07484515665778,1.6119978825817,0.341396302054144,4
"795","Plectropomus_areolatus",37.419145404921,0.248598828442094,10.13628733205,0.0728598727901972,3.89487184163603,0.0675938661420199,"Serranidae",38.7849042536299,4.05518195992419,9.57277462244009,0.952413996476371,1.58877495945821,0.302351016162625,4
"796","Plectropomus_maculatus",37.4277449446434,0.2521143665257,10.1429215014452,0.073825380770754,3.89006383058886,0.0686807720099457,"Serranidae",39.3013770927977,4.50961212707332,9.88874260650065,1.05819802781548,1.60026764744673,0.336064481554542,4
"797","Plectropomus_pessuliferus",37.4304749684736,0.253221310106085,10.1441879435945,0.0741281677232153,3.88930159848343,0.0690219051091876,"Serranidae",39.2619208706211,4.47385983426002,9.86433001479421,1.04986951613313,1.59944661377897,0.333411378578377,4
"798","Plectropomus_leopardus",37.4358699107872,0.256318472512197,10.1499290978823,0.0749728648113281,3.88621523744028,0.069973928146492,"Serranidae",39.0816427965284,4.38714593461353,9.7672195066453,1.02972972809985,1.58381759921844,0.326953538923781,4
"799","Variola_louti",37.4400971931553,0.258185223062924,10.1530588363091,0.0754804870543692,3.88475725742548,0.0705461545461223,"Serranidae",38.8390859960489,4.14732798445082,9.60870942701997,0.973765582294775,1.57913114579245,0.309156491447348,4
"800","Variola_albimarginata",37.4588867327152,0.258915119377354,10.155759363454,0.0756574379443265,3.8794640972306,0.0707482321606089,"Serranidae",38.619002637857,3.91337990584129,9.47363454571961,0.919435366897554,1.58640472800472,0.29184604259526,4
"801","Cephalopholis_panamensis",37.4553497768979,0.264402011153557,10.1638247463044,0.0771575958029276,3.8774258357071,0.072438307891715,"Serranidae",37.8328651680389,3.32460661532602,9.0056593093567,0.782346355290487,1.55149559087385,0.248028939890333,4
"802","Cephalopholis_cruentata",37.5448747211052,0.266483570200616,10.16967992995,0.0775774076652262,3.8551067069099,0.0729357747015841,"Serranidae",37.9689121782974,3.4732421497605,9.08258077392549,0.816421921933481,1.53825146253788,0.258898763801814,4
"803","Aethaloperca_rogaa",37.6031217300165,0.276063601849158,10.1843451107188,0.0800411970692908,3.83696651600613,0.0757428701972444,"Serranidae",38.7139824277853,3.92268731856241,9.51890643652715,0.921852497256257,1.60126067860637,0.292595099570053,4
"804","Cephalopholis_cyanostigma",37.7244457661499,0.284685566804475,10.1934979664101,0.0821068392173044,3.80714632663679,0.0780592300274804,"Serranidae",37.8960942465189,3.31731517867016,9.04122784908867,0.781415729754079,1.57070696134594,0.247710027411251,4
"805","Cephalopholis_microprion",37.7824803908756,0.296903456197012,10.2064940802002,0.0852469181754796,3.78991811920007,0.0816118841199577,"Serranidae",36.532489046607,2.42477733150889,8.24609649568988,0.573519239588848,1.50184645711453,0.18101941945869,7
"806","Cephalopholis_boenak",37.7783729007279,0.304599291747855,10.2151213267153,0.087301938212337,3.7864183080593,0.0839616337673665,"Serranidae",37.172697858242,2.93695256614002,8.60769183252818,0.690193960674683,1.48863391779901,0.218474799984536,4
"807","Gracila_albomarginata",37.7171700605937,0.311554658182363,10.2238809657456,0.0892975219413018,3.79626141733246,0.0862293991668421,"Serranidae",38.0236097655349,3.44697637601279,9.11795693878389,0.811022672757808,1.56501293841377,0.257193859278066,4
"808","Pseudanthias_hiva",37.7704348965234,0.315773135250825,10.226199266531,0.0903054414617097,3.78326621719329,0.087366826036836,"Serranidae",32.9647308113251,1.54960838614784,6.3808109788617,0.337903959191693,1.31590628747548,0.103351804370149,7
"809","Cephalopholis_argus",37.7715294316711,0.318804531235883,10.2295220774056,0.0911087731743181,3.78105363123993,0.0882713938947918,"Serranidae",38.7713197236301,3.99347309877948,9.52976189120185,0.937939359638488,1.57493538606407,0.297553184890787,4
"810","Cephalopholis_fulva",37.7772453384234,0.319791464182462,10.2303639908406,0.0913607108641256,3.7795660619527,0.0885545569077996,"Serranidae",38.2517757845322,3.55508954292329,9.18850624089342,0.835710316340088,1.53939848079148,0.264693135096846,4
"811","Paranthias_furcifer",37.9376500095153,0.320153362288942,10.2211507775959,0.0911532917830786,3.75141443590991,0.0881800119880483,"Serranidae",38.5025405409859,2.03534703828358,8.22245470449229,0.499951270080083,1.24402432499384,0.14950606584227,8
"812","Paranthias_colonus",37.8777260842058,0.319501911679805,10.22552727651,0.0910857151378637,3.76361705672572,0.0881904213356995,"Serranidae",38.2167588528973,2.75405818178237,8.74271704402218,0.652196924530819,1.43397971229058,0.203273069184366,4
"813","Cephalopholis_spiloparaea",37.8841591623006,0.319526024505986,10.2252328298292,0.0910804050583205,3.76234643662098,0.0881773733453851,"Serranidae",37.0622431889795,2.67762383658391,8.51509462799202,0.632991189315795,1.52200428293027,0.199925310302076,4
"814","Cephalopholis_leopardus",37.8983610238419,0.319619963834383,10.2243135186891,0.0910789538397825,3.7598759295766,0.0881577232335196,"Serranidae",36.401669063304,2.24295264501657,8.10391186434174,0.53103929643118,1.4748374547789,0.166993719029454,7
"815","Cephalopholis_hemistiktos",37.8479511596737,0.319518241200992,10.2268103058404,0.0911461077473625,3.76823081002359,0.0882853142114568,"Serranidae",37.5190128429798,3.00206188367643,8.79354931840501,0.708326339131308,1.54738801830726,0.224152535617466,4
"816","Cephalopholis_sexmaculata",37.804596806005,0.31988329366207,10.2293222783005,0.0913268939499777,3.77441749808245,0.0885111573534159,"Serranidae",38.4911555755924,3.75117576739044,9.37055784804701,0.881749614038985,1.57900203816732,0.279683718106367,4
"817","Cephalopholis_miniata",37.8192069458419,0.319714301563278,10.2282937059554,0.0912526332457535,3.77224614956572,0.0884218953032471,"Serranidae",38.4289380296315,3.71940475978348,9.32368873463139,0.874196642050965,1.56360011812692,0.277199984643255,4
"818","Cephalopholis_sonnerati",37.7394410294064,0.321310124850382,10.2338286639199,0.0918561957818765,3.78760292579097,0.0891064349996245,"Serranidae",38.5902611953743,3.83946525783972,9.42854520568813,0.902307216205442,1.57794263167043,0.286218136449379,4
"819","Cephalopholis_nigripinnis",37.7333518679852,0.321563293531521,10.2344324016405,0.0919436653324156,3.78961223681484,0.0892016056804863,"Serranidae",36.576782196186,2.33933188623581,8.21170670766604,0.554449234589128,1.49220613354064,0.174604711314074,7
"820","Cephalopholis_urodeta",37.7295542346862,0.321695975988545,10.2345237413134,0.0919891210392734,3.79048995081125,0.0892508575857648,"Serranidae",36.364730893414,2.20583393672665,8.08224253568522,0.523610612221493,1.47836826607642,0.164653946410818,7
"821","Epinephelus_marginatus",37.7060031778521,0.326788539961683,10.2452289230896,0.0936470735511115,3.79111727457425,0.0907595774218949,"Serranidae",39.4507059988206,4.51928386417195,9.95379070339057,1.0604410583237,1.62099465760052,0.336813982988379,4
"822","Mycteroperca_fusca",37.6825654794849,0.336305756142541,10.2650463893705,0.0967482908695038,3.78899912894409,0.0934858612178508,"Serranidae",38.3523250530235,3.61042745375598,9.30311154723378,0.849757090157091,1.59799251644778,0.269535030845564,4
"823","Mycteroperca_acutirostris",37.6282562723863,0.356793780941636,10.2958202919034,0.10323431884818,3.78696368760773,0.0993586533442887,"Serranidae",38.4333857122656,3.67804965337708,9.35116854058532,0.865355997561328,1.59910487697027,0.274527795140638,4
"824","Trachypoma_macracanthus",37.5511329843942,0.38727182622169,10.3319940002924,0.112630327359306,3.79021517927812,0.108089305494315,"Serranidae",34.634413638053,1.57436212789423,7.21053587334387,0.382672444243084,1.45708383565607,0.11878805699469,7
"825","Mycteroperca_bonaci",37.4692546157096,0.435330196720745,10.3857352043898,0.127537550741697,3.78551919445737,0.121593987906338,"Serranidae",39.5624680802745,4.62823264210673,10.0226406284652,1.08577416251514,1.62089982298166,0.344888493368588,4
"826","Scorpaena_histrio",37.3361829847132,0.512116713499261,10.4595981149525,0.151106688198046,3.78133380873103,0.143037871741175,"Scorpaenidae",35.1267359936088,1.69156229759338,7.46568713581786,0.411402232351426,1.48253337748197,0.128174970965736,7
"827","Mycteroperca_tigris",37.2965032636871,0.584567935115292,10.534418796569,0.173440160070783,3.76092838130243,0.163079654481918,"Serranidae",38.9799206114519,4.15282834893509,9.6780486111355,0.975256192294155,1.60498238479866,0.309631909775049,4
"828","Mycteroperca_xenarcha",37.2834211375342,0.638536097851599,10.5860525861209,0.190044688619571,3.74138459713434,0.177967777111982,"Serranidae",39.5852066902342,4.6493520914425,10.0365207099133,1.09068892620556,1.62105841748986,0.346453346777906,4
"829","Mycteroperca_interstitialis",37.2902268453432,0.68420585736526,10.6293897638545,0.204179135497501,3.7230814026237,0.190495331510145,"Serranidae",38.7083567753562,3.92661613239258,9.51438331164205,0.922762520620567,1.59740052900872,0.292864496503558,4
"830","Alphestes_immaculatus",37.2921535471029,0.720765478172329,10.6656644243297,0.215351623821495,3.70847346471948,0.200594397261516,"Serranidae",35.2846912596547,1.646243156911,7.49325477926393,0.40689975716405,1.51257738932895,0.126085545799103,7
"831","Dermatolepis_dermatolepis",37.2624345748492,0.713723942801993,10.6580434757276,0.213003541305144,3.71571601451657,0.198749276854467,"Serranidae",37.8518439925915,3.20847253307323,9.00781374066806,0.757321398340337,1.58931129522613,0.239893910528678,4
"832","Serranus_tico",37.2470941136941,0.710336046594702,10.6517454889982,0.211984707696831,3.72252613998489,0.197805408654806,"Serranidae",32.1378366205237,1.7461222245469,6.04866779550448,0.342212502364066,1.24111104901629,0.102718234281286,7
"833","Pseudanthias_hypselosoma",37.230114967882,0.683903580717656,10.6246566533257,0.203690965900122,3.73788168979247,0.19062151665596,"Serranidae",34.3054821424911,1.53330386141166,7.04635585488866,0.370465733136793,1.44450834187949,0.11473569533255,7
"834","Epinephelus_polyphekadion",37.1969863032155,0.64302347182565,10.5826311775068,0.190836678773477,3.76024943904759,0.179510446134619,"Serranidae",36.7347216619619,2.3911765868443,8.34591493253696,0.571485381821894,1.56245246367349,0.179965449678192,7
"835","Anyperodon_leucogrammicus",37.1730345911778,0.601084237269402,10.5363068036136,0.1775000076172,3.78649521557481,0.168165355486245,"Serranidae",37.3400492032624,2.84449358234495,8.70529563691022,0.673697884440109,1.5675049720487,0.2130440092179,4
"836","Epinephelus_fuscoguttatus",37.1228663468629,0.552572086038589,10.4738974699539,0.16178144753229,3.81762033449146,0.155139454831518,"Serranidae",38.4434616028263,3.71330072190574,9.36317817818831,0.87355396570165,1.59478616180637,0.277130929029801,4
"837","Epinephelus_daemelii",37.0668114805352,0.510146998004476,10.4074157017751,0.147942670170177,3.85891316602974,0.143651822174393,"Serranidae",38.9077521587467,4.0562447356143,9.63111143608564,0.952973470756332,1.6116521535464,0.30251451772706,4
"838","Epinephelus_lanceolatus",37.0796834982635,0.509815423563247,10.4003422528289,0.147133297221942,3.85682189966452,0.143987109076457,"Serranidae",38.8633962488361,4.03809698401381,9.60959248865211,0.948773789091598,1.60834058812433,0.301164245832835,4
"839","Epinephelus_tukula",37.0591467898071,0.495336845753673,10.367138953024,0.141912133635178,3.87483413611318,0.140304746894843,"Serranidae",38.6575809054453,3.85098182187698,9.48349338001145,0.90544929727668,1.60652812119222,0.287327164086325,4
"840","Epinephelus_malabaricus",37.0439083351898,0.487664950814191,10.3435930943399,0.139091012557983,3.89178433082935,0.138330009294564,"Serranidae",38.3881444423835,3.66379273016856,9.33233423860813,0.862173448485035,1.59658025235698,0.273471863089261,4
"841","Epinephelus_coioides",37.0275846244752,0.480053020036476,10.3313363604593,0.136684543522852,3.90182388755558,0.136158712779802,"Serranidae",37.6418593811936,3.05816435943991,8.88612704422131,0.72287402909029,1.58226165863559,0.228820421165899,4
"842","Cromileptes_altivelis",37.0404933992319,0.485463609525449,10.3334714290289,0.13814023526832,3.89752839272095,0.137825849603059,"Serranidae",36.6443872177811,2.32063745366418,8.29213105952264,0.555889725801173,1.56559272031013,0.174886034211745,7
"843","Epinephelus_ongus",37.053664149152,0.49194281636562,10.338387182473,0.140038935621176,3.89161226488408,0.13974521550753,"Serranidae",35.4910655213117,1.71341467235133,7.61170557706231,0.423609243789205,1.53680504280746,0.131323097045196,7
"844","Epinephelus_corallicola",37.0505781490155,0.487644155760742,10.3333118788999,0.13871803584778,3.89496699735659,0.138515364673682,"Serranidae",35.7663294179806,1.82409636016289,7.77307566565504,0.447083871020556,1.54489126565912,0.139159303443576,7
"845","Epinephelus_coeruleopunctatus",37.0373597401257,0.482975787032256,10.3276803269951,0.137300846470443,3.90094302694456,0.137146864221798,"Serranidae",36.3890816640679,2.16852360204843,8.14214278537946,0.521877127008551,1.55508218025204,0.163806088076485,7
"846","Epinephelus_tauvina",37.0430103315607,0.491703933170881,10.3310677557679,0.139723991524333,3.89809783927328,0.139767070741029,"Serranidae",37.7957252370651,3.15579425465418,8.97270777076907,0.745276007725772,1.58989329693878,0.236026888835347,4
"847","Epinephelus_fasciatus",37.0090374504961,0.480960717026771,10.317442445621,0.136456126151771,3.91261048482815,0.136614963484502,"Serranidae",35.4060654725941,1.68537314137911,7.56348780294125,0.417053958824262,1.52755842247003,0.129231989544556,7
"848","Epinephelus_merra",36.9345627668012,0.464854964193237,10.2874116308377,0.131239799636771,3.94476633362037,0.131928432381515,"Serranidae",35.1061456675762,1.59347010774308,7.38377337341547,0.3976432176314,1.51459193577453,0.122713200157672,7
"849","Epinephelus_rivulatus",36.8774033296129,0.466257816309944,10.2672153222149,0.13100114735429,3.96807503097854,0.13243036146631,"Serranidae",35.7496643323272,1.82526703027205,7.76552040376776,0.446480652689439,1.53625540016077,0.139093086901731,7
"850","Cephalopholis_taeniops",36.7729365397794,0.461952709541311,10.2274782837122,0.128831320200529,4.00919199343675,0.131156336221926,"Serranidae",37.5740189758114,3.08344340448193,8.86517858021505,0.728252257615376,1.57163297938286,0.230642156156198,4
"851","Epinephelus_howlandi",36.7265943527218,0.493518812216283,10.2070182309988,0.137195365373111,4.0253669046164,0.140481733069833,"Serranidae",36.8740432529526,2.51541452330408,8.43300173630781,0.598827671101499,1.55726681358172,0.188924979854638,7
"852","Epinephelus_morio",36.5702337202024,0.485189002614014,10.1429046842492,0.133644932695633,4.09431099262726,0.137582825586955,"Serranidae",38.2225306746347,3.50484136231729,9.22793846105532,0.825497418095648,1.59673682915492,0.261748523472385,4
"853","Epinephelus_guttatus",36.7046081375481,0.585763717042315,10.2082176031253,0.163448227045319,4.0147825783685,0.167610714543836,"Serranidae",36.6181840346483,2.3201567111132,8.28149717863724,0.555623807808272,1.56100135501749,0.174826431702139,7
"854","Epinephelus_clippertonensis",36.7790222943656,0.654637436461973,10.2530948689074,0.183746769335886,3.9697857207012,0.187938832491804,"Serranidae",36.0675712285674,1.97685557052494,7.95310344030355,0.480035041828182,1.55262521252055,0.150068282204776,7
"855","Epinephelus_labriformis",36.8679787636379,0.697056795885766,10.2948231300531,0.196427330503074,3.92585474865929,0.200445832946917,"Serranidae",36.0358957830611,1.96002990687389,7.93444642026808,0.476376555320171,1.55186062088867,0.148862550875651,7
"856","Epinephelus_adscensionis",36.8476447723061,0.710994168651319,10.2939149999334,0.200364453291606,3.92949218669057,0.204485007333163,"Serranidae",36.131134800476,2.01460614481672,7.99022630177534,0.48803965129207,1.55026859624065,0.152727345227132,7
"857","Epinephelus_quoyanus",36.8441863078336,0.648714413307525,10.2875300349807,0.182494266348893,3.93849498798209,0.186284426874699,"Serranidae",35.4115909230971,1.69283753560217,7.57046846578026,0.419609469251158,1.53732937326078,0.129941755461804,7
"858","Epinephelus_maculatus",36.8367726611321,0.600759705229745,10.2820137424179,0.16877913908005,3.94785225284691,0.172205002729738,"Serranidae",36.070718885221,1.97480558252105,7.95364498976713,0.479733725894821,1.55425306627686,0.149944159635813,7
"859","Epinephelus_multinotatus",36.8569804562286,0.618099432217298,10.2953224293194,0.173913739567817,3.93530481096919,0.177301025379959,"Serranidae",37.1993150487695,2.71210146712156,8.62235147721903,0.644054545294732,1.57683012884031,0.203440687841543,7
"860","Epinephelus_cyanopodus",36.8597204069485,0.603408827224403,10.2924599735777,0.169720837043979,3.93702725226688,0.172992189499539,"Serranidae",37.6224788780362,3.0331046200643,8.87358633142285,0.717178559996967,1.5848394040772,0.226990958116127,4
"861","Mycteroperca_olfax",36.8529406075061,0.556671781962615,10.2825810396693,0.15649138593826,3.94924679068238,0.159215873052371,"Serranidae",38.4427242459187,3.7583507412129,9.3748903274686,0.883965488031501,1.59024683564334,0.280441958377365,4
"862","Taenianotus_triacanthus",36.8633816489733,0.539489093762841,10.2756576720033,0.15161230397198,3.95400472965198,0.154117272515096,"Scorpaenidae",33.9201898675349,1.53894977338557,6.79310778781567,0.381145443982091,1.46208918420861,0.117244452169603,7
"863","Sebastapistes_tinkhami",36.8987348543635,0.516955665546841,10.2674266788053,0.145452908602162,3.95143123252308,0.147433889895078,"Scorpaenidae",34.0333666586425,1.54464375693673,6.82314522385707,0.386110902970897,1.47261469396723,0.118651167528955,7
"864","Pseudanthias_regalis",37.0199158109374,0.45961815308159,10.2484014310225,0.129973152236125,3.93584979672664,0.130178179551235,"Serranidae",32.7114086457765,1.62382516897937,6.23446967709983,0.33776762614023,1.27733628113746,0.102548387014454,7
"865","Epinephelus_macrospilos",37.1522967431685,0.41113293427598,10.2245587485783,0.116839220729661,3.91757756498071,0.115345321368436,"Serranidae",35.5228689950605,1.76593841691014,7.65201310986078,0.431898450028019,1.50903679985236,0.134501442819166,7
"866","Scorpaena_plumieri",37.3752793587259,0.358836764480654,10.1860599101193,0.102448395943472,3.88319928534128,0.0981056644622169,"Scorpaenidae",36.9065330549661,2.64254683757323,8.48467415994963,0.626996943724343,1.54504680633224,0.198156787536268,7
"867","Scorpaena_mystes",37.5990790118529,0.357154898251653,10.1722385448221,0.101383326589537,3.83724458133803,0.0951326655204186,"Scorpaenidae",36.4502219180334,2.23619614085086,8.19224978176407,0.536585439146993,1.55484335892906,0.168687064586068,7
"868","Pseudanthias_tuka",37.8037617215416,0.38657462858192,10.161131366381,0.108641488779843,3.79080569148183,0.101900632676097,"Serranidae",33.3744809551915,1.50608072354695,6.56147640217014,0.340848204714608,1.34983311806228,0.104726103245911,7
"869","Scorpaenopsis_diabolus",37.9573486235546,0.418945174610073,10.1398532566042,0.116698401255711,3.76695291374367,0.110494670944015,"Scorpaenidae",35.6454838828545,1.80217356095301,7.72192159799926,0.441662391149767,1.53828359896845,0.137512258476724,7
"870","Scorpaena_cardinalis",38.0388603997926,0.438702784288615,10.1369743723431,0.121765049782901,3.7542685745244,0.115889756643795,"Scorpaenidae",34.7897446392509,1.57436715926632,7.25850219432777,0.39093327116772,1.50138024774947,0.120800477829998,7
"871","Scorpaenopsis_possi",38.0843709932295,0.453924458844667,10.1347921672429,0.125761622809349,3.74433166512334,0.120031318282554,"Scorpaenidae",35.0577924014665,1.64739244194547,7.42178937815225,0.404703951145457,1.50333036457757,0.125687933063594,7
"872","Epinephelus_hexagonatus",38.106650029625,0.460133488929783,10.1354096932446,0.127385956398937,3.73945993057643,0.121731670075657,"Serranidae",36.3804882922072,2.72777282648097,8.2651569409971,0.637610801490072,1.44775088152,0.202052419508947,4
"873","Pseudanthias_ignitus",38.1191207361909,0.464537176793916,10.1368967698094,0.128569279682954,3.73583730365753,0.122904581737819,"Serranidae",32.6850236046922,1.64987130180895,6.25779177825367,0.33856264485386,1.27732614180172,0.102627887771991,7
"874","Scorpaenopsis_oxycephala",38.1500839101486,0.475442629729607,10.1403198387745,0.131501877466898,3.72663021726365,0.12581056865807,"Scorpaenidae",36.8632364260359,2.66019945894344,8.4708822607294,0.630453885937393,1.53485611488366,0.199347190161806,7
"875","Epinephelus_irroratus",38.2122273528013,0.496751002462917,10.1475067567732,0.137240175125328,3.7099018652824,0.131493641765029,"Serranidae",35.9043892060853,1.98106091415138,7.89454320518668,0.478430426343434,1.52952034179052,0.14995730126599,7
"876","Pterois_volitans",38.3830763935763,0.554278631750748,10.1649310084891,0.152777434255015,3.66403093304675,0.146863021528955,"Scorpaenidae",34.9508304657535,1.57660320410786,7.31184029128945,0.395479735340859,1.5150017377418,0.121748179076539,7
"877","Pterois_miles",38.5576966180968,0.618906717140126,10.1843809295599,0.170292081053767,3.61502938904711,0.164162367257804,"Scorpaenidae",34.9600181194529,1.58506924469342,7.31123552654937,0.398222165846171,1.52400781181705,0.12252063640553,7
"878","Epinephelus_bilobatus",38.8093416422889,0.708357623842082,10.2149969236375,0.19460582031007,3.54709458137729,0.188143234854225,"Serranidae",35.732246534022,1.90809634595062,7.80308859335465,0.461861571969757,1.52387164027474,0.144591460874837,7
"879","Pseudanthias_taeniatus",39.0606481664562,0.794917873210089,10.240346692957,0.218188535316368,3.47918050340585,0.211375556492592,"Serranidae",33.5266086914104,1.50211944349201,6.65415932669848,0.345289418385471,1.36951259325344,0.106368775424862,7
"880","Dendrochirus_zebra",39.2331182976086,0.861989850693363,10.2620376752993,0.236488061499453,3.43043240353296,0.229389320640373,"Scorpaenidae",34.6482333398162,1.56644405458793,7.13206549728046,0.396016658015965,1.51872310553158,0.121493454194842,7
"881","Pterois_radiata",39.1878847062569,0.844801389713484,10.2568005597466,0.231796641553303,3.44288880843636,0.224772144700769,"Scorpaenidae",34.5065528405847,1.53854351316419,7.06351924206735,0.388129794355166,1.49980099438873,0.119145360733074,7
"882","Pterois_antennata",38.9257706528915,0.746068802574476,10.2304007691083,0.204879868536278,3.51623526004004,0.198287046448618,"Scorpaenidae",34.4416259943071,1.56295503419913,7.02214859137227,0.395117954496549,1.50865857930055,0.12118708891096,7
"883","Serranus_flaviventris",38.6133819950569,0.63110615021956,10.1971091440869,0.17360783666416,3.60220670078367,0.167504073154309,"Serranidae",32.7332504548047,1.6223104370896,6.257716128626,0.339386315756966,1.28589153292705,0.103168346113096,7
"884","Epinephelus_spilotoceps",38.1201743272371,0.442718238930925,10.1580265643545,0.122621519294622,3.73858952369176,0.117321449157966,"Serranidae",35.9628364578833,2.03895672292842,7.93734886838471,0.490493766777178,1.5262252721511,0.153999979829607,7
"885","Pseudanthias_pictilis",37.8089635763497,0.298702867917005,10.1718695370983,0.0839656480995454,3.82836324978088,0.0797353032665181,"Serranidae",33.6787915617462,1.50404854635726,6.72002247230318,0.350038670370923,1.38762982994837,0.107902078670388,7
"886","Fistularia_commersonii",37.5281443477699,0.226438856931269,10.2261717318005,0.0662725924907657,3.92391884191983,0.062967839732178,"Fistulariidae",39.1178956584775,4.56904264050313,9.84075536598617,1.07176936892086,1.57955053556558,0.34052879709653,4
"887","Fistularia_tabacaria",36.3735756984956,1.19368638928889,10.0890921304253,0.348314452405832,4.40853524532741,0.328993669144824,"Fistulariidae",39.2122894462028,4.66265071414791,9.89669324468348,1.09383760689864,1.57618472519172,0.347449519985796,4
"888","Mulloidichthys_vanicolensis",36.6358471154026,1.00876958732302,10.1618808678268,0.294746411319565,4.30390753472143,0.278524051907825,"Mullidae",32.177192930555,1.83417218134905,6.39007486912893,0.374114374022485,1.28033928290849,0.114725578571597,7
"889","Upeneus_tragula",38.4950408201192,0.714295866373408,10.7753801890438,0.201256864042045,3.61750570624304,0.188981924994387,"Mullidae",30.6340704147047,2.09404859287641,5.7000892258653,0.373534101112961,1.18851740092871,0.10948776003478,7
"890","Parupeneus_porphyreus",38.5410933979866,0.829237268814933,10.7786731426556,0.234257528357392,3.57931741914117,0.219541295748331,"Mullidae",33.5290232895011,1.54889346690212,6.84055589311957,0.363330572351309,1.36601958280514,0.112555555837081,7
"891","Mulloidichthys_flavolineatus",38.5168140846009,0.708408284397848,10.801564595163,0.199757037675156,3.63028051432067,0.18753078625157,"Mullidae",28.1121787658976,2.08514146968824,4.55980226615104,0.522412975773863,0.761613160822293,0.153067053413788,6
"892","Mulloidichthys_martinicus",38.5023322212853,0.547737830301383,10.8474321086865,0.154210782251627,3.72009508093088,0.145156617366178,"Mullidae",28.2067221727082,2.07245707025847,4.60292042224413,0.519684382046979,0.771258018395719,0.152276840124789,6
"893","Mulloidichthys_dentatus",38.5568627331185,0.489747500225602,10.9147274905142,0.138571541904319,3.80208921147294,0.129854769360394,"Mullidae",31.7368563756439,1.8116566806249,6.16691829715872,0.358928178936721,1.26129271922969,0.108706891797275,7
"894","Parupeneus_chrysopleuron",38.5702344032773,0.506006030200676,10.9583724373031,0.143829219337312,3.84736360915179,0.134024660155842,"Mullidae",33.7022687957539,1.71468451149541,7.01249080077357,0.404757539123091,1.34142348314296,0.125993361413911,7
"895","Pseudupeneus_maculatus",38.5478184069749,0.469191140954105,10.9191014950615,0.131908598001671,3.81347354209937,0.124945328433106,"Mullidae",32.3664905410453,1.58778510842209,6.30556256663129,0.340904805676717,1.30760079648355,0.104046449379973,7
"896","Pseudupeneus_grandisquamis",38.4752661395417,0.430934327141808,10.8369100235369,0.118960623875798,3.73593987726621,0.11608506329601,"Mullidae",32.3886537007584,1.67975533355531,6.35990755800891,0.355141235032207,1.32815600074738,0.108622128697531,7
"897","Parupeneus_crassilabris",38.4535962477883,0.434635816671735,10.8001148491731,0.119452127178107,3.69531681257753,0.117671916288234,"Mullidae",32.4626517324831,1.64144727994316,6.45729612840816,0.355391256600442,1.29283114623284,0.109217704956167,7
"898","Mulloidichthys_mimicus",38.4294315275301,0.451553386145265,10.7726780525908,0.124035106915291,3.6578627414282,0.122854485549309,"Mullidae",31.6157767374576,1.85147013957553,6.11275865272579,0.361375983619547,1.26110264420851,0.10907054535049,7
"899","Parupeneus_forsskali",38.4355447145513,0.461957916083213,10.7722114024236,0.126916240995233,3.64610864625368,0.126106466483103,"Mullidae",28.3851192990568,1.8241542182836,4.70803044503034,0.431626197171866,0.840103275266638,0.12542927003627,6
"900","Parupeneus_pleurostigma",38.4425914058637,0.472493394974936,10.7712723698991,0.129875337762731,3.63577101924904,0.129385832675875,"Mullidae",31.9722816981039,1.73582271930057,6.25299438640613,0.354449430820755,1.27430856475154,0.107909397125605,7
"901","Parupeneus_heptacanthus",38.444473631742,0.478275398830349,10.772013128498,0.131515118709978,3.62984327309966,0.13117354293642,"Mullidae",32.3163730386884,1.66910311632341,6.3957294238879,0.354599313874238,1.28933305787813,0.108710124839126,7
"902","Parupeneus_barberinoides",38.4556259667703,0.493556915481178,10.7704930202773,0.135887257298829,3.61530836932393,0.135865928332173,"Mullidae",31.5476502502586,1.82051669235921,6.07622452555158,0.356217019608493,1.2522157613547,0.107339245594265,7
"903","Parupeneus_indicus",38.4744334523428,0.520377405917911,10.7626545186999,0.143660494771082,3.59819572470151,0.144162641074566,"Mullidae",33.45601755727,1.74108707835927,6.88279647586204,0.388855019363068,1.38364882881306,0.121226412892859,7
"904","Parupeneus_cyclostomus",38.5140693297343,0.573437200041908,10.7734371442912,0.159161536661811,3.55812398017107,0.159775308200321,"Mullidae",33.3498549285847,2.02383668308778,6.95519909924126,0.441727150190257,1.32322548714949,0.138494178851773,7
"905","Parupeneus_trifasciatus",38.5164550758217,0.584901481022008,10.7794293727011,0.162522419641561,3.5488283831019,0.163035355509893,"Mullidae",31.8908526070814,1.81940454352529,6.2000692794346,0.360988014405981,1.28326175473171,0.109483050534093,7
"906","Parupeneus_insularis",38.5148783795045,0.581326373437526,10.7324428182488,0.161616368458685,3.55845491760372,0.162938389464796,"Mullidae",31.1269286847253,2.0497816521422,5.91261504624042,0.378461915140747,1.24572896757305,0.112595904761093,7
"907","Parupeneus_multifasciatus",38.5182752118916,0.603758952184943,10.7876401243789,0.168065338550582,3.53810585583752,0.168484595685382,"Mullidae",28.5651069354421,2.99478583355018,5.05361282544925,0.478903102648718,1.05188399288043,0.133503999525426,7
"908","Parupeneus_macronemus",38.5521783026098,0.64660953190091,10.6392441417402,0.181687072022238,3.54222752042601,0.183557073578086,"Mullidae",28.0371561140183,3.29336629827017,4.91758968344447,0.522026751906166,1.00762211913445,0.144662781039145,5
"909","Parupeneus_barberinus",38.536348766567,0.77794210165567,11.0422420444045,0.221116720159497,3.40990783425803,0.212446561563011,"Mullidae",31.4300881448382,2.45230405115317,6.28163082842367,0.467348274681498,1.20266322165898,0.142639350040969,7
"910","Parupeneus_ciliatus",38.5718726340049,0.735263165506659,10.8329275554241,0.206878309797031,3.45539261826742,0.206052684433269,"Mullidae",32.7429003481764,1.65317435254928,6.51458225852499,0.358082956442117,1.34590004345988,0.110209124195761,7
"911","Parupeneus_spilurus",38.5251709669962,0.773962554633788,11.0555469447216,0.220166137742411,3.41187450526658,0.210791153315003,"Mullidae",33.6010131781284,1.63833167859252,6.89561926728354,0.376201234436154,1.38900477496526,0.117042571025657,7
"912","Scorpaenopsis_papuensis",38.5079291387054,0.687712317809509,10.9156840003859,0.193902719151775,3.46965763445591,0.189487244251191,"Scorpaenidae",34.9488036857871,1.68762645449881,7.39974508893159,0.406654551422061,1.46879212067232,0.126873004751603,7
"913","Bothus_ocellatus",38.9515476254315,1.16302969600837,12.2003279339879,0.321332432616796,2.37864340230936,0.317786440654091,"Bothidae",34.8426111509671,1.66845904106533,7.3118067894598,0.392413442831031,1.41414705473501,0.122474034059959,7
"914","Bothus_mancus",39.0437489235855,1.23294220822934,12.326139051442,0.340434038535512,2.27821114350275,0.336887395317835,"Bothidae",38.3343133899205,3.7817417221392,9.32992347502744,0.888559906307651,1.56878846010591,0.282065913405421,4
"915","Mugil_cephalus",38.3211795687232,0.560181321575296,9.88664031747029,0.171406761631879,3.96032379756401,0.163159395257257,"Mugilidae",28.7469146393166,1.41793512725317,3.94966396112755,0.34664248196402,0.558546525562409,0.10418743494521,2
"916","Mugil_curema",38.3211795687232,0.560181321575296,9.88664031747029,0.171406761631879,3.96032379756401,0.163159395257257,"Mugilidae",28.0721252430342,1.42812314238083,3.56452911450696,0.348074676396061,0.491711863898231,0.104932090130476,2
"917","Neomyxus_leuciscus",38.364896713685,0.58141137791425,9.87166445126848,0.177917419681117,3.96030851780159,0.169327867484231,"Mugilidae",27.8728911116882,1.43321546080981,3.44797528608269,0.348554384890489,0.472960396693143,0.105257413368266,2
"918","Ellochelon_vaigiensis",38.464530887376,0.626806095469011,9.8404431242966,0.191833252609012,3.95844037303891,0.18250964031099,"Mugilidae",28.5014870503442,1.40184933905286,3.81107418421754,0.342198596710141,0.538063054812684,0.102851648506015,2
"919","Crenimugil_crenilabis",38.8952174645745,0.848274556664793,9.69135845212365,0.259656387974398,3.95108526647236,0.246723191486733,"Mugilidae",27.9032496005882,1.43320572437444,3.46990499736629,0.348611315400046,0.476338754868902,0.105213788433011,2
"920","Mugil_galapagensis",38.9673986046245,0.88626699587465,9.66611766313457,0.271283999801239,3.95074559967708,0.25772874586132,"Mugilidae",27.9873451205612,1.4154048082433,3.52199214376472,0.34397665106182,0.488731743441562,0.103644352681154,2
"921","Parma_microlepis",36.7178538645986,0.319451736944621,9.4166199642856,0.0979512163105442,4.64239288118545,0.0874737222647202,"Pomacentridae",32.6318140716906,1.53124972489582,5.35407527728185,0.339671734410917,0.730269727491002,0.0971024928925693,8
"922","Microspathodon_chrysurus",36.8829775845467,0.389383320645592,9.27675687596178,0.119147356211521,4.72128867917121,0.106807786024936,"Pomacentridae",27.968182423961,1.40170521946205,3.46529904022602,0.339508938022998,0.472995795359102,0.102442122097397,2
"923","Microspathodon_dorsalis",36.9803228478407,0.451391313778652,9.20799898348772,0.137796546582725,4.78342646118904,0.122394872954344,"Pomacentridae",28.0414144340247,1.40270525030005,3.52948156632611,0.340910320581517,0.486616640333966,0.102801381295928,2
"924","Microspathodon_frontatus",37.1296355320813,0.551728662607675,9.15210251250893,0.171906088606389,4.87182737984075,0.148933501974936,"Pomacentridae",27.8965880515922,1.41137067027093,3.42762135019955,0.341406119351077,0.464984861144118,0.102941301395366,2
"925","Microspathodon_bairdii",37.163727055556,0.576499639379075,9.13745744318962,0.180163912496003,4.89059164549632,0.155519312356264,"Pomacentridae",27.961273080818,1.40982025443828,3.47954548353446,0.342035526460623,0.477008376750713,0.10312758346286,2
"926","Abudefduf_luridus",37.1506642351807,0.566461096091696,9.13571981454686,0.176612728020626,4.87916838932991,0.153145264401388,"Pomacentridae",28.8020606424891,1.30890868103656,3.77570876560511,0.314603683574667,0.508246898838761,0.0935318310323499,2
"927","Chromis_flavaxilla",37.1047255189859,0.510709956112657,9.15647300503096,0.157590023775906,4.82627083842156,0.139324415743001,"Pomacentridae",36.4007641123366,1.80442317634735,6.39733119195622,0.470944912700785,0.778133336802073,0.139653254261041,8
"928","Plectroglyphidodon_flaviventris",37.151278731327,0.48169696599055,9.11826321596355,0.146067127204672,4.78337855250126,0.133676774768876,"Pomacentridae",36.2619451623703,1.76915375189135,6.34188709690051,0.462473767618328,0.77182479078728,0.137030348499325,8
"929","Stegastes_insularis",37.2502389066599,0.498007248235292,9.09089906550076,0.147624011451106,4.78655846141575,0.137513957057869,"Pomacentridae",35.1516054407058,1.59510287089059,5.98258960175612,0.413087620294964,0.741896859207022,0.121601623766611,8
"930","Similiparma_hermani",37.2770204672374,0.512024326330547,9.04923376205581,0.147726633158402,4.75648224601418,0.141855587101633,"Pomacentridae",28.8040702188344,1.3078828295408,3.77995832990096,0.314687081627288,0.509898469624568,0.0935871846550523,2
"931","Chromis_lineata",37.1965960123257,0.504678940549984,9.05092689159689,0.145966013858196,4.72597170876485,0.140787078753015,"Pomacentridae",35.8528934765592,1.73752693456688,6.22160095183631,0.449222437135597,0.762684718220699,0.132936159904895,8
"932","Plectroglyphidodon_johnstonianus",37.0341191190294,0.494386417802973,9.08630404338446,0.143158300202027,4.6740243668971,0.138093432857345,"Pomacentridae",34.9444444415483,1.36888842350997,5.82886630344246,0.308280123030555,0.835680071340586,0.0903840989832787,3
"933","Plectroglyphidodon_dickii",36.8633151537473,0.493621486419314,9.15350455909078,0.142902451355017,4.62553616143304,0.137553042633006,"Pomacentridae",28.1544266773996,1.35283449799242,3.51981669827995,0.323374295373228,0.479354530016455,0.0973777160224716,2
"934","Chromis_dasygenys",36.6897226565546,0.495840467995841,9.18164252608652,0.144310337650464,4.59942202965556,0.137684665478723,"Pomacentridae",35.0871230581423,1.60393881636307,5.99694543230901,0.411141301006306,0.751421191778422,0.120915003566655,8
"935","Stegastes_apicalis",36.5796347337585,0.510047177010419,9.20151842195201,0.148855195788937,4.58008008953261,0.140893272886523,"Pomacentridae",29.7471545671996,1.62941530393237,4.43091960030023,0.305492516411995,0.645546794938621,0.0846092863989783,2
"936","Stegastes_obreptus",36.5802150943821,0.507151876565446,9.21121390110007,0.148020859322683,4.57797444238283,0.14026230862229,"Pomacentridae",29.7650342556735,1.74997568158024,4.40159826436326,0.323112631244107,0.629114531653772,0.0890128864275469,2
"937","Stegastes_gascoynei",36.7996573397799,0.492408020009211,9.21566003152454,0.14400044608437,4.61177023873142,0.136643012801316,"Pomacentridae",27.9876230423787,1.36310219878899,3.5074227864783,0.323646858320889,0.484648383685394,0.0969986598058724,2
"938","Stegastes_fasciolatus",36.9215267066922,0.474116794282132,9.18809008922572,0.140127518730463,4.66361054597275,0.131929858968289,"Pomacentridae",27.955282989833,1.37708724227583,3.46704583866594,0.330815055780955,0.476271346110207,0.0996689753682578,2
"939","Parma_oligolepis",36.9517592599438,0.46880042279828,9.18414081137271,0.139763162271822,4.69548126855726,0.130141479329089,"Pomacentridae",28.4440278968262,1.32092808333762,3.73678154905268,0.304954736460509,0.523283133012217,0.090165366334182,2
"940","Stegastes_lividus",36.9992602311791,0.484002680133818,9.16520295761383,0.147411427830567,4.76515248768385,0.133295959698688,"Pomacentridae",27.6515523787497,1.46192965767171,3.30746248041977,0.354395256294261,0.443292234783816,0.107147456667648,2
"941","Stegastes_albifasciatus",37.0781449274317,0.502532854969307,9.16138712624948,0.154536624589991,4.80417231083344,0.137684979234932,"Pomacentridae",27.7056639036463,1.44268374654752,3.33825070505577,0.349319320071237,0.450419932961806,0.105594221141542,2
"942","Stegastes_nigricans",37.0783095226283,0.494159576378563,9.16522473404765,0.151690420480604,4.79693737820028,0.135468349672513,"Pomacentridae",27.6753054430539,1.44422485799734,3.32876698068725,0.349606121252299,0.449855157436872,0.105701129804307,2
"943","Abudefduf_conformis",37.1403705760736,0.509023334135636,9.15505954747356,0.156217939599211,4.82201894998967,0.138934143864877,"Pomacentridae",35.7282455069806,1.69103983909712,6.2285223508428,0.43642142974838,0.777878659698598,0.128722793220082,8
"944","Plectroglyphidodon_lacrymatus",37.1383285195959,0.494291969685134,9.11686512533649,0.151454348015488,4.80951094338789,0.136443964976768,"Pomacentridae",27.7299744876753,1.42846668712994,3.3508673070069,0.345098028681954,0.452523807098034,0.104240031772096,2
"945","Chromis_hypsilepis",37.1618936841097,0.49270585070213,9.11212235915795,0.148423639866658,4.7969092000221,0.135386542775365,"Pomacentridae",35.2616527727792,1.56436058098632,6.0946598852881,0.402938605473412,0.774374677370897,0.118238842373056,8
"946","Chromis_verater",37.1355873264211,0.487936318313674,9.07882066206918,0.144774772444149,4.78401759330586,0.134655715102212,"Pomacentridae",38.674321517272,2.08628714380803,7.26550010000674,0.549075368107025,0.897853201092624,0.164020137470957,8
"947","Lepidozygus_tapeinosoma",37.105941856007,0.484595168612097,9.08386997117889,0.141253154153631,4.74639794528929,0.13393160246258,"Pomacentridae",28.14340373848,1.38110649743883,3.50829077093721,0.332910344914719,0.469786228630739,0.0998473900569544,2
"948","Chromis_crusma",37.0328415242322,0.476977705161581,9.0724678887333,0.139497528215807,4.72125671652156,0.132950817595308,"Pomacentridae",35.2836891797196,1.5909169905451,6.07179799886963,0.41043347993341,0.764422560243349,0.120727385614406,8
"949","Chrysiptera_notialis",36.9559878973943,0.472998858734018,9.10145670998974,0.137789986343491,4.69323179583427,0.13176059865972,"Pomacentridae",35.4393648410483,1.64985598874366,6.08000305824965,0.426244638584867,0.750934991868077,0.125820857232326,8
"950","Stegastes_imbricatus",36.8888090423812,0.473957675705604,9.09657423111056,0.138274793698967,4.67921383687417,0.13223397542586,"Pomacentridae",27.5276775746073,1.42944791035555,3.30692108461968,0.341978709877518,0.44970068446552,0.102978616339214,2
"951","Stegastes_planifrons",36.8072640419372,0.474260242995263,9.12857240349653,0.138148046864759,4.65507451119374,0.132100683205657,"Pomacentridae",27.6083920036957,1.41783926364028,3.3406472121041,0.339722571727811,0.456689159819735,0.102353899770089,2
"952","Nexilosus_latifrons",36.8126517177239,0.473268015182678,9.14418283558499,0.138064702522111,4.63935117873589,0.131872105148114,"Pomacentridae",34.0700387810338,1.28704366095882,5.87474030188097,0.327387894166417,0.795508464513714,0.093853934316353,8
"953","Stegastes_partitus",36.7876816933044,0.467804271198129,9.14929145203042,0.136746999403399,4.63615331481398,0.130482162667713,"Pomacentridae",27.6600585328882,1.4138743879193,3.35598732851169,0.337811689181032,0.4556095007628,0.101552189045078,2
"954","Chromis_elerae",36.7142281231399,0.448132796573248,9.20809641558005,0.13172368195386,4.61763485097113,0.125142566526387,"Pomacentridae",35.9964667726411,1.73294686519956,6.25248526547009,0.452162742047669,0.762679818611985,0.133793545322668,8
"955","Stegastes_flavilatus",36.7392336583905,0.414517760748682,9.28900920220908,0.123053813479556,4.58567235772571,0.116152521142161,"Pomacentridae",27.5020494367178,1.41843457720263,3.33582020522581,0.332028038001671,0.459060436561488,0.099355247364496,2
"956","Stegastes_leucostictus",36.7386752925389,0.390702809278564,9.36011009581166,0.117397044307077,4.56047948364513,0.109628107202621,"Pomacentridae",25.8701137429339,3.37512724495109,3.38924117816877,0.519724756812262,0.565066298803242,0.134414335027469,5
"957","Stegastes_arcifrons",36.7336247346413,0.371751369947851,9.4360694656407,0.112706008003895,4.54884436278365,0.10403139479415,"Pomacentridae",35.363418515616,1.56602995533375,6.06875447128474,0.406626302235122,0.759732562789301,0.119763388929546,8
"958","Stegastes_variabilis",36.700069906905,0.362472084469821,9.51015114392372,0.110392220878796,4.49498157696059,0.101884434058626,"Pomacentridae",27.4768759828761,1.41510356186196,3.33844788766706,0.330677237806538,0.463850410729854,0.0990357374805676,2
"959","Stegastes_diencaeus",36.7866389928871,0.362254327587284,9.63356933781542,0.109452996527118,4.45545670931975,0.100669476944152,"Pomacentridae",27.4869857318176,1.41754887946544,3.32396897677017,0.33537507131299,0.45893350129706,0.100743132023789,2
"960","Stegastes_fuscus",36.822530121487,0.391043353363572,9.72846440998431,0.116771228759031,4.42199374861723,0.107072252038805,"Pomacentridae",27.5096687931325,1.41304797917908,3.33527700064584,0.333825094909798,0.46112091066123,0.100232444720906,2
"961","Stegastes_leucorus",36.8427852464353,0.418786877495277,9.79371155068582,0.124096463889388,4.38432155994451,0.114138885424597,"Pomacentridae",35.8766791942125,1.63952637097849,6.25969571490714,0.426769287813342,0.782982303594227,0.126011622743174,8
"962","Stegastes_adustus",36.8462130247369,0.46344180105248,9.89762901868594,0.135763337285398,4.33102068204971,0.125173590252453,"Pomacentridae",27.5012931559066,1.41636271182559,3.33457685945601,0.336136586429626,0.461895191224399,0.101036990491209,2
"963","Abudefduf_concolor",36.8980997727959,0.51021140672811,9.9667668440705,0.148341509555165,4.2942724522104,0.136935294350165,"Pomacentridae",29.1850395540823,1.26943159169435,3.91152877248708,0.306198560286076,0.527585801291049,0.0909278826066252,2
"964","Pomacentrus_callainus",36.9515932412766,0.556593648500239,10.0351397064644,0.160874254628768,4.25998277545367,0.148584259875601,"Pomacentridae",36.0257329449968,1.73298678697854,6.28791804893875,0.450725807281719,0.773385924552665,0.133336980327496,8
"965","Amphiprion_latezonatus",37.0055935487019,0.598017758603191,10.0951215550493,0.1720994848348,4.23303513231938,0.158761216731521,"Pomacentridae",34.4132254410822,1.47567772602917,5.74951056335438,0.380014523053667,0.724038693781791,0.111151714277264,8
"966","Parma_polylepis",37.0688009270364,0.634917827614671,10.146694416411,0.181625232467899,4.19799905584392,0.168840278643199,"Pomacentridae",34.8516396797022,1.45627368712075,6.00587349386124,0.374477237462876,0.777990438879042,0.109022621789152,8
"967","Abudefduf_septemfasciatus",37.0162616545118,0.657819633910526,10.1493483085038,0.188226146062923,4.20737326436314,0.17469073673678,"Pomacentridae",34.3644938498951,2.09008808955406,6.27556410080716,0.428325004445108,0.890089711150112,0.122886334832019,8
"968","Abudefduf_sordidus",36.9489520803918,0.664613958711358,10.1381053719133,0.189857514936187,4.22893086622716,0.176280300656257,"Pomacentridae",30.8995391028111,2.77149153257075,5.30586215255889,0.460345142930465,0.824774073802599,0.125726247322956,5
"969","Abudefduf_notatus",36.7462512811627,0.651136628578,10.0782898329399,0.186340710312612,4.30138928825714,0.172303459595232,"Pomacentridae",32.9141590630927,2.50726264672851,5.69550455398534,0.468917409952709,0.801537351212439,0.131843742737645,8
"970","Abudefduf_bengalensis",36.4705325537687,0.599408014930121,9.9592582709594,0.170686861278561,4.42562575725186,0.158999673415464,"Pomacentridae",38.9010714773412,2.17205197645269,7.35043124506828,0.568093147169248,0.903407209405015,0.16993422521005,8
"971","Abudefduf_sparoides",36.1079950460189,0.557677731206195,9.81894663137705,0.158552669242582,4.57595534890102,0.147983098871779,"Pomacentridae",38.6368361954016,2.06665852604308,7.2360192473313,0.54085137038655,0.894174677483408,0.161920293824217,8
"972","Abudefduf_whitleyi",35.7450846256546,0.530821938028199,9.72366609711174,0.150943802888226,4.70240222936981,0.139762147596632,"Pomacentridae",39.2539878311004,2.22796923108131,7.41373874387111,0.586260317628039,0.897471639004107,0.17579441065827,8
"973","Abudefduf_vaigiensis",35.3523068635364,0.479868118832584,9.60049252829862,0.136779824480953,4.84766465668845,0.125253215249426,"Pomacentridae",38.8636942392631,2.01138761784182,7.3324710161028,0.529224698529703,0.91334795103683,0.158267945836276,8
"974","Abudefduf_troschelii",34.9431586966783,0.425392648205357,9.42156656853709,0.121210254851518,5.02373756022468,0.111413374028071,"Pomacentridae",38.6640919722451,1.86795141768247,7.2497354847798,0.49096339398077,0.914450957189602,0.147020647761364,8
"975","Abudefduf_saxatilis",34.3703315739309,0.388361943462794,9.24142265708951,0.111864525196267,5.23668937166486,0.100841026128608,"Pomacentridae",38.0194598924275,1.39807591061026,6.96561393264182,0.362552863301189,0.926885256807045,0.109148931075898,8
"976","Abudefduf_abdominalis",34.2423390627123,0.357557609639031,9.21827620298792,0.104682871782799,5.2733686137379,0.0941084470619441,"Pomacentridae",38.6918828396671,1.82951030850808,7.43722195103047,0.480095894179746,0.961187153934949,0.142281621659112,8
"977","Abudefduf_sexfasciatus",34.0432940577063,0.325975643244705,9.16906870335714,0.0962769224071539,5.32191493053092,0.0862117614795844,"Pomacentridae",38.9969513186247,2.02674601827097,7.34913335716958,0.53456999164486,0.909286732942355,0.160073644634965,8
"978","Dascyllus_aruanus",33.9181377196803,0.323118619124873,9.14217538034279,0.0968711573673389,5.34347294566267,0.0864934477703617,"Pomacentridae",39.5634369110165,2.29522456029024,7.48681372051617,0.607012061266908,0.896025004384233,0.182066179276193,8
"979","Dascyllus_strasburgi",33.9999002362887,0.345899345272171,9.149932183628,0.104890737013137,5.30560960968597,0.0945237398372105,"Pomacentridae",40.0984204058405,2.39679185971426,7.64426367026713,0.635040053748488,0.904286082784671,0.190604398631782,8
"980","Dascyllus_carneus",34.1583902146978,0.384346067037285,9.20460593661047,0.1173358700818,5.23697206501232,0.106451627454212,"Pomacentridae",40.1963963832857,2.41935367405575,7.66820246592804,0.641166290558448,0.903587703409645,0.192478637921114,8
"981","Dascyllus_flavicaudus",34.5535440588369,0.421691137914015,9.3378658137722,0.125768543699127,5.04437634919574,0.115687701615797,"Pomacentridae",40.1572996663901,2.39484761808661,7.67111452932189,0.634763934952068,0.909265724510793,0.19042955755983,8
"982","Dascyllus_reticulatus",34.9933752243377,0.491396786102414,9.47628508598045,0.144176746791469,4.85255321917535,0.133180657495247,"Pomacentridae",40.1663557500881,2.40854732118124,7.66373531282302,0.638300398145758,0.905162881614471,0.191584651665763,8
"983","Dascyllus_albisella",35.2731473601163,0.561504233322075,9.51208937913439,0.16644042768447,4.77562562838899,0.1519269421297,"Pomacentridae",39.7891935834288,2.32046020111177,7.5681062568003,0.614483974600062,0.905182219287711,0.184212952215183,8
"984","Dascyllus_trimaculatus",35.6269748721388,0.593642728471606,9.65077229632801,0.174073073651323,4.60336769374124,0.160033548220334,"Pomacentridae",39.7322913257535,2.30357847539171,7.55778136423016,0.610014172977657,0.906637302705718,0.182783521485393,8
"985","Pomacentrus_simsiang",35.9883401692905,0.617725305828482,9.75116270340335,0.180239187759131,4.46190791432334,0.16550314096948,"Pomacentridae",35.3947728842545,1.624005319522,6.04209688545363,0.421516221057458,0.74279758871033,0.124435411718304,8
"986","Stegastes_acapulcoensis",36.2353350635976,0.646938612366673,9.80244472285039,0.188658812156171,4.36951105241167,0.173193638613908,"Pomacentridae",34.7493988512378,1.47273092101203,5.9055398987983,0.38023721328026,0.753636874401625,0.111186899097835,8
"987","Chromis_amboinensis",36.3257367036607,0.634235152067281,9.83323811126707,0.184707653662191,4.33171880354861,0.169755184921879,"Pomacentridae",39.5445072737089,2.30228046737845,7.4718052040896,0.609067290123757,0.89085163612197,0.182592538738617,8
"988","Chromis_atripes",36.3364650674276,0.585159061179812,9.86450719445147,0.169941924318304,4.31134372242765,0.156471566824375,"Pomacentridae",39.5396634280317,2.3015895267128,7.46246498144887,0.609106159809313,0.887905317070552,0.182601435360138,8
"989","Chromis_dimidiata",36.4541596840904,0.573724854445218,9.81530077592905,0.169123760977093,4.33346620915657,0.152912673675386,"Pomacentridae",39.4991062182467,2.29260678528478,7.46270463609991,0.606020990514628,0.892504535056509,0.181784785605661,8
"990","Chromis_margaritifer",36.3386333641321,0.510269953803504,9.79230754110363,0.151523917983143,4.38593722348272,0.135964716896134,"Pomacentridae",39.5167851977298,2.29512658247058,7.46798528539221,0.60674590997958,0.892879504832544,0.182008515089126,8
"991","Chromis_agilis",36.2132357889968,0.444657322108431,9.78007494356611,0.131951891938665,4.42490587033525,0.118874583780809,"Pomacentridae",39.645276216661,2.32795816170595,7.49473725069373,0.616008226217706,0.889485076809102,0.184765850595851,8
"992","Chromis_pelloura",36.1349409119352,0.426388911150478,9.77609771088572,0.126874868981971,4.44943085710003,0.114256632017233,"Pomacentridae",35.0248810119592,1.54507475038436,5.96807566007941,0.399325939255837,0.749676259670171,0.117242497259441,8
"993","Chromis_iomelas",36.0299758026166,0.410444848825135,9.77665130564535,0.121927023218227,4.47773205782453,0.110718001933744,"Pomacentridae",39.5943609554957,2.31608584502045,7.47835897059544,0.612892695728908,0.888362273912885,0.183792516353006,8
"994","Chromis_cyanea",35.9546832161857,0.403884180780084,9.73638359198821,0.119892998516893,4.52923473319775,0.109042835957517,"Pomacentridae",39.3012539430735,2.21124274736204,7.44226114499876,0.58436170449363,0.904703614305013,0.174950559552814,8
"995","Pomacentrus_tripunctatus",35.8322700345304,0.427575969540595,9.72581612622654,0.125830497620227,4.57295419472986,0.116081616589357,"Pomacentridae",28.5750503235544,1.35377792108384,3.63656117128137,0.328151181422724,0.482533951647545,0.098380646518766,2
"996","Chromis_multilineata",35.8251172348371,0.441767408795209,9.72916488283452,0.129711335183059,4.57222220531764,0.11988639988236,"Pomacentridae",39.0622490376722,2.13920353817782,7.41091132417911,0.564648586270556,0.913576010765511,0.168523627473903,8
"997","Chromis_atrilobata",35.8445920744826,0.436093700812593,9.70158390504355,0.127913666582958,4.58305892167026,0.117798266117955,"Pomacentridae",39.7291616891543,2.32232598833912,7.54505194527808,0.614734146954555,0.900882415630529,0.184233935573653,8
"998","Pomacentrus_nigromarginatus",35.8713588565736,0.444898938418882,9.67061440832135,0.130470131611031,4.59753368533728,0.119597247913138,"Pomacentridae",35.8885506399259,1.73985639162816,6.23397578400512,0.45088822263136,0.763932389574465,0.133406139021354,8
"999","Chromis_viridis",35.9276758964301,0.46464934707349,9.6490711237403,0.136485155252352,4.59923295942577,0.124401436017726,"Pomacentridae",39.8761107608838,2.36891839461982,7.58314826736613,0.626823926264718,0.90051509207791,0.188078759185828,8
"1000","Chromis_atripectoralis",35.9457952982675,0.486573945780235,9.65478416366207,0.142862365466503,4.59131781684671,0.130195787303481,"Pomacentridae",39.3364629700187,2.24189744192936,7.42867365666746,0.592439113828246,0.89610319690721,0.177530472177645,8
"1001","Chromis_lepidolepis",36.0064513971682,0.492875936668839,9.62323315776055,0.145659858323695,4.59960636501585,0.13151164532967,"Pomacentridae",39.7861181053364,2.3587008551679,7.54923306208186,0.623983812427569,0.895874465297904,0.187210906307698,8
"1002","Chromis_ternatensis",36.0995044040952,0.536563338320153,9.58652314190624,0.159928212506638,4.60142734675952,0.143077499598304,"Pomacentridae",39.2553140392044,2.25156032230606,7.39946023296294,0.594080106188951,0.891137582364865,0.17810171869795,8
"1003","Chromis_flavomaculata",36.193052961901,0.580069107892388,9.54520841233686,0.174604294738429,4.60189155386962,0.154988370148341,"Pomacentridae",39.5855732619134,2.27380463235222,7.52103977492049,0.601859051271634,0.905260448367239,0.180092944533993,8
"1004","Parma_alboscapularis",36.2482658591853,0.621926616470253,9.53874408359771,0.187618326239923,4.5938240872606,0.166379945675743,"Pomacentridae",34.057003357873,1.33192521345734,5.74261357482431,0.339249377677696,0.75539280938257,0.0981711534695927,8
"1005","Chromis_notata",36.3093615906624,0.657256483000733,9.50782469020571,0.199460187108591,4.59546028794089,0.176280823866436,"Pomacentridae",39.5094099039046,2.25482027050599,7.50829705181565,0.596583987394869,0.907065884058876,0.178404427789157,8
"1006","Chromis_chrysura",36.3968367988476,0.713829347081327,9.48748353144914,0.217451091239235,4.58668007264828,0.191924569954925,"Pomacentridae",39.5001254597055,2.27198182666434,7.4692879678917,0.601533696501719,0.893907388313468,0.18005611319889,8
"1007","Stegastes_emeryi",36.4650024129384,0.758899697220976,9.47309224601037,0.23175556025936,4.58091161088066,0.204412652238867,"Pomacentridae",35.2199219677309,1.58557257550327,5.99219495059005,0.412167443930283,0.741210594485793,0.121402334456612,8
"1008","Chromis_fumea",36.5226437510093,0.806600079241184,9.45905527509404,0.246650244369988,4.5726563362823,0.217545656866857,"Pomacentridae",39.5615316261161,2.31139474538505,7.47154248757272,0.611581291149732,0.887851853243274,0.18331599747094,8
"1009","Chromis_nitida",36.5750903071301,0.851851913326028,9.4455777257503,0.260821908254663,4.56781599363411,0.230033337010229,"Pomacentridae",39.5505552154367,2.31775373286487,7.45688993164152,0.613311068306375,0.882802250754128,0.183868920290797,8
"1010","Chromis_alpha",36.5605228116263,0.84107716440288,9.44838860101623,0.257458495183572,4.56820060367991,0.227064070074503,"Pomacentridae",39.6381524177199,2.34152242024072,7.50443520183744,0.618753588229908,0.892046937224511,0.185625404553405,8
"1011","Stegastes_aureus",36.5765265134094,0.848798405088199,9.44745068173004,0.259908811256937,4.56672972531221,0.229233474779961,"Pomacentridae",35.5904073382313,1.64467667617988,6.13316735398905,0.427912158971553,0.758175776136527,0.126253034162844,8
"1012","Chromis_alta",36.5753376898155,0.837707683895932,9.45346455163154,0.256533146478781,4.56381504660319,0.226271044509678,"Pomacentridae",39.1468748019337,2.23816190351357,7.3718486422337,0.590267320050211,0.888331056952033,0.176701429410254,8
"1013","Chromis_insolata",36.5787728332304,0.824005738326069,9.46263667086814,0.252379508459559,4.56084932421255,0.222626791509762,"Pomacentridae",39.0681416077542,2.19833323474993,7.37730040354705,0.579514072554639,0.897699859963871,0.173213140820378,8
"1014","Chromis_opercularis",36.5540872889338,0.785720057369121,9.47591727936908,0.240514631310471,4.56217775702101,0.212167401969714,"Pomacentridae",39.2706375065444,2.20926276204865,7.43741313694289,0.584074691281004,0.902959773217435,0.174531324124703,8
"1015","Pomacentrus_opisthostigma",36.5379036669899,0.740809565005611,9.4968042190999,0.226707425027314,4.55888485710878,0.200019096420855,"Pomacentridae",36.139895853065,1.75516711921151,6.30142680477649,0.457731548880133,0.767684802823257,0.135597177139282,8
"1016","Chromis_xanthura",36.5276038780126,0.671097873765991,9.52621920361121,0.205364171203321,4.55163884266693,0.181258629878028,"Pomacentridae",39.3273138408288,2.21944635437576,7.4581348065796,0.586767535825916,0.905389237998766,0.175367859246102,8
"1017","Chrysiptera_galba",36.5130066596516,0.625713979442221,9.54501225458833,0.191445263381034,4.54993901742526,0.169019340632322,"Pomacentridae",36.0544939872647,1.73458791647247,6.27308118675379,0.452151081738954,0.765859290628917,0.13389314219099,8
"1018","Stegastes_punctatus",36.5049964380614,0.542796995964669,9.58450218489095,0.166097064061452,4.535678622165,0.14676041530525,"Pomacentridae",35.4003264267799,1.59232565482747,6.07887343484961,0.412968991924956,0.757529612432901,0.121681005725147,8
"1019","Chromis_pamae",36.5049606447676,0.491394980974733,9.61093137844702,0.150373074004366,4.5281521712023,0.132952994161178,"Pomacentridae",35.7492566837297,1.69813195554263,6.19614919697027,0.440409573796516,0.764314313172704,0.130092170543355,8
"1020","Chromis_analis",36.4946482642602,0.431389322012685,9.63950543396259,0.132033640307284,4.51630738546869,0.116858663200038,"Pomacentridae",39.3029702769125,2.21340030018706,7.45556410629173,0.584985469296127,0.907013166802347,0.174832977826105,8
"1021","Chromis_caudalis",36.4921512003051,0.378385690429837,9.67085804653836,0.115860310857441,4.50406102796985,0.10267904689908,"Pomacentridae",39.6758923353802,2.34821369611605,7.51485509703824,0.620596421229675,0.892729807244215,0.186220153647304,8
"1022","Chromis_xanthochira",36.4849367320991,0.339855332958354,9.6980644336709,0.104131505573468,4.49937030522918,0.0924056225432987,"Pomacentridae",39.4496698629494,2.26879878876336,7.47942613789354,0.599457272097764,0.902319361005922,0.179518761194238,8
"1023","Chromis_pembae",36.4809997797877,0.318320794342185,9.71682924611377,0.0975870389404199,4.49146478895879,0.0866880424525538,"Pomacentridae",35.2867557952165,1.58768647200126,6.05877893784374,0.41019004195951,0.759711358807036,0.120728344696559,8
"1024","Chromis_weberi",36.478680186308,0.291942236897085,9.7472828270061,0.0895946753974236,4.48183474134248,0.0796769100823782,"Pomacentridae",39.216380081385,2.21588954348953,7.40670977770594,0.585060553074042,0.899164540091485,0.175205011762137,8
"1025","Dischistodus_melanotus",36.4756231129313,0.28969346007034,9.75137256679833,0.0889151721735904,4.48122243305264,0.0790829392460958,"Pomacentridae",38.2557609320786,1.98274449900966,7.11153983264561,0.524153604666202,0.88162370034535,0.155888274212256,8
"1026","Dischistodus_pseudochrysopoecilus",36.4750599237171,0.288422380340915,9.75389324246538,0.0885325238655159,4.48027864245541,0.0787480549763777,"Pomacentridae",37.8822633690236,1.88539702591276,7.02481860183952,0.497882257958233,0.88432610541691,0.147533162237789,8
"1027","Dischistodus_chrysopoecilus",36.4749836023078,0.286589927342524,9.75777935898033,0.0879826724518579,4.47889470488814,0.0782593377069115,"Pomacentridae",38.4529402404706,2.03219371492682,7.16109025759746,0.537449301070532,0.881412758041062,0.160095327503042,8
"1028","Dischistodus_prosopotaenia",36.4744114540908,0.28563588709521,9.76112506796348,0.0876976327614294,4.47701804435806,0.0780072010190124,"Pomacentridae",37.7935554060885,1.86162965047995,7.00573178480283,0.491442178143504,0.88543872310874,0.145476256947592,8
"1029","Dischistodus_perspicillatus",36.4744114540908,0.28563588709521,9.76112506796348,0.0876976327614294,4.47701804435806,0.0780072010190124,"Pomacentridae",37.8822633690236,1.88539702591276,7.02481860183952,0.497882257958233,0.88432610541691,0.147533162237789,8
"1030","Chrysiptera_biocellata",36.4756056040149,0.285869188320676,9.76178931436526,0.0877671200633145,4.47637131221931,0.0780735366957198,"Pomacentridae",28.3134663525756,1.39397885949514,3.54007274948188,0.338463863869324,0.472457678074555,0.10186475857405,2
"1031","Chromis_ovalis",36.4772976328178,0.286182458928442,9.76252544119916,0.0878604122785886,4.4758858977649,0.0781625790430489,"Pomacentridae",34.4890950233657,1.46557030548831,5.7846545467481,0.377531926336411,0.732277701750251,0.110455630091637,8
"1032","Chrysiptera_brownriggii",36.4777306379112,0.286261168989952,9.76273069647088,0.0878838498176286,4.47576454415217,0.078184945598707,"Pomacentridae",28.4244286408061,1.38424734112234,3.57333895460249,0.33613402367535,0.473211514228189,0.100985518917095,2
"1033","Chrysiptera_glauca",36.479086484917,0.28697659573166,9.764474823003,0.0880968407105532,4.47460872144596,0.07838814440253,"Pomacentridae",28.4745477322026,1.37678107223061,3.5944533003792,0.33438879469337,0.477956134620515,0.100491705075613,2
"1034","Chrysiptera_rex",36.4804815808413,0.28737950487219,9.76540231759159,0.0882167593565507,4.47371072755596,0.0785025038648798,"Pomacentridae",39.2425603964628,2.21348506184524,7.36538324038488,0.585461781504575,0.884364889615071,0.175599477714657,8
"1035","Chrysiptera_cyanea",36.4824011998916,0.287950079073698,9.76679407216606,0.0883865430407757,4.47286071049636,0.0786643618260224,"Pomacentridae",39.1357474537637,2.17041839815299,7.34114332331858,0.574360139448454,0.888732945860425,0.172182682787152,8
"1036","Chrysiptera_taupou",36.4849547152037,0.288611399061373,9.76819309720157,0.0885832774999629,4.47153989756213,0.0788518343659175,"Pomacentridae",39.4335013976806,2.26109018025217,7.43360228675137,0.598324908598764,0.890511878725427,0.179416294321448,8
"1037","Abudefduf_natalensis",36.4880552016092,0.289706885776174,9.77072728908728,0.0889090566859101,4.46916171002779,0.079162099460545,"Pomacentridae",35.2765259708918,1.55261230912839,6.08009060764484,0.40355721668863,0.768502035633737,0.118314450809772,8
"1038","Chrysiptera_hemicyanea",36.4898415865934,0.290307364475866,9.77196996274663,0.0890875725436525,4.46798718215679,0.0793320241921077,"Pomacentridae",39.5533241316279,2.29592609334553,7.46051204071735,0.607927896240927,0.887106106939542,0.182264065373667,8
"1039","Chrysiptera_rollandi",36.4912997593819,0.29100263778228,9.77337248573756,0.0892942234565851,4.46696244993204,0.0795286534803268,"Pomacentridae",39.2598841527193,2.24686056357732,7.36690373688204,0.594394486043158,0.879098487428775,0.178088824650471,8
"1040","Stegastes_sanctipauli",36.4959970852637,0.29251170606661,9.77692523132198,0.089742594861428,4.46433681269283,0.0799550105410191,"Pomacentridae",35.990330564727,1.70972194212553,6.26375784356085,0.444766022160787,0.770475268804465,0.131674742944981,8
"1041","Hemiglyphidodon_plagiometopon",36.4977789850821,0.293327850880751,9.77882630583591,0.0899850037009495,4.4631522218537,0.080185369995063,"Pomacentridae",38.9390824685552,2.09129504103912,7.35698122674013,0.553625550906523,0.908885340555688,0.164914677556811,8
"1042","Amblyglyphidodon_ternatensis",36.4997798595664,0.293786368768606,9.77998891107894,0.0901211678077285,4.46257363265125,0.0803147221542042,"Pomacentridae",39.8697084939121,2.33950844504159,7.57529613595854,0.619982468033507,0.901636689572641,0.185902654101274,8
"1043","Amblyglyphidodon_melanopterus",36.5005067032803,0.293970791662184,9.78042678659572,0.0901759305176016,4.46227839468462,0.0803667365421765,"Pomacentridae",39.63759128864,2.29287221224531,7.50501959856586,0.607311585921971,0.897760212375774,0.182049724886174,8
"1044","Amblyglyphidodon_batunai",36.5010846370826,0.294155793344936,9.78081441408402,0.0902308625178819,4.46198315671457,0.0804189067761488,"Pomacentridae",39.748112441584,2.31575204709179,7.53869835961221,0.613514975729315,0.899693189753717,0.183939809188957,8
"1045","Amblyglyphidodon_aureus",36.5012143066698,0.294208065274416,9.78090935298649,0.0902463830046278,4.46189990441099,0.0804336460604843,"Pomacentridae",39.4300268863056,2.23045364701603,7.45912115382301,0.590775698008346,0.901642274000618,0.176841483496625,8
"1046","Amblyglyphidodon_orbicularis",36.5014736458473,0.294312746839633,9.78109923078914,0.0902774642592543,4.46173339980492,0.0804631617051716,"Pomacentridae",39.6186032457629,2.29999887227658,7.49172549687249,0.608985743289049,0.893867266701267,0.182627790647613,8
"1047","Amblyglyphidodon_leucogaster",36.501862654603,0.294470113090619,9.78144088128793,0.0903241867414414,4.46142096415293,0.0805075277616112,"Pomacentridae",39.2175399036529,2.18521110487434,7.39511595767911,0.578490408824641,0.898594762682654,0.173098451336836,8
"1048","Amblyglyphidodon_curacao",36.5025667737329,0.294763691885989,9.78221583561657,0.0904113463397463,4.46098888371795,0.080590282126642,"Pomacentridae",39.0172070766015,2.1551959321869,7.31784903377559,0.569981143287081,0.889127623503316,0.170665791153768,8
"1049","Amblyglyphidodon_indicus",36.5061620812703,0.296452524061653,9.78587757069295,0.0909126239817219,4.45894000625641,0.0810659932570258,"Pomacentridae",39.4420049307618,2.26400995346962,7.43625479172755,0.599156968037407,0.890289219669065,0.179648485979807,8
"1050","Chromis_lubbocki",36.5077986293709,0.297391088119938,9.78768528659817,0.091191130091478,4.45734640482138,0.0813301307607008,"Pomacentridae",35.6187828739026,1.6214110673287,6.14897534074509,0.422055728949092,0.763997380378683,0.124504418945719,8
"1051","Pomacentrus_wardi",36.5128313059659,0.299853916467161,9.79321731636551,0.0919217101492068,4.45417161957468,0.082022493779225,"Pomacentridae",36.5351811733286,1.77404310395417,6.43196364264459,0.465039722143696,0.783703627117583,0.138034531556753,8
"1052","Acanthochromis_polyacanthus",36.5181272851432,0.302706503355053,9.79898743339241,0.0927675533546691,4.4509788224174,0.0828232017677446,"Pomacentridae",39.4704383172003,2.23642196932706,7.47462758851188,0.592531752148087,0.902413124288399,0.177247468297311,8
"1053","Neoglyphidodon_polyacanthus",36.5152356862297,0.300698717037144,9.79484279800967,0.0921722451542174,4.45305690247251,0.0822597559740576,"Pomacentridae",39.8210541375086,2.3192632256278,7.57069066903475,0.614644099355886,0.905087134995717,0.184201286571862,8
"1054","Neoglyphidodon_melas",36.5221699470403,0.304180345893078,9.80213444185825,0.0932044484954103,4.44882529905575,0.0832364346927365,"Pomacentridae",38.7689845856241,2.04392801780747,7.31174249604836,0.54040412195981,0.911664121044263,0.161155362983839,8
"1055","Neoglyphidodon_nigroris",36.5239431925911,0.304988154705799,9.8043303877402,0.0934438776533646,4.44758231721379,0.0834628003086819,"Pomacentridae",39.7056035473909,2.28984852908349,7.54288940825135,0.606734810675786,0.906090191872424,0.181747768290099,8
"1056","Neoglyphidodon_carlsoni",36.5237275178488,0.304816233062826,9.80385841508611,0.093392923008383,4.44782166923221,0.0834146314003616,"Pomacentridae",39.8691759782738,2.34093319371364,7.57554326133601,0.620297528185208,0.901761781451168,0.186019899117982,8
"1057","Neoglyphidodon_thoracotaeniatus",36.524773918796,0.305652774942575,9.80565737924631,0.0936408510156399,4.44681345967389,0.0836489768986673,"Pomacentridae",39.6726257311085,2.27942092777002,7.53657012333078,0.603963959140167,0.906989392811199,0.18087051298089,8
"1058","Chromis_scotochiloptera",36.5261208283929,0.306237081447812,9.80689951503985,0.0938140107397997,4.44586548971199,0.0838126087807003,"Pomacentridae",34.7993356475746,1.47052976859507,5.87987302061435,0.382501700656862,0.741768860662786,0.111974359405986,8
"1059","Neopomacentrus_bankieri",36.5280159938936,0.306805217762821,9.8077385624939,0.0939823689317956,4.44497733470683,0.0839716711980541,"Pomacentridae",39.3780205252207,2.26219070663507,7.42422907377777,0.598418868856014,0.891608381851705,0.179348281193929,8
"1060","Neopomacentrus_filamentosus",36.5292254487978,0.307415332739379,9.80903984402243,0.0941631568854285,4.44431476896176,0.0841424423237581,"Pomacentridae",37.6896751112196,1.90446672082873,7.00478929318039,0.496742844801809,0.90918259963636,0.14819425559567,8
"1061","Neopomacentrus_cyanomos",36.5292765642114,0.307430965097573,9.8090714087441,0.0941677889008293,4.44430147811857,0.08414681722719,"Pomacentridae",37.9277945427269,1.97077951095121,7.05543591581869,0.514966810970897,0.902118931007765,0.153840642839386,8
"1062","Neopomacentrus_nemurus",36.5262925167424,0.306291949432795,9.80698399120771,0.0938302703986512,4.44577657326759,0.0838279720488012,"Pomacentridae",34.5926686855313,1.5919610602809,6.23577030327179,0.354698900761905,0.95461679737199,0.104727578444302,8
"1063","Neopomacentrus_azysron",36.5262925167424,0.306291949432795,9.80698399120771,0.0938302703986513,4.44577657326759,0.0838279720488012,"Pomacentridae",37.1102581816783,1.90939937937789,6.83034111207042,0.486222356882262,0.89806517480352,0.145191651289798,8
"1064","Premnas_biaculeatus",36.5241313684601,0.305360507102771,9.80514378965895,0.0935542333449847,4.44722906650464,0.0835671125000612,"Pomacentridae",38.8651668249441,2.09973807529357,7.3023272761268,0.555975923894221,0.894859703453803,0.165742626173619,8
"1065","Chromis_randalli",36.5241313684601,0.305360507102771,9.80514378965895,0.0935542333449846,4.44722906650464,0.0835671125000611,"Pomacentridae",35.5751063583855,1.60683651925221,6.15053740025139,0.419456040082409,0.767624499956529,0.123399255102529,8
"1066","Amphiprion_ocellaris",36.5241313684601,0.305360507102771,9.80514378965895,0.0935542333449846,4.44722906650464,0.0835671125000611,"Pomacentridae",39.057284413291,2.17077425480339,7.31970435160597,0.574590732621957,0.8848103446549,0.171997915267386,8
"1067","Amphiprion_percula",36.5241313684601,0.305360507102771,9.80514378965895,0.0935542333449846,4.44722906650464,0.0835671125000611,"Pomacentridae",39.1769654444554,2.20151208271489,7.35459432052615,0.582885663650372,0.885432619660203,0.174483647102618,8
"1068","Amphiprion_melanopus",36.5241313684601,0.305360507102771,9.80514378965895,0.0935542333449846,4.44722906650464,0.0835671125000611,"Pomacentridae",39.1871312079215,2.20208393153695,7.3489683594113,0.583486500583692,0.88124058531667,0.174507235504504,8
"1069","Amphiprion_rubrocinctus",36.5241313684601,0.305360507102771,9.80514378965895,0.0935542333449846,4.44722906650464,0.0835671125000611,"Pomacentridae",39.1871312079215,2.20208393153695,7.3489683594113,0.583486500583692,0.88124058531667,0.174507235504504,8
"1070","Amphiprion_ephippium",36.5241313684601,0.305360507102771,9.80514378965895,0.0935542333449846,4.44722906650464,0.0835671125000611,"Pomacentridae",38.9148038837438,2.13694782947627,7.27346587586707,0.566142035336555,0.879012147889436,0.169050526967615,8
"1071","Amphiprion_frenatus",36.5255683686026,0.306060747177604,9.80658481425479,0.0937617549924237,4.44610158805497,0.0837632318765904,"Pomacentridae",38.6661845744493,2.08400118777576,7.2028153127692,0.551732611423519,0.876732660422725,0.164659772040028,8
"1072","Amphiprion_chrysopterus",36.5288142186643,0.30718319400958,9.8085705058102,0.0940943712227478,4.44451522921985,0.0840774720423666,"Pomacentridae",38.1560013980423,1.97471904276314,7.04759011476086,0.522688365724345,0.865697050392563,0.155368688731934,8
"1073","Amphiprion_sandaracinos",36.5330851502859,0.309139715345646,9.81221534895198,0.0946740705135076,4.44251762199506,0.0846248580137213,"Pomacentridae",38.5993075161148,2.08182912919899,7.16127625722237,0.551425894257132,0.866468946011813,0.164459164049259,8
"1074","Amphiprion_perideraion",36.5387965615032,0.31179350263971,9.81737632534458,0.0954602243311628,4.43802529454042,0.0853666343611119,"Pomacentridae",39.1073633580449,2.19917856044639,7.30597686082306,0.582714994871113,0.87194099829216,0.174289772572387,8
"1075","Amphiprion_mccullochi",36.5490041963682,0.317086123397679,9.82697055047957,0.0970277350176013,4.43216440868635,0.0868438854819334,"Pomacentridae",39.0221759206689,2.17245854360459,7.29020559238772,0.575602836771368,0.874677837622105,0.172050886503171,8
"1076","Amphiprion_akindynos",36.5652034968361,0.325632917767816,9.84101705272064,0.0995583914056189,4.42185076350011,0.0892243537158042,"Pomacentridae",39.3294330533639,2.24403796189015,7.37777084764344,0.594662783547971,0.877717216752016,0.178022270561536,8
"1077","Amphiprion_clarkii",36.6011090081277,0.343417261401302,9.86980766013691,0.10482357845302,4.40418313768607,0.0941623094031773,"Pomacentridae",38.5917301329776,2.05905376076695,7.18000418703489,0.545321157683073,0.876305176409072,0.162653012811561,8
"1078","Amphiprion_akallopisos",36.6235352948511,0.358392937897428,9.89156199373556,0.109257982275742,4.39009269422004,0.0983085063982599,"Pomacentridae",31.5851448751858,1.25880218516296,4.69029942556227,0.316087199819021,0.596722272131247,0.09223290743724,2
"1079","Amphiprion_allardi",36.656835797465,0.378821674948174,9.9204979575379,0.115309454822031,4.37391211340595,0.103951823247097,"Pomacentridae",38.2048816576245,1.99831041339479,7.04395211094462,0.528954457537349,0.860478712726953,0.157481311208507,8
"1080","Amphiprion_bicinctus",36.6990529129741,0.408576518299969,9.95763472547264,0.124129567746789,4.34706398267606,0.112152742247596,"Pomacentridae",38.0400609363426,1.98377464553339,6.97037805523178,0.525008630514862,0.847287328832944,0.15624633078958,8
"1081","Stegastes_beebei",36.6833798061569,0.398819030543929,9.94583314988259,0.121236374023491,4.35629219325619,0.109465425296753,"Pomacentridae",35.3213316357963,1.5552665681198,6.03962454246791,0.406665409146935,0.751869803177144,0.119499359327936,8
"1082","Stegastes_pictus",36.680660106137,0.396353938693424,9.94260005273827,0.120505576347583,4.35847976730552,0.108786226657945,"Pomacentridae",35.832170014195,1.71882544314246,6.21047904699671,0.445177862175125,0.762034599144762,0.131729531992911,8
"1083","Pomacentrus_pavo",36.6715841420901,0.390666664143916,9.9346690801312,0.118819730219653,4.36316665969343,0.107218755479915,"Pomacentridae",39.0271303548865,2.17852179570456,7.29696882255305,0.57654045773717,0.878317535538021,0.172617459069524,8
"1084","Chromis_cinerascens",36.6450314682364,0.372812819708075,9.91221963652369,0.11352916135481,4.37863290601305,0.102293192353513,"Pomacentridae",34.9390509447519,1.55159270957273,5.91926554936792,0.401514550239099,0.738249874312625,0.117910218394534,8
"1085","Pomacentrus_coelestis",36.6269498732431,0.361213504114521,9.89496649359022,0.110093319263183,4.38766857194872,0.0990884512117979,"Pomacentridae",39.425846501841,2.2607843548333,7.41819201981557,0.598976430583403,0.884293922961495,0.179405345001448,8
"1086","Pomacentrus_caeruleus",36.6185563677478,0.355101371863384,9.88646176077167,0.108283219600124,4.39290987621931,0.0973979611465348,"Pomacentridae",38.9597691971559,2.159186177218,7.28217459393109,0.57137273514932,0.879691987036146,0.171011680793128,8
"1087","Pomacentrus_trichrourus",36.615990942017,0.351270492600618,9.8809145767411,0.107148827081473,4.39651022128015,0.0963377093933607,"Pomacentridae",36.2038680212333,1.70935923072443,6.30367168546244,0.450215326253841,0.767962551283437,0.132978774578851,8
"1088","Chrysiptera_flavipinnis",36.6141864221904,0.35002098584737,9.87913305463874,0.106778843213331,4.39792638823976,0.095991763864015,"Pomacentridae",35.4215723501507,1.64308580440602,6.05448678949933,0.427045449467408,0.742718725543605,0.125988251022882,8
"1089","Pomacentrus_sulfureus",36.6141864221904,0.35002098584737,9.87913305463874,0.106778843213331,4.39792638823976,0.095991763864015,"Pomacentridae",38.4422576254439,2.06493892708484,7.11670353152553,0.545774828632189,0.86558654295017,0.163007674536448,8
"1090","Pomacentrus_adelus",36.6141864221904,0.35002098584737,9.87913305463874,0.106778843213331,4.39792638823976,0.095991763864015,"Pomacentridae",29.8666616598752,1.28391388592226,4.08102358490499,0.315000706500481,0.5282659580384,0.093135957114211,2
"1091","Pomacentrus_amboinensis",36.6141864221904,0.35002098584737,9.87913305463874,0.106778843213331,4.39792638823976,0.095991763864015,"Pomacentridae",38.9462967478884,2.16649184706374,7.25851455977906,0.573671375250984,0.870022071605742,0.171630908925709,8
"1092","Pomacentrus_moluccensis",36.6141864221904,0.35002098584737,9.87913305463874,0.106778843213331,4.39792638823976,0.095991763864015,"Pomacentridae",38.9675996754072,2.17120750763315,7.26550070427908,0.574918853072362,0.870501747391767,0.172018618105858,8
"1093","Pomacentrus_burroughi",36.6141864221904,0.35002098584737,9.87913305463874,0.106778843213331,4.39792638823976,0.095991763864015,"Pomacentridae",37.3762160488262,1.90565053066954,6.69631265708544,0.503809155561659,0.804693326686137,0.14968172187222,8
"1094","Pomacentrus_grammorhynchus",36.6141864221904,0.35002098584737,9.87913305463874,0.106778843213331,4.39792638823976,0.095991763864015,"Pomacentridae",37.2125883042635,1.8766649764648,6.6414969024712,0.495967790957766,0.799622978269394,0.147234349351623,8
"1095","Pomacentrus_imitator",36.6141864221904,0.35002098584737,9.87913305463874,0.106778843213331,4.39792638823976,0.095991763864015,"Pomacentridae",34.0271521426572,1.42910988462747,5.54107685350999,0.370885479446453,0.685769680189081,0.108392630977811,8
"1096","Pomacentrus_spilotoceps",36.6141864221904,0.35002098584737,9.87913305463874,0.106778843213331,4.39792638823976,0.095991763864015,"Pomacentridae",34.1646959727007,1.44721433310786,5.59086997014662,0.37591640994015,0.690945824019499,0.109960490254929,8
"1097","Stegastes_redemptus",36.6141864221904,0.35002098584737,9.87913305463874,0.106778843213331,4.39792638823976,0.095991763864015,"Pomacentridae",35.4805879786575,1.59561069597475,6.08552153233167,0.415967496829071,0.754179209542258,0.122650137455299,8
"1098","Pomacentrus_lepidogenys",36.6141864221904,0.35002098584737,9.87913305463874,0.106778843213331,4.39792638823976,0.095991763864015,"Pomacentridae",34.7365999588705,1.51987124183827,5.78291936042361,0.396786631861099,0.708992268162325,0.116416111719075,8
"1099","Pomacentrus_smithi",36.6141864221904,0.35002098584737,9.87913305463874,0.106778843213331,4.39792638823976,0.095991763864015,"Pomacentridae",35.6299520802436,1.64403317566991,6.08513298338376,0.431795696096463,0.73814522197656,0.127271179018102,8
"1100","Pomacentrus_brachialis",36.6141864221904,0.35002098584737,9.87913305463874,0.106778843213331,4.39792638823976,0.095991763864015,"Pomacentridae",35.1202183731466,1.57316908795435,5.91361975982471,0.411799254800813,0.721595080605114,0.121072865415137,8
"1101","Pomacentrus_nigromanus",36.6141864221904,0.35002098584737,9.87913305463874,0.106778843213331,4.39792638823976,0.095991763864015,"Pomacentridae",34.6789014137232,1.51574977281752,5.76630395866127,0.395334949197163,0.707589862395893,0.115975690294421,8
"1102","Pomacentrus_alexanderae",36.6141864221904,0.35002098584737,9.87913305463874,0.106778843213331,4.39792638823976,0.095991763864015,"Pomacentridae",34.6789014137232,1.51574977281752,5.76630395866127,0.395334949197163,0.707589862395893,0.115975690294421,8
"1103","Pomacentrus_australis",36.6141864221904,0.35002098584737,9.87913305463874,0.106778843213331,4.39792638823976,0.095991763864015,"Pomacentridae",32.8466587666505,1.33670926176423,5.12100921931547,0.341964883737674,0.637278785525512,0.0996734979873655,2
"1104","Pomacentrus_philippinus",36.6141864221904,0.35002098584737,9.87913305463874,0.106778843213331,4.39792638823976,0.095991763864015,"Pomacentridae",31.2270396032241,1.26176645828461,4.56404708709434,0.315032256765851,0.580663044010602,0.0920294240905057,2
"1105","Pomacentrus_vaiuli",36.6141864221904,0.35002098584737,9.87913305463874,0.106778843213331,4.39792638823976,0.095991763864015,"Pomacentridae",28.9159387929498,1.34579487398697,3.74550979101316,0.327755773437376,0.491851230751348,0.0979450380977285,2
"1106","Pomacentrus_bankanensis",36.6141864221904,0.35002098584737,9.87913305463874,0.106778843213331,4.39792638823976,0.095991763864015,"Pomacentridae",30.5914392216111,1.27100845965299,4.32946083285916,0.314808938356188,0.552855494369376,0.0924381134488021,2
"1107","Pomacentrus_reidi",36.6141864221904,0.35002098584737,9.87913305463874,0.106778843213331,4.39792638823976,0.095991763864015,"Pomacentridae",31.0828237170546,1.26737838454231,4.50142662628137,0.316061612295865,0.571277010815745,0.0924826314115963,2
"1108","Pomacentrus_milleri",36.6141864221904,0.35002098584737,9.87913305463874,0.106778843213331,4.39792638823976,0.095991763864015,"Pomacentridae",29.750122777182,1.29480921514473,4.03586315530918,0.317388852258133,0.521073473478874,0.0939253578010159,2
"1109","Pomacentrus_nagasakiensis",36.6141864221904,0.35002098584737,9.87913305463874,0.106778843213331,4.39792638823976,0.095991763864015,"Pomacentridae",29.1080868380932,1.33106484407823,3.81636013306526,0.324554172828932,0.499849906787614,0.0967266094248365,2
"1110","Pomacentrus_chrysurus",36.6141864221904,0.35002098584737,9.87913305463874,0.106778843213331,4.39792638823976,0.095991763864015,"Pomacentridae",28.8858623672311,1.34588006689655,3.73594089863006,0.327595133949121,0.490482368017005,0.097899863209873,2
